<?xml version="1.0" encoding="UTF-8"?>
<stops xmlns:utm="http://winnipegtransit.com/coordinates/utm" xmlns:ang="http://winnipegtransit.com/coordinates/angular" xmlns:xlink="http://www.w3.org/1999/xlink" xlink:base="" query-time="2024-07-11T14:43:04">
  <stop xlink:href="stops/10298">
    <key>10298</key>
    <name>Northbound McPhillips at Elgin</name>
    <number>10298</number>
    <direction abbr="NB">Northbound</direction>
    <side abbr="NS">Nearside</side>
    <street xlink:href="streets/2443">
      <key>2443</key>
      <name>McPhillips Street</name>
      <type abbr="St">Street</type>
    </street>
    <cross-street xlink:href="streets/1214">
      <key>1214</key>
      <name>Elgin Avenue</name>
      <type abbr="Ave">Avenue</type>
    </cross-street>
    <centre>
      <utm zone="14U">
        <x>631336</x>
        <y>5530219</y>
      </utm>
      <geographic>
        <latitude>49.90992</latitude>
        <longitude>-97.17078</longitude>
      </geographic>
    </centre>
  </stop>
  <stop xlink:href="stops/10300">
    <key>10300</key>
    <name>Northbound McPhillips at Pacific</name>
    <number>10300</number>
    <direction abbr="NB">Northbound</direction>
    <side abbr="NS">Nearside</side>
    <street xlink:href="streets/2443">
      <key>2443</key>
      <name>McPhillips Street</name>
      <type abbr="St">Street</type>
    </street>
    <cross-street xlink:href="streets/2734">
      <key>2734</key>
      <name>Pacific Avenue</name>
      <type abbr="Ave">Avenue</type>
    </cross-street>
    <centre>
      <utm zone="14U">
        <x>631345</x>
        <y>5530425</y>
      </utm>
      <geographic>
        <latitude>49.91177</latitude>
        <longitude>-97.17058</longitude>
      </geographic>
    </centre>
  </stop>
  <stop xlink:href="stops/10303">
    <key>10303</key>
    <name>Northbound McPhillips at Logan</name>
    <number>10303</number>
    <direction abbr="NB">Northbound</direction>
    <side abbr="FS">Farside</side>
    <street xlink:href="streets/2443">
      <key>2443</key>
      <name>McPhillips Street</name>
      <type abbr="St">Street</type>
    </street>
    <cross-street xlink:href="streets/2193">
      <key>2193</key>
      <name>Logan Avenue</name>
      <type abbr="Ave">Avenue</type>
    </cross-street>
    <centre>
      <utm zone="14U">
        <x>631359</x>
        <y>5530713</y>
      </utm>
      <geographic>
        <latitude>49.91435</latitude>
        <longitude>-97.17029</longitude>
      </geographic>
    </centre>
  </stop>
  <stop xlink:href="stops/10614">
    <key>10614</key>
    <name>Westbound Graham at Donald (Canada Life Centre)</name>
    <number>10614</number>
    <direction abbr="WB">Westbound</direction>
    <side abbr="NS">Nearside</side>
    <street xlink:href="streets/1533">
      <key>1533</key>
      <name>Graham Avenue</name>
      <type abbr="Ave">Avenue</type>
    </street>
    <cross-street xlink:href="streets/1070">
      <key>1070</key>
      <name>Donald Street</name>
      <type abbr="St">Street</type>
    </cross-street>
    <centre>
      <utm zone="14U">
        <x>633417</x>
        <y>5528300</y>
      </utm>
      <geographic>
        <latitude>49.8922</latitude>
        <longitude>-97.14247</longitude>
      </geographic>
    </centre>
  </stop>
  <stop xlink:href="stops/10617">
    <key>10617</key>
    <name>Westbound Graham at Edmonton (RWB)</name>
    <number>10617</number>
    <direction abbr="WB">Westbound</direction>
    <side abbr="NS">Nearside</side>
    <street xlink:href="streets/1533">
      <key>1533</key>
      <name>Graham Avenue</name>
      <type abbr="Ave">Avenue</type>
    </street>
    <cross-street xlink:href="streets/1201">
      <key>1201</key>
      <name>Edmonton Street</name>
      <type abbr="St">Street</type>
    </cross-street>
    <centre>
      <utm zone="14U">
        <x>633134</x>
        <y>5528193</y>
      </utm>
      <geographic>
        <latitude>49.89131</latitude>
        <longitude>-97.14645</longitude>
      </geographic>
    </centre>
  </stop>
  <stop xlink:href="stops/10619">
    <key>10619</key>
    <name>Westbound Graham at Vaughan (The Bay)</name>
    <number>10619</number>
    <direction abbr="WB">Westbound</direction>
    <side abbr="NS">Nearside</side>
    <street xlink:href="streets/1533">
      <key>1533</key>
      <name>Graham Avenue</name>
      <type abbr="Ave">Avenue</type>
    </street>
    <cross-street xlink:href="streets/3716">
      <key>3716</key>
      <name>Vaughan Street</name>
      <type abbr="St">Street</type>
    </cross-street>
    <centre>
      <utm zone="14U">
        <x>632952</x>
        <y>5528122</y>
      </utm>
      <geographic>
        <latitude>49.89071</latitude>
        <longitude>-97.149</longitude>
      </geographic>
    </centre>
  </stop>
  <stop xlink:href="stops/10648">
    <key>10648</key>
    <name>Southbound Garry at Portage North</name>
    <number>10648</number>
    <direction abbr="SB">Southbound</direction>
    <side abbr="NS">Nearside</side>
    <street xlink:href="streets/1437">
      <key>1437</key>
      <name>Garry Street</name>
      <type abbr="St">Street</type>
    </street>
    <cross-street xlink:href="streets/2903">
      <key>2903</key>
      <name>Portage Avenue</name>
      <type abbr="Ave">Avenue</type>
    </cross-street>
    <centre>
      <utm zone="14U">
        <x>633494</x>
        <y>5528589</y>
      </utm>
      <geographic>
        <latitude>49.89479</latitude>
        <longitude>-97.1413</longitude>
      </geographic>
    </centre>
  </stop>
  <stop xlink:href="stops/10649">
    <key>10649</key>
    <name>Southbound Garry at Portage South</name>
    <number>10649</number>
    <direction abbr="SB">Southbound</direction>
    <side abbr="FS">Farside</side>
    <street xlink:href="streets/1437">
      <key>1437</key>
      <name>Garry Street</name>
      <type abbr="St">Street</type>
    </street>
    <cross-street xlink:href="streets/2903">
      <key>2903</key>
      <name>Portage Avenue</name>
      <type abbr="Ave">Avenue</type>
    </cross-street>
    <centre>
      <utm zone="14U">
        <x>633524</x>
        <y>5528509</y>
      </utm>
      <geographic>
        <latitude>49.89406</latitude>
        <longitude>-97.14091</longitude>
      </geographic>
    </centre>
  </stop>
  <stop xlink:href="stops/10650">
    <key>10650</key>
    <name>Southbound Garry at Graham</name>
    <number>10650</number>
    <direction abbr="SB">Southbound</direction>
    <side abbr="NS">Nearside</side>
    <street xlink:href="streets/1437">
      <key>1437</key>
      <name>Garry Street</name>
      <type abbr="St">Street</type>
    </street>
    <cross-street xlink:href="streets/1533">
      <key>1533</key>
      <name>Graham Avenue</name>
      <type abbr="Ave">Avenue</type>
    </cross-street>
    <centre>
      <utm zone="14U">
        <x>633577</x>
        <y>5528372</y>
      </utm>
      <geographic>
        <latitude>49.89282</latitude>
        <longitude>-97.14022</longitude>
      </geographic>
    </centre>
  </stop>
  <stop xlink:href="stops/10706">
    <key>10706</key>
    <name>Northbound Vaughan at Portage South</name>
    <number>10706</number>
    <direction abbr="NB">Northbound</direction>
    <side abbr="NS">Nearside</side>
    <street xlink:href="streets/3716">
      <key>3716</key>
      <name>Vaughan Street</name>
      <type abbr="St">Street</type>
    </street>
    <cross-street xlink:href="streets/2903">
      <key>2903</key>
      <name>Portage Avenue</name>
      <type abbr="Ave">Avenue</type>
    </cross-street>
    <centre>
      <utm zone="14U">
        <x>632920</x>
        <y>5528181</y>
      </utm>
      <geographic>
        <latitude>49.89125</latitude>
        <longitude>-97.14943</longitude>
      </geographic>
    </centre>
  </stop>
  <stop xlink:href="stops/10707">
    <key>10707</key>
    <name>Northbound Vaughan at Portage North</name>
    <number>10707</number>
    <direction abbr="NB">Northbound</direction>
    <side abbr="FS">Farside</side>
    <street xlink:href="streets/3716">
      <key>3716</key>
      <name>Vaughan Street</name>
      <type abbr="St">Street</type>
    </street>
    <cross-street xlink:href="streets/2903">
      <key>2903</key>
      <name>Portage Avenue</name>
      <type abbr="Ave">Avenue</type>
    </cross-street>
    <centre>
      <utm zone="14U">
        <x>632897</x>
        <y>5528248</y>
      </utm>
      <geographic>
        <latitude>49.89185</latitude>
        <longitude>-97.14973</longitude>
      </geographic>
    </centre>
  </stop>
  <stop xlink:href="stops/10709">
    <key>10709</key>
    <name>Northbound Balmoral at Qu'Appelle</name>
    <number>10709</number>
    <direction abbr="NB">Northbound</direction>
    <side abbr="FS">Farside</side>
    <street xlink:href="streets/228">
      <key>228</key>
      <name>Balmoral Street</name>
      <type abbr="St">Street</type>
    </street>
    <cross-street xlink:href="streets/2948">
      <key>2948</key>
      <name>Qu'appelle Avenue</name>
      <type abbr="Ave">Avenue</type>
    </cross-street>
    <centre>
      <utm zone="14U">
        <x>632710</x>
        <y>5528618</y>
      </utm>
      <geographic>
        <latitude>49.89522</latitude>
        <longitude>-97.1522</longitude>
      </geographic>
    </centre>
  </stop>
  <stop xlink:href="stops/10713">
    <key>10713</key>
    <name>Westbound William at McPhillips</name>
    <number>10713</number>
    <direction abbr="WB">Westbound</direction>
    <side abbr="NS">Nearside</side>
    <street xlink:href="streets/3905">
      <key>3905</key>
      <name>William Avenue</name>
      <type abbr="Ave">Avenue</type>
    </street>
    <cross-street xlink:href="streets/2443">
      <key>2443</key>
      <name>McPhillips Street</name>
      <type abbr="St">Street</type>
    </cross-street>
    <centre>
      <utm zone="14U">
        <x>631358</x>
        <y>5530119</y>
      </utm>
      <geographic>
        <latitude>49.90901</latitude>
        <longitude>-97.17051</longitude>
      </geographic>
    </centre>
  </stop>
  <stop xlink:href="stops/10728">
    <key>10728</key>
    <name>Westbound William at Isabel</name>
    <number>10728</number>
    <direction abbr="WB">Westbound</direction>
    <side abbr="FS">Farside</side>
    <street xlink:href="streets/3905">
      <key>3905</key>
      <name>William Avenue</name>
      <type abbr="Ave">Avenue</type>
    </street>
    <cross-street xlink:href="streets/1852">
      <key>1852</key>
      <name>Isabel Street</name>
      <type abbr="St">Street</type>
    </cross-street>
    <centre>
      <utm zone="14U">
        <x>632845</x>
        <y>5529428</y>
      </utm>
      <geographic>
        <latitude>49.90247</latitude>
        <longitude>-97.15004</longitude>
      </geographic>
    </centre>
  </stop>
  <stop xlink:href="stops/10733">
    <key>10733</key>
    <name>Westbound William at Kate</name>
    <number>10733</number>
    <direction abbr="WB">Westbound</direction>
    <side abbr="FS">Farside</side>
    <street xlink:href="streets/3905">
      <key>3905</key>
      <name>William Avenue</name>
      <type abbr="Ave">Avenue</type>
    </street>
    <cross-street xlink:href="streets/1914">
      <key>1914</key>
      <name>Kate Street</name>
      <type abbr="St">Street</type>
    </cross-street>
    <centre>
      <utm zone="14U">
        <x>632685</x>
        <y>5529502</y>
      </utm>
      <geographic>
        <latitude>49.90317</latitude>
        <longitude>-97.15225</longitude>
      </geographic>
    </centre>
  </stop>
  <stop xlink:href="stops/10735">
    <key>10735</key>
    <name>Northbound Balmoral at Sargent</name>
    <number>10735</number>
    <direction abbr="NB">Northbound</direction>
    <side abbr="FS">Farside</side>
    <street xlink:href="streets/228">
      <key>228</key>
      <name>Balmoral Street</name>
      <type abbr="St">Street</type>
    </street>
    <cross-street xlink:href="streets/3219">
      <key>3219</key>
      <name>Sargent Avenue</name>
      <type abbr="Ave">Avenue</type>
    </cross-street>
    <centre>
      <utm zone="14U">
        <x>632714</x>
        <y>5528756</y>
      </utm>
      <geographic>
        <latitude>49.89646</latitude>
        <longitude>-97.1521</longitude>
      </geographic>
    </centre>
  </stop>
  <stop xlink:href="stops/10736">
    <key>10736</key>
    <name>Westbound William at Sherbrook (HSC)</name>
    <number>10736</number>
    <direction abbr="WB">Westbound</direction>
    <side abbr="FS">Farside</side>
    <street xlink:href="streets/3905">
      <key>3905</key>
      <name>William Avenue</name>
      <type abbr="Ave">Avenue</type>
    </street>
    <cross-street xlink:href="streets/3318">
      <key>3318</key>
      <name>Sherbrook Street</name>
      <type abbr="St">Street</type>
    </cross-street>
    <centre>
      <utm zone="14U">
        <x>632406</x>
        <y>5529634</y>
      </utm>
      <geographic>
        <latitude>49.90442</latitude>
        <longitude>-97.15608</longitude>
      </geographic>
    </centre>
  </stop>
  <stop xlink:href="stops/10740">
    <key>10740</key>
    <name>Westbound William at Tecumseh East (HSC)</name>
    <number>10740</number>
    <direction abbr="WB">Westbound</direction>
    <side abbr="FS">Farside</side>
    <street xlink:href="streets/3905">
      <key>3905</key>
      <name>William Avenue</name>
      <type abbr="Ave">Avenue</type>
    </street>
    <cross-street xlink:href="streets/3318">
      <key>3318</key>
      <name>Sherbrook Street</name>
      <type abbr="St">Street</type>
    </cross-street>
    <centre>
      <utm zone="14U">
        <x>632140</x>
        <y>5529757</y>
      </utm>
      <geographic>
        <latitude>49.90559</latitude>
        <longitude>-97.15974</longitude>
      </geographic>
    </centre>
  </stop>
  <stop xlink:href="stops/10744">
    <key>10744</key>
    <name>Westbound William at Tecumseh</name>
    <number>10744</number>
    <direction abbr="WB">Westbound</direction>
    <side abbr="NS">Nearside</side>
    <street xlink:href="streets/3905">
      <key>3905</key>
      <name>William Avenue</name>
      <type abbr="Ave">Avenue</type>
    </street>
    <cross-street xlink:href="streets/3580">
      <key>3580</key>
      <name>Tecumseh Street</name>
      <type abbr="St">Street</type>
    </cross-street>
    <centre>
      <utm zone="14U">
        <x>631990</x>
        <y>5529828</y>
      </utm>
      <geographic>
        <latitude>49.90626</latitude>
        <longitude>-97.16181</longitude>
      </geographic>
    </centre>
  </stop>
  <stop xlink:href="stops/10746">
    <key>10746</key>
    <name>Westbound William at Arlington</name>
    <number>10746</number>
    <direction abbr="WB">Westbound</direction>
    <side abbr="FS">Farside</side>
    <street xlink:href="streets/3905">
      <key>3905</key>
      <name>William Avenue</name>
      <type abbr="Ave">Avenue</type>
    </street>
    <cross-street xlink:href="streets/141">
      <key>141</key>
      <name>Arlington Street</name>
      <type abbr="St">Street</type>
    </cross-street>
    <centre>
      <utm zone="14U">
        <x>631692</x>
        <y>5529966</y>
      </utm>
      <geographic>
        <latitude>49.90756</latitude>
        <longitude>-97.16591</longitude>
      </geographic>
    </centre>
  </stop>
  <stop xlink:href="stops/10748">
    <key>10748</key>
    <name>Westbound William at Lark</name>
    <number>10748</number>
    <direction abbr="WB">Westbound</direction>
    <side abbr="NSO">Nearside Opposite</side>
    <street xlink:href="streets/3905">
      <key>3905</key>
      <name>William Avenue</name>
      <type abbr="Ave">Avenue</type>
    </street>
    <cross-street xlink:href="streets/2088">
      <key>2088</key>
      <name>Lark Street</name>
      <type abbr="St">Street</type>
    </cross-street>
    <centre>
      <utm zone="14U">
        <x>631492</x>
        <y>5530060</y>
      </utm>
      <geographic>
        <latitude>49.90845</latitude>
        <longitude>-97.16866</longitude>
      </geographic>
    </centre>
  </stop>
  <stop xlink:href="stops/10751">
    <key>10751</key>
    <name>Northbound Isabel at Notre Dame</name>
    <number>10751</number>
    <direction abbr="NB">Northbound</direction>
    <side abbr="FS">Farside</side>
    <street xlink:href="streets/1852">
      <key>1852</key>
      <name>Isabel Street</name>
      <type abbr="St">Street</type>
    </street>
    <cross-street xlink:href="streets/2657">
      <key>2657</key>
      <name>Notre Dame Avenue</name>
      <type abbr="Ave">Avenue</type>
    </cross-street>
    <centre>
      <utm zone="14U">
        <x>632768</x>
        <y>5529101</y>
      </utm>
      <geographic>
        <latitude>49.89955</latitude>
        <longitude>-97.15123</longitude>
      </geographic>
    </centre>
  </stop>
  <stop xlink:href="stops/10753">
    <key>10753</key>
    <name>Northbound Isabel at Bannatyne</name>
    <number>10753</number>
    <direction abbr="NB">Northbound</direction>
    <side abbr="NS">Nearside</side>
    <street xlink:href="streets/1852">
      <key>1852</key>
      <name>Isabel Street</name>
      <type abbr="St">Street</type>
    </street>
    <cross-street xlink:href="streets/235">
      <key>235</key>
      <name>Bannatyne Avenue</name>
      <type abbr="Ave">Avenue</type>
    </cross-street>
    <centre>
      <utm zone="14U">
        <x>632850</x>
        <y>5529275</y>
      </utm>
      <geographic>
        <latitude>49.9011</latitude>
        <longitude>-97.15003</longitude>
      </geographic>
    </centre>
  </stop>
  <stop xlink:href="stops/10835">
    <key>10835</key>
    <name>Northbound Balmoral at Ellice North</name>
    <number>10835</number>
    <direction abbr="NB">Northbound</direction>
    <side abbr="FS">Farside</side>
    <street xlink:href="streets/228">
      <key>228</key>
      <name>Balmoral Street</name>
      <type abbr="St">Street</type>
    </street>
    <cross-street xlink:href="streets/1220">
      <key>1220</key>
      <name>Ellice Avenue</name>
      <type abbr="Ave">Avenue</type>
    </cross-street>
    <centre>
      <utm zone="14U">
        <x>632720</x>
        <y>5528478</y>
      </utm>
      <geographic>
        <latitude>49.89396</latitude>
        <longitude>-97.15211</longitude>
      </geographic>
    </centre>
  </stop>
  <stop xlink:href="stops/10839">
    <key>10839</key>
    <name>Northbound Balmoral at Cumberland</name>
    <number>10839</number>
    <direction abbr="NB">Northbound</direction>
    <side abbr="NS">Nearside</side>
    <street xlink:href="streets/228">
      <key>228</key>
      <name>Balmoral Street</name>
      <type abbr="St">Street</type>
    </street>
    <cross-street xlink:href="streets/934">
      <key>934</key>
      <name>Cumberland Avenue</name>
      <type abbr="Ave">Avenue</type>
    </cross-street>
    <centre>
      <utm zone="14U">
        <x>632714</x>
        <y>5528935</y>
      </utm>
      <geographic>
        <latitude>49.89807</latitude>
        <longitude>-97.15204</longitude>
      </geographic>
    </centre>
  </stop>
  <stop xlink:href="stops/30001">
    <key>30001</key>
    <name>Northbound McPhillips at Huron</name>
    <number>30001</number>
    <direction abbr="NB">Northbound</direction>
    <side abbr="NSO">Nearside Opposite</side>
    <street xlink:href="streets/2443">
      <key>2443</key>
      <name>McPhillips Street</name>
      <type abbr="St">Street</type>
    </street>
    <cross-street xlink:href="streets/1822">
      <key>1822</key>
      <name>Huron Avenue</name>
      <type abbr="Ave">Avenue</type>
    </cross-street>
    <centre>
      <utm zone="14U">
        <x>631855</x>
        <y>5533146</y>
      </utm>
      <geographic>
        <latitude>49.93611</latitude>
        <longitude>-97.16255</longitude>
      </geographic>
    </centre>
  </stop>
  <stop xlink:href="stops/30337">
    <key>30337</key>
    <name>Northbound McPhillips at Jarvis (McPhillips Station)</name>
    <number>30337</number>
    <direction abbr="NB">Northbound</direction>
    <side abbr="NS">Nearside</side>
    <street xlink:href="streets/2443">
      <key>2443</key>
      <name>McPhillips Street</name>
      <type abbr="St">Street</type>
    </street>
    <cross-street xlink:href="streets/1867">
      <key>1867</key>
      <name>Jarvis Avenue</name>
      <type abbr="Ave">Avenue</type>
    </cross-street>
    <centre>
      <utm zone="14U">
        <x>631382</x>
        <y>5531223</y>
      </utm>
      <geographic>
        <latitude>49.91893</latitude>
        <longitude>-97.1698</longitude>
      </geographic>
    </centre>
  </stop>
  <stop xlink:href="stops/30433">
    <key>30433</key>
    <name>Northbound McPhillips at Lansdowne</name>
    <number>30433</number>
    <direction abbr="NB">Northbound</direction>
    <side abbr="FS">Farside</side>
    <street xlink:href="streets/2443">
      <key>2443</key>
      <name>McPhillips Street</name>
      <type abbr="St">Street</type>
    </street>
    <cross-street xlink:href="streets/2079">
      <key>2079</key>
      <name>Lansdowne Avenue</name>
      <type abbr="Ave">Avenue</type>
    </cross-street>
    <centre>
      <utm zone="14U">
        <x>632118</x>
        <y>5533639</y>
      </utm>
      <geographic>
        <latitude>49.94049</latitude>
        <longitude>-97.15872</longitude>
      </geographic>
    </centre>
  </stop>
  <stop xlink:href="stops/30448">
    <key>30448</key>
    <name>Northbound McPhillips at Inkster</name>
    <number>30448</number>
    <direction abbr="NB">Northbound</direction>
    <side abbr="NS">Nearside</side>
    <street xlink:href="streets/2443">
      <key>2443</key>
      <name>McPhillips Street</name>
      <type abbr="St">Street</type>
    </street>
    <cross-street xlink:href="streets/1836">
      <key>1836</key>
      <name>Inkster Boulevard</name>
      <type abbr="Blvd">Boulevard</type>
    </cross-street>
    <centre>
      <utm zone="14U">
        <x>631993</x>
        <y>5533407</y>
      </utm>
      <geographic>
        <latitude>49.93843</latitude>
        <longitude>-97.16054</longitude>
      </geographic>
    </centre>
  </stop>
  <stop xlink:href="stops/30462">
    <key>30462</key>
    <name>Northbound McPhillips at Machray</name>
    <number>30462</number>
    <direction abbr="NB">Northbound</direction>
    <side abbr="NS">Nearside</side>
    <street xlink:href="streets/2443">
      <key>2443</key>
      <name>McPhillips Street</name>
      <type abbr="St">Street</type>
    </street>
    <cross-street xlink:href="streets/2242">
      <key>2242</key>
      <name>Machray Avenue</name>
      <type abbr="Ave">Avenue</type>
    </cross-street>
    <centre>
      <utm zone="14U">
        <x>631773</x>
        <y>5532994</y>
      </utm>
      <geographic>
        <latitude>49.93477</latitude>
        <longitude>-97.16375</longitude>
      </geographic>
    </centre>
  </stop>
  <stop xlink:href="stops/30465">
    <key>30465</key>
    <name>Northbound McPhillips at Chamberlain</name>
    <number>30465</number>
    <direction abbr="NB">Northbound</direction>
    <side abbr="NSO">Nearside Opposite</side>
    <street xlink:href="streets/2443">
      <key>2443</key>
      <name>McPhillips Street</name>
      <type abbr="St">Street</type>
    </street>
    <cross-street xlink:href="streets/710">
      <key>710</key>
      <name>Chamberlain Avenue</name>
      <type abbr="Ave">Avenue</type>
    </cross-street>
    <centre>
      <utm zone="14U">
        <x>631692</x>
        <y>5532843</y>
      </utm>
      <geographic>
        <latitude>49.93343</latitude>
        <longitude>-97.16493</longitude>
      </geographic>
    </centre>
  </stop>
  <stop xlink:href="stops/30476">
    <key>30476</key>
    <name>Northbound McPhillips at Mountain</name>
    <number>30476</number>
    <direction abbr="NB">Northbound</direction>
    <side abbr="FS">Farside</side>
    <street xlink:href="streets/2443">
      <key>2443</key>
      <name>McPhillips Street</name>
      <type abbr="St">Street</type>
    </street>
    <cross-street xlink:href="streets/2570">
      <key>2570</key>
      <name>Mountain Avenue</name>
      <type abbr="Ave">Avenue</type>
    </cross-street>
    <centre>
      <utm zone="14U">
        <x>631601</x>
        <y>5532668</y>
      </utm>
      <geographic>
        <latitude>49.93187</latitude>
        <longitude>-97.16625</longitude>
      </geographic>
    </centre>
  </stop>
  <stop xlink:href="stops/30479">
    <key>30479</key>
    <name>Northbound McPhillips at Boyd</name>
    <number>30479</number>
    <direction abbr="NB">Northbound</direction>
    <side abbr="NS">Nearside</side>
    <street xlink:href="streets/2443">
      <key>2443</key>
      <name>McPhillips Street</name>
      <type abbr="St">Street</type>
    </street>
    <cross-street xlink:href="streets/452">
      <key>452</key>
      <name>Boyd Avenue</name>
      <type abbr="Ave">Avenue</type>
    </cross-street>
    <centre>
      <utm zone="14U">
        <x>631480</x>
        <y>5532445</y>
      </utm>
      <geographic>
        <latitude>49.9299</latitude>
        <longitude>-97.16802</longitude>
      </geographic>
    </centre>
  </stop>
  <stop xlink:href="stops/30480">
    <key>30480</key>
    <name>Northbound McPhillips at Aberdeen</name>
    <number>30480</number>
    <direction abbr="NB">Northbound</direction>
    <side abbr="FS">Farside</side>
    <street xlink:href="streets/2443">
      <key>2443</key>
      <name>McPhillips Street</name>
      <type abbr="St">Street</type>
    </street>
    <cross-street xlink:href="streets/4">
      <key>4</key>
      <name>Aberdeen Avenue</name>
      <type abbr="Ave">Avenue</type>
    </cross-street>
    <centre>
      <utm zone="14U">
        <x>631429</x>
        <y>5532315</y>
      </utm>
      <geographic>
        <latitude>49.92874</latitude>
        <longitude>-97.16877</longitude>
      </geographic>
    </centre>
  </stop>
  <stop xlink:href="stops/30490">
    <key>30490</key>
    <name>Northbound McPhillips at Burrows</name>
    <number>30490</number>
    <direction abbr="NB">Northbound</direction>
    <side abbr="NS">Nearside</side>
    <street xlink:href="streets/2443">
      <key>2443</key>
      <name>McPhillips Street</name>
      <type abbr="St">Street</type>
    </street>
    <cross-street xlink:href="streets/576">
      <key>576</key>
      <name>Burrows Avenue</name>
      <type abbr="Ave">Avenue</type>
    </cross-street>
    <centre>
      <utm zone="14U">
        <x>631418</x>
        <y>5532087</y>
      </utm>
      <geographic>
        <latitude>49.92669</latitude>
        <longitude>-97.169</longitude>
      </geographic>
    </centre>
  </stop>
  <stop xlink:href="stops/30494">
    <key>30494</key>
    <name>Northbound McPhillips at Manitoba</name>
    <number>30494</number>
    <direction abbr="NB">Northbound</direction>
    <side abbr="NS">Nearside</side>
    <street xlink:href="streets/2443">
      <key>2443</key>
      <name>McPhillips Street</name>
      <type abbr="St">Street</type>
    </street>
    <cross-street xlink:href="streets/2290">
      <key>2290</key>
      <name>Manitoba Avenue</name>
      <type abbr="Ave">Avenue</type>
    </cross-street>
    <centre>
      <utm zone="14U">
        <x>631410</x>
        <y>5531915</y>
      </utm>
      <geographic>
        <latitude>49.92515</latitude>
        <longitude>-97.16917</longitude>
      </geographic>
    </centre>
  </stop>
  <stop xlink:href="stops/30500">
    <key>30500</key>
    <name>Northbound McPhillips at Selkirk</name>
    <number>30500</number>
    <direction abbr="NB">Northbound</direction>
    <side abbr="NS">Nearside</side>
    <street xlink:href="streets/2443">
      <key>2443</key>
      <name>McPhillips Street</name>
      <type abbr="St">Street</type>
    </street>
    <cross-street xlink:href="streets/3259">
      <key>3259</key>
      <name>Selkirk Avenue</name>
      <type abbr="Ave">Avenue</type>
    </cross-street>
    <centre>
      <utm zone="14U">
        <x>631404</x>
        <y>5531696</y>
      </utm>
      <geographic>
        <latitude>49.92318</latitude>
        <longitude>-97.16933</longitude>
      </geographic>
    </centre>
  </stop>
  <stop xlink:href="stops/30501">
    <key>30501</key>
    <name>Northbound McPhillips at Selkirk South</name>
    <number>30501</number>
    <direction abbr="NB">Northbound</direction>
    <side abbr="NS">Nearside</side>
    <street xlink:href="streets/2443">
      <key>2443</key>
      <name>McPhillips Street</name>
      <type abbr="St">Street</type>
    </street>
    <cross-street xlink:href="streets/3259">
      <key>3259</key>
      <name>Selkirk Avenue</name>
      <type abbr="Ave">Avenue</type>
    </cross-street>
    <centre>
      <utm zone="14U">
        <x>631394</x>
        <y>5531507</y>
      </utm>
      <geographic>
        <latitude>49.92148</latitude>
        <longitude>-97.16953</longitude>
      </geographic>
    </centre>
  </stop>
  <stop xlink:href="stops/30594">
    <key>30594</key>
    <name>Westbound Mapleton at Sheppard</name>
    <number>30594</number>
    <direction abbr="WB">Westbound</direction>
    <side abbr="FS">Farside</side>
    <street xlink:href="streets/2310">
      <key>2310</key>
      <name>Mapleton Drive</name>
      <type abbr="Dr">Drive</type>
    </street>
    <cross-street xlink:href="streets/3316">
      <key>3316</key>
      <name>Sheppard Street</name>
      <type abbr="St">Street</type>
    </cross-street>
    <centre>
      <utm zone="14U">
        <x>631018</x>
        <y>5534375</y>
      </utm>
      <geographic>
        <latitude>49.94735</latitude>
        <longitude>-97.17379</longitude>
      </geographic>
    </centre>
  </stop>
  <stop xlink:href="stops/30612">
    <key>30612</key>
    <name>Northbound Mandalay at Jefferson</name>
    <number>30612</number>
    <direction abbr="NB">Northbound</direction>
    <side abbr="NS">Nearside</side>
    <street xlink:href="streets/2283">
      <key>2283</key>
      <name>Mandalay Drive</name>
      <type abbr="Dr">Drive</type>
    </street>
    <cross-street xlink:href="streets/1874">
      <key>1874</key>
      <name>Jefferson Avenue</name>
      <type abbr="Ave">Avenue</type>
    </cross-street>
    <centre>
      <utm zone="14U">
        <x>630349</x>
        <y>5535815</y>
      </utm>
      <geographic>
        <latitude>49.96044</latitude>
        <longitude>-97.18263</longitude>
      </geographic>
    </centre>
  </stop>
  <stop xlink:href="stops/30615">
    <key>30615</key>
    <name>Northbound Mandalay at Anneville</name>
    <number>30615</number>
    <direction abbr="NB">Northbound</direction>
    <side abbr="NS">Nearside</side>
    <street xlink:href="streets/2283">
      <key>2283</key>
      <name>Mandalay Drive</name>
      <type abbr="Dr">Drive</type>
    </street>
    <cross-street xlink:href="streets/111">
      <key>111</key>
      <name>Anneville Crescent</name>
      <type abbr="Cres">Crescent</type>
    </cross-street>
    <centre>
      <utm zone="14U">
        <x>630291</x>
        <y>5535598</y>
      </utm>
      <geographic>
        <latitude>49.9585</latitude>
        <longitude>-97.18351</longitude>
      </geographic>
    </centre>
  </stop>
  <stop xlink:href="stops/30617">
    <key>30617</key>
    <name>Northbound Mandalay at Anglia</name>
    <number>30617</number>
    <direction abbr="NB">Northbound</direction>
    <side abbr="NSO">Nearside Opposite</side>
    <street xlink:href="streets/2283">
      <key>2283</key>
      <name>Mandalay Drive</name>
      <type abbr="Dr">Drive</type>
    </street>
    <cross-street xlink:href="streets/107">
      <key>107</key>
      <name>Anglia Avenue</name>
      <type abbr="Ave">Avenue</type>
    </cross-street>
    <centre>
      <utm zone="14U">
        <x>630273</x>
        <y>5535409</y>
      </utm>
      <geographic>
        <latitude>49.9568</latitude>
        <longitude>-97.18382</longitude>
      </geographic>
    </centre>
  </stop>
  <stop xlink:href="stops/30625">
    <key>30625</key>
    <name>Northbound Mandalay at Adsum</name>
    <number>30625</number>
    <direction abbr="NB">Northbound</direction>
    <side abbr="NS">Nearside</side>
    <street xlink:href="streets/2283">
      <key>2283</key>
      <name>Mandalay Drive</name>
      <type abbr="Dr">Drive</type>
    </street>
    <cross-street xlink:href="streets/22">
      <key>22</key>
      <name>Adsum Drive</name>
      <type abbr="Dr">Drive</type>
    </cross-street>
    <centre>
      <utm zone="14U">
        <x>630281</x>
        <y>5535166</y>
      </utm>
      <geographic>
        <latitude>49.95462</latitude>
        <longitude>-97.18379</longitude>
      </geographic>
    </centre>
  </stop>
  <stop xlink:href="stops/30629">
    <key>30629</key>
    <name>Northbound Mandalay at Margate</name>
    <number>30629</number>
    <direction abbr="NB">Northbound</direction>
    <side abbr="FS">Farside</side>
    <street xlink:href="streets/2283">
      <key>2283</key>
      <name>Mandalay Drive</name>
      <type abbr="Dr">Drive</type>
    </street>
    <cross-street xlink:href="streets/2322">
      <key>2322</key>
      <name>Margate Road</name>
      <type abbr="Rd">Road</type>
    </cross-street>
    <centre>
      <utm zone="14U">
        <x>630293</x>
        <y>5534893</y>
      </utm>
      <geographic>
        <latitude>49.95216</latitude>
        <longitude>-97.18372</longitude>
      </geographic>
    </centre>
  </stop>
  <stop xlink:href="stops/30631">
    <key>30631</key>
    <name>Northbound Mandalay at Abraham</name>
    <number>30631</number>
    <direction abbr="NB">Northbound</direction>
    <side abbr="FS">Farside</side>
    <street xlink:href="streets/2283">
      <key>2283</key>
      <name>Mandalay Drive</name>
      <type abbr="Dr">Drive</type>
    </street>
    <cross-street xlink:href="streets/6">
      <key>6</key>
      <name>Abraham Bay</name>
      <type abbr="Bay">Bay</type>
    </cross-street>
    <centre>
      <utm zone="14U">
        <x>630335</x>
        <y>5534735</y>
      </utm>
      <geographic>
        <latitude>49.95073</latitude>
        <longitude>-97.18319</longitude>
      </geographic>
    </centre>
  </stop>
  <stop xlink:href="stops/30633">
    <key>30633</key>
    <name>Northbound Mandalay at Mapleton</name>
    <number>30633</number>
    <direction abbr="NB">Northbound</direction>
    <side abbr="FS">Farside</side>
    <street xlink:href="streets/2283">
      <key>2283</key>
      <name>Mandalay Drive</name>
      <type abbr="Dr">Drive</type>
    </street>
    <cross-street xlink:href="streets/2310">
      <key>2310</key>
      <name>Mapleton Drive</name>
      <type abbr="Dr">Drive</type>
    </cross-street>
    <centre>
      <utm zone="14U">
        <x>630387</x>
        <y>5534577</y>
      </utm>
      <geographic>
        <latitude>49.9493</latitude>
        <longitude>-97.18252</longitude>
      </geographic>
    </centre>
  </stop>
  <stop xlink:href="stops/30634">
    <key>30634</key>
    <name>Westbound Mapleton at Neville</name>
    <number>30634</number>
    <direction abbr="WB">Westbound</direction>
    <side abbr="NS">Nearside</side>
    <street xlink:href="streets/2310">
      <key>2310</key>
      <name>Mapleton Drive</name>
      <type abbr="Dr">Drive</type>
    </street>
    <cross-street xlink:href="streets/2609">
      <key>2609</key>
      <name>Neville Street</name>
      <type abbr="St">Street</type>
    </cross-street>
    <centre>
      <utm zone="14U">
        <x>630645</x>
        <y>5534539</y>
      </utm>
      <geographic>
        <latitude>49.9489</latitude>
        <longitude>-97.17893</longitude>
      </geographic>
    </centre>
  </stop>
  <stop xlink:href="stops/30635">
    <key>30635</key>
    <name>Westbound Mapleton at Madrigal</name>
    <number>30635</number>
    <direction abbr="WB">Westbound</direction>
    <side abbr="FS">Farside</side>
    <street xlink:href="streets/2310">
      <key>2310</key>
      <name>Mapleton Drive</name>
      <type abbr="Dr">Drive</type>
    </street>
    <cross-street xlink:href="streets/2251">
      <key>2251</key>
      <name>Madrigal Close</name>
      <type abbr="Close">Close</type>
    </cross-street>
    <centre>
      <utm zone="14U">
        <x>630800</x>
        <y>5534477</y>
      </utm>
      <geographic>
        <latitude>49.94831</latitude>
        <longitude>-97.1768</longitude>
      </geographic>
    </centre>
  </stop>
  <stop xlink:href="stops/30836">
    <key>30836</key>
    <name>Westbound Mapleglen at McPhillips</name>
    <number>30836</number>
    <direction abbr="WB">Westbound</direction>
    <side abbr="FS">Farside</side>
    <street xlink:href="streets/2306">
      <key>2306</key>
      <name>Mapleglen Drive</name>
      <type abbr="Dr">Drive</type>
    </street>
    <cross-street xlink:href="streets/2443">
      <key>2443</key>
      <name>McPhillips Street</name>
      <type abbr="St">Street</type>
    </cross-street>
    <centre>
      <utm zone="14U">
        <x>632122</x>
        <y>5533778</y>
      </utm>
      <geographic>
        <latitude>49.94174</latitude>
        <longitude>-97.15862</longitude>
      </geographic>
    </centre>
  </stop>
  <stop xlink:href="stops/30837">
    <key>30837</key>
    <name>Westbound Mapleglen at Dobrinsky</name>
    <number>30837</number>
    <direction abbr="WB">Westbound</direction>
    <side abbr="FS">Farside</side>
    <street xlink:href="streets/2306">
      <key>2306</key>
      <name>Mapleglen Drive</name>
      <type abbr="Dr">Drive</type>
    </street>
    <cross-street xlink:href="streets/1061">
      <key>1061</key>
      <name>Dobrinsky Drive</name>
      <type abbr="Dr">Drive</type>
    </cross-street>
    <centre>
      <utm zone="14U">
        <x>631914</x>
        <y>5533924</y>
      </utm>
      <geographic>
        <latitude>49.9431</latitude>
        <longitude>-97.16147</longitude>
      </geographic>
    </centre>
  </stop>
  <stop xlink:href="stops/30838">
    <key>30838</key>
    <name>Westbound Mapleglen at Maberley</name>
    <number>30838</number>
    <direction abbr="WB">Westbound</direction>
    <side abbr="NS">Nearside</side>
    <street xlink:href="streets/2306">
      <key>2306</key>
      <name>Mapleglen Drive</name>
      <type abbr="Dr">Drive</type>
    </street>
    <cross-street xlink:href="streets/2235">
      <key>2235</key>
      <name>Maberley Road</name>
      <type abbr="Rd">Road</type>
    </cross-street>
    <centre>
      <utm zone="14U">
        <x>631609</x>
        <y>5534007</y>
      </utm>
      <geographic>
        <latitude>49.94391</latitude>
        <longitude>-97.16569</longitude>
      </geographic>
    </centre>
  </stop>
  <stop xlink:href="stops/30839">
    <key>30839</key>
    <name>Westbound Mapleglen at Marbury</name>
    <number>30839</number>
    <direction abbr="WB">Westbound</direction>
    <side abbr="NS">Nearside</side>
    <street xlink:href="streets/2306">
      <key>2306</key>
      <name>Mapleglen Drive</name>
      <type abbr="Dr">Drive</type>
    </street>
    <cross-street xlink:href="streets/2316">
      <key>2316</key>
      <name>Marbury Road</name>
      <type abbr="Rd">Road</type>
    </cross-street>
    <centre>
      <utm zone="14U">
        <x>631348</x>
        <y>5534128</y>
      </utm>
      <geographic>
        <latitude>49.94505</latitude>
        <longitude>-97.16928</longitude>
      </geographic>
    </centre>
  </stop>
  <stop xlink:href="stops/30840">
    <key>30840</key>
    <name>Westbound Mapleglen at Sheppard</name>
    <number>30840</number>
    <direction abbr="WB">Westbound</direction>
    <side abbr="NS">Nearside</side>
    <street xlink:href="streets/2306">
      <key>2306</key>
      <name>Mapleglen Drive</name>
      <type abbr="Dr">Drive</type>
    </street>
    <cross-street xlink:href="streets/3316">
      <key>3316</key>
      <name>Sheppard Street</name>
      <type abbr="St">Street</type>
    </cross-street>
    <centre>
      <utm zone="14U">
        <x>631028</x>
        <y>5534277</y>
      </utm>
      <geographic>
        <latitude>49.94646</latitude>
        <longitude>-97.17369</longitude>
      </geographic>
    </centre>
  </stop>
  <stop xlink:href="stops/30943">
    <key>30943</key>
    <name>Eastbound Templeton at Innsbruck</name>
    <number>30943</number>
    <direction abbr="EB">Eastbound</direction>
    <side abbr="FS">Farside</side>
    <street xlink:href="streets/3584">
      <key>3584</key>
      <name>Templeton Avenue</name>
      <type abbr="Ave">Avenue</type>
    </street>
    <cross-street xlink:href="streets/4491">
      <key>4491</key>
      <name>Innsbruck Way</name>
      <type abbr="Way">Way</type>
    </cross-street>
    <centre>
      <utm zone="14U">
        <x>631721</x>
        <y>5536359</y>
      </utm>
      <geographic>
        <latitude>49.96503</latitude>
        <longitude>-97.16332</longitude>
      </geographic>
    </centre>
  </stop>
  <stop xlink:href="stops/30945">
    <key>30945</key>
    <name>Eastbound Templeton at Novara</name>
    <number>30945</number>
    <direction abbr="EB">Eastbound</direction>
    <side abbr="FS">Farside</side>
    <street xlink:href="streets/3584">
      <key>3584</key>
      <name>Templeton Avenue</name>
      <type abbr="Ave">Avenue</type>
    </street>
    <cross-street xlink:href="streets/4073">
      <key>4073</key>
      <name>Novara Drive</name>
      <type abbr="Dr">Drive</type>
    </cross-street>
    <centre>
      <utm zone="14U">
        <x>631438</x>
        <y>5536491</y>
      </utm>
      <geographic>
        <latitude>49.96628</latitude>
        <longitude>-97.16722</longitude>
      </geographic>
    </centre>
  </stop>
  <stop xlink:href="stops/30947">
    <key>30947</key>
    <name>Eastbound Templeton at Barneveld</name>
    <number>30947</number>
    <direction abbr="EB">Eastbound</direction>
    <side abbr="NSO">Nearside Opposite</side>
    <street xlink:href="streets/3584">
      <key>3584</key>
      <name>Templeton Avenue</name>
      <type abbr="Ave">Avenue</type>
    </street>
    <cross-street xlink:href="streets/4603">
      <key>4603</key>
      <name>Barneveld Road</name>
      <type abbr="Rd">Road</type>
    </cross-street>
    <centre>
      <utm zone="14U">
        <x>631058</x>
        <y>5536668</y>
      </utm>
      <geographic>
        <latitude>49.96795</latitude>
        <longitude>-97.17246</longitude>
      </geographic>
    </centre>
  </stop>
  <stop xlink:href="stops/30949">
    <key>30949</key>
    <name>Eastbound Templeton at Strasbourg</name>
    <number>30949</number>
    <direction abbr="EB">Eastbound</direction>
    <side abbr="FS">Farside</side>
    <street xlink:href="streets/3584">
      <key>3584</key>
      <name>Templeton Avenue</name>
      <type abbr="Ave">Avenue</type>
    </street>
    <cross-street xlink:href="streets/4230">
      <key>4230</key>
      <name>Strasbourg Drive</name>
      <type abbr="Dr">Drive</type>
    </cross-street>
    <centre>
      <utm zone="14U">
        <x>630713</x>
        <y>5536830</y>
      </utm>
      <geographic>
        <latitude>49.96948</latitude>
        <longitude>-97.17721</longitude>
      </geographic>
    </centre>
  </stop>
  <stop xlink:href="stops/30951">
    <key>30951</key>
    <name>Northbound Strasbourg at Thorn</name>
    <number>30951</number>
    <direction abbr="NB">Northbound</direction>
    <side abbr="NS">Nearside</side>
    <street xlink:href="streets/4230">
      <key>4230</key>
      <name>Strasbourg Drive</name>
      <type abbr="Dr">Drive</type>
    </street>
    <cross-street xlink:href="streets/4212">
      <key>4212</key>
      <name>Thorn Drive</name>
      <type abbr="Dr">Drive</type>
    </cross-street>
    <centre>
      <utm zone="14U">
        <x>630605</x>
        <y>5536636</y>
      </utm>
      <geographic>
        <latitude>49.96776</latitude>
        <longitude>-97.17878</longitude>
      </geographic>
    </centre>
  </stop>
  <stop xlink:href="stops/30953">
    <key>30953</key>
    <name>Northbound Strasbourg at Tessler</name>
    <number>30953</number>
    <direction abbr="NB">Northbound</direction>
    <side abbr="NS">Nearside</side>
    <street xlink:href="streets/4230">
      <key>4230</key>
      <name>Strasbourg Drive</name>
      <type abbr="Dr">Drive</type>
    </street>
    <cross-street xlink:href="streets/4238">
      <key>4238</key>
      <name>Tessler Bay</name>
      <type abbr="Bay">Bay</type>
    </cross-street>
    <centre>
      <utm zone="14U">
        <x>630613</x>
        <y>5536422</y>
      </utm>
      <geographic>
        <latitude>49.96584</latitude>
        <longitude>-97.17874</longitude>
      </geographic>
    </centre>
  </stop>
  <stop xlink:href="stops/30954">
    <key>30954</key>
    <name>Northbound Strasbourg at Basel</name>
    <number>30954</number>
    <direction abbr="NB">Northbound</direction>
    <side abbr="NS">Nearside</side>
    <street xlink:href="streets/4230">
      <key>4230</key>
      <name>Strasbourg Drive</name>
      <type abbr="Dr">Drive</type>
    </street>
    <cross-street xlink:href="streets/4305">
      <key>4305</key>
      <name>Basel Avenue</name>
      <type abbr="Ave">Avenue</type>
    </cross-street>
    <centre>
      <utm zone="14U">
        <x>630537</x>
        <y>5536242</y>
      </utm>
      <geographic>
        <latitude>49.96424</latitude>
        <longitude>-97.17986</longitude>
      </geographic>
    </centre>
  </stop>
  <stop xlink:href="stops/30967">
    <key>30967</key>
    <name>Northbound Mandalay at Cannes</name>
    <number>30967</number>
    <direction abbr="NB">Northbound</direction>
    <side abbr="NS">Nearside</side>
    <street xlink:href="streets/2283">
      <key>2283</key>
      <name>Mandalay Drive</name>
      <type abbr="Dr">Drive</type>
    </street>
    <cross-street xlink:href="streets/626">
      <key>626</key>
      <name>Cannes Crescent</name>
      <type abbr="Cres">Crescent</type>
    </cross-street>
    <centre>
      <utm zone="14U">
        <x>630435</x>
        <y>5536067</y>
      </utm>
      <geographic>
        <latitude>49.96268</latitude>
        <longitude>-97.18134</longitude>
      </geographic>
    </centre>
  </stop>
</stops>
