<?xml version="1.0" encoding="UTF-8"?>
<stops xmlns:utm="http://winnipegtransit.com/coordinates/utm" xmlns:ang="http://winnipegtransit.com/coordinates/angular" xmlns:xlink="http://www.w3.org/1999/xlink" xlink:base="" query-time="2024-07-11T14:46:09">
  <stop xlink:href="stops/10132">
    <key>10132</key>
    <name>Southbound Vaughan at Portage</name>
    <number>10132</number>
    <direction abbr="SB">Southbound</direction>
    <side abbr="NS">Nearside</side>
    <street xlink:href="streets/3716">
      <key>3716</key>
      <name>Vaughan Street</name>
      <type abbr="St">Street</type>
    </street>
    <cross-street xlink:href="streets/2903">
      <key>2903</key>
      <name>Portage Avenue</name>
      <type abbr="Ave">Avenue</type>
    </cross-street>
    <centre>
      <utm zone="14U">
        <x>632891</x>
        <y>5528213</y>
      </utm>
      <geographic>
        <latitude>49.89154</latitude>
        <longitude>-97.14982</longitude>
      </geographic>
    </centre>
  </stop>
  <stop xlink:href="stops/10134">
    <key>10134</key>
    <name>Southbound Vaughan at Graham (The Bay)</name>
    <number>10134</number>
    <direction abbr="SB">Southbound</direction>
    <side abbr="NSO">Nearside Opposite</side>
    <street xlink:href="streets/3716">
      <key>3716</key>
      <name>Vaughan Street</name>
      <type abbr="St">Street</type>
    </street>
    <cross-street xlink:href="streets/1533">
      <key>1533</key>
      <name>Graham Avenue</name>
      <type abbr="Ave">Avenue</type>
    </cross-street>
    <centre>
      <utm zone="14U">
        <x>632926</x>
        <y>5528127</y>
      </utm>
      <geographic>
        <latitude>49.89076</latitude>
        <longitude>-97.14936</longitude>
      </geographic>
    </centre>
  </stop>
  <stop xlink:href="stops/10159">
    <key>10159</key>
    <name>Southbound Queen Elizabeth at Stradbrook</name>
    <number>10159</number>
    <direction abbr="SB">Southbound</direction>
    <side abbr="NS">Nearside</side>
    <street xlink:href="streets/4199">
      <key>4199</key>
      <name>Queen Elizabeth Way</name>
      <type abbr="Way">Way</type>
    </street>
    <cross-street xlink:href="streets/3503">
      <key>3503</key>
      <name>Stradbrook Avenue</name>
      <type abbr="Ave">Avenue</type>
    </cross-street>
    <centre>
      <utm zone="14U">
        <x>634186</x>
        <y>5527397</y>
      </utm>
      <geographic>
        <latitude>49.88392</latitude>
        <longitude>-97.13209</longitude>
      </geographic>
    </centre>
  </stop>
  <stop xlink:href="stops/10611">
    <key>10611</key>
    <name>Eastbound Graham at Fort (Wpg Square)</name>
    <number>10611</number>
    <direction abbr="EB">Eastbound</direction>
    <side abbr="NS">Nearside</side>
    <street xlink:href="streets/1533">
      <key>1533</key>
      <name>Graham Avenue</name>
      <type abbr="Ave">Avenue</type>
    </street>
    <cross-street xlink:href="streets/1365">
      <key>1365</key>
      <name>Fort Street</name>
      <type abbr="St">Street</type>
    </cross-street>
    <centre>
      <utm zone="14U">
        <x>633667</x>
        <y>5528384</y>
      </utm>
      <geographic>
        <latitude>49.8929</latitude>
        <longitude>-97.13897</longitude>
      </geographic>
    </centre>
  </stop>
  <stop xlink:href="stops/10615">
    <key>10615</key>
    <name>Eastbound Graham at Smith</name>
    <number>10615</number>
    <direction abbr="EB">Eastbound</direction>
    <side abbr="NS">Nearside</side>
    <street xlink:href="streets/1533">
      <key>1533</key>
      <name>Graham Avenue</name>
      <type abbr="Ave">Avenue</type>
    </street>
    <cross-street xlink:href="streets/3371">
      <key>3371</key>
      <name>Smith Street</name>
      <type abbr="St">Street</type>
    </cross-street>
    <centre>
      <utm zone="14U">
        <x>633485</x>
        <y>5528315</y>
      </utm>
      <geographic>
        <latitude>49.89232</latitude>
        <longitude>-97.14152</longitude>
      </geographic>
    </centre>
  </stop>
  <stop xlink:href="stops/10616">
    <key>10616</key>
    <name>Eastbound Graham at Hargrave</name>
    <number>10616</number>
    <direction abbr="EB">Eastbound</direction>
    <side abbr="NS">Nearside</side>
    <street xlink:href="streets/1533">
      <key>1533</key>
      <name>Graham Avenue</name>
      <type abbr="Ave">Avenue</type>
    </street>
    <cross-street xlink:href="streets/1644">
      <key>1644</key>
      <name>Hargrave Street</name>
      <type abbr="St">Street</type>
    </cross-street>
    <centre>
      <utm zone="14U">
        <x>633299</x>
        <y>5528243</y>
      </utm>
      <geographic>
        <latitude>49.89172</latitude>
        <longitude>-97.14413</longitude>
      </geographic>
    </centre>
  </stop>
  <stop xlink:href="stops/10618">
    <key>10618</key>
    <name>Eastbound Graham at Edmonton (RWB)</name>
    <number>10618</number>
    <direction abbr="EB">Eastbound</direction>
    <side abbr="NS">Nearside</side>
    <street xlink:href="streets/1533">
      <key>1533</key>
      <name>Graham Avenue</name>
      <type abbr="Ave">Avenue</type>
    </street>
    <cross-street xlink:href="streets/1201">
      <key>1201</key>
      <name>Edmonton Street</name>
      <type abbr="St">Street</type>
    </cross-street>
    <centre>
      <utm zone="14U">
        <x>633114</x>
        <y>5528174</y>
      </utm>
      <geographic>
        <latitude>49.89114</latitude>
        <longitude>-97.14673</longitude>
      </geographic>
    </centre>
  </stop>
  <stop xlink:href="stops/10639">
    <key>10639</key>
    <name>Southbound Main at St. Mary</name>
    <number>10639</number>
    <direction abbr="SB">Southbound</direction>
    <side abbr="FS">Farside</side>
    <street xlink:href="streets/2265">
      <key>2265</key>
      <name>Main Street</name>
      <type abbr="St">Street</type>
    </street>
    <cross-street xlink:href="streets/3452">
      <key>3452</key>
      <name>St Mary Avenue</name>
      <type abbr="Ave">Avenue</type>
    </cross-street>
    <centre>
      <utm zone="14U">
        <x>633853</x>
        <y>5528217</y>
      </utm>
      <geographic>
        <latitude>49.89136</latitude>
        <longitude>-97.13643</longitude>
      </geographic>
    </centre>
  </stop>
  <stop xlink:href="stops/10641">
    <key>10641</key>
    <name>Southbound Main at Broadway (Union Station)</name>
    <number>10641</number>
    <direction abbr="SB">Southbound</direction>
    <side abbr="NS">Nearside</side>
    <street xlink:href="streets/2265">
      <key>2265</key>
      <name>Main Street</name>
      <type abbr="St">Street</type>
    </street>
    <cross-street xlink:href="streets/519">
      <key>519</key>
      <name>Broadway</name>
    </cross-street>
    <centre>
      <utm zone="14U">
        <x>633950</x>
        <y>5527953</y>
      </utm>
      <geographic>
        <latitude>49.88897</latitude>
        <longitude>-97.13518</longitude>
      </geographic>
    </centre>
  </stop>
  <stop xlink:href="stops/10642">
    <key>10642</key>
    <name>Southbound Main at Assiniboine</name>
    <number>10642</number>
    <direction abbr="SB">Southbound</direction>
    <side abbr="NS">Nearside</side>
    <street xlink:href="streets/2265">
      <key>2265</key>
      <name>Main Street</name>
      <type abbr="St">Street</type>
    </street>
    <cross-street xlink:href="streets/174">
      <key>174</key>
      <name>Assiniboine Avenue</name>
      <type abbr="Ave">Avenue</type>
    </cross-street>
    <centre>
      <utm zone="14U">
        <x>634014</x>
        <y>5527789</y>
      </utm>
      <geographic>
        <latitude>49.88748</latitude>
        <longitude>-97.13434</longitude>
      </geographic>
    </centre>
  </stop>
  <stop xlink:href="stops/10831">
    <key>10831</key>
    <name>Northbound Balmoral at Balmoral Station (BLUE)</name>
    <number>10831</number>
    <direction abbr="NB">Northbound</direction>
    <side abbr="NA">NA</side>
    <street xlink:href="streets/228">
      <key>228</key>
      <name>Balmoral Street</name>
      <type abbr="St">Street</type>
    </street>
    <cross-street xlink:href="streets/50002024">
      <key>50002024</key>
      <name>Balmoral Station</name>
      <type abbr="Term">Terminal</type>
    </cross-street>
    <centre>
      <utm zone="14U">
        <x>632699</x>
        <y>5528207</y>
      </utm>
      <geographic>
        <latitude>49.89153</latitude>
        <longitude>-97.1525</longitude>
      </geographic>
    </centre>
  </stop>
  <stop xlink:href="stops/10838">
    <key>10838</key>
    <name>Northbound Balmoral at Ellice</name>
    <number>10838</number>
    <direction abbr="NB">Northbound</direction>
    <side abbr="NS">Nearside</side>
    <street xlink:href="streets/228">
      <key>228</key>
      <name>Balmoral Street</name>
      <type abbr="St">Street</type>
    </street>
    <cross-street xlink:href="streets/1220">
      <key>1220</key>
      <name>Ellice Avenue</name>
      <type abbr="Ave">Avenue</type>
    </cross-street>
    <centre>
      <utm zone="14U">
        <x>632698</x>
        <y>5528328</y>
      </utm>
      <geographic>
        <latitude>49.89262</latitude>
        <longitude>-97.15247</longitude>
      </geographic>
    </centre>
  </stop>
  <stop xlink:href="stops/11027">
    <key>11027</key>
    <name>Southbound Southwest Transitway at Harkness Station</name>
    <number>11027</number>
    <direction abbr="SB">Southbound</direction>
    <side abbr="NS">Nearside</side>
    <street xlink:href="streets/4667">
      <key>4667</key>
      <name>Southwest Transitway</name>
    </street>
    <cross-street xlink:href="streets/3503">
      <key>3503</key>
      <name>Stradbrook Avenue</name>
      <type abbr="Ave">Avenue</type>
    </cross-street>
    <centre>
      <utm zone="14U">
        <x>633953</x>
        <y>5527041</y>
      </utm>
      <geographic>
        <latitude>49.88077</latitude>
        <longitude>-97.13545</longitude>
      </geographic>
    </centre>
  </stop>
  <stop xlink:href="stops/11029">
    <key>11029</key>
    <name>Southbound Southwest Transitway at Osborne Station</name>
    <number>11029</number>
    <direction abbr="SB">Southbound</direction>
    <side abbr="NS">Nearside</side>
    <street xlink:href="streets/4667">
      <key>4667</key>
      <name>Southwest Transitway</name>
    </street>
    <cross-street xlink:href="streets/3786">
      <key>3786</key>
      <name>Warsaw Avenue</name>
      <type abbr="Ave">Avenue</type>
    </cross-street>
    <centre>
      <utm zone="14U">
        <x>633568</x>
        <y>5526200</y>
      </utm>
      <geographic>
        <latitude>49.87329</latitude>
        <longitude>-97.1411</longitude>
      </geographic>
    </centre>
  </stop>
  <stop xlink:href="stops/11031">
    <key>11031</key>
    <name>Southbound Southwest Transitway at Fort Rouge Station</name>
    <number>11031</number>
    <direction abbr="SB">Southbound</direction>
    <side abbr="NSO">Nearside Opposite</side>
    <street xlink:href="streets/4667">
      <key>4667</key>
      <name>Southwest Transitway</name>
    </street>
    <cross-street xlink:href="streets/50002021">
      <key>50002021</key>
      <name>Fort Rouge Station</name>
      <type abbr="Term">Terminal</type>
    </cross-street>
    <centre>
      <utm zone="14U">
        <x>633262</x>
        <y>5524983</y>
      </utm>
      <geographic>
        <latitude>49.86242</latitude>
        <longitude>-97.14577</longitude>
      </geographic>
    </centre>
  </stop>
  <stop xlink:href="stops/11033">
    <key>11033</key>
    <name>Southbound Southwest Transitway at Jubilee Station</name>
    <number>11033</number>
    <direction abbr="SB">Southbound</direction>
    <side abbr="NS">Nearside</side>
    <street xlink:href="streets/4667">
      <key>4667</key>
      <name>Southwest Transitway</name>
    </street>
    <cross-street xlink:href="streets/50000021">
      <key>50000021</key>
      <name>Jubilee Ramp over Pembina</name>
    </cross-street>
    <centre>
      <utm zone="14U">
        <x>632954</x>
        <y>5524228</y>
      </utm>
      <geographic>
        <latitude>49.8557</latitude>
        <longitude>-97.15031</longitude>
      </geographic>
    </centre>
  </stop>
  <stop xlink:href="stops/60026">
    <key>60026</key>
    <name>Southbound Pembina at De Vos</name>
    <number>60026</number>
    <direction abbr="SB">Southbound</direction>
    <side abbr="NS">Nearside</side>
    <street xlink:href="streets/2818">
      <key>2818</key>
      <name>Pembina Highway</name>
      <type abbr="Hwy">Highway</type>
    </street>
    <cross-street xlink:href="streets/999">
      <key>999</key>
      <name>De Vos Road</name>
      <type abbr="Rd">Road</type>
    </cross-street>
    <centre>
      <utm zone="14U">
        <x>632684</x>
        <y>5515742</y>
      </utm>
      <geographic>
        <latitude>49.77948</latitude>
        <longitude>-97.15697</longitude>
      </geographic>
    </centre>
  </stop>
  <stop xlink:href="stops/60028">
    <key>60028</key>
    <name>Southbound Pembina at Bairdmore South</name>
    <number>60028</number>
    <direction abbr="SB">Southbound</direction>
    <side abbr="FS">Farside</side>
    <street xlink:href="streets/2818">
      <key>2818</key>
      <name>Pembina Highway</name>
      <type abbr="Hwy">Highway</type>
    </street>
    <cross-street xlink:href="streets/217">
      <key>217</key>
      <name>Bairdmore Boulevard</name>
      <type abbr="Blvd">Boulevard</type>
    </cross-street>
    <centre>
      <utm zone="14U">
        <x>632671</x>
        <y>5515944</y>
      </utm>
      <geographic>
        <latitude>49.78129</latitude>
        <longitude>-97.15708</longitude>
      </geographic>
    </centre>
  </stop>
  <stop xlink:href="stops/60030">
    <key>60030</key>
    <name>Southbound Pembina at Newdale</name>
    <number>60030</number>
    <direction abbr="SB">Southbound</direction>
    <side abbr="NS">Nearside</side>
    <street xlink:href="streets/2818">
      <key>2818</key>
      <name>Pembina Highway</name>
      <type abbr="Hwy">Highway</type>
    </street>
    <cross-street xlink:href="streets/2615">
      <key>2615</key>
      <name>Newdale Avenue</name>
      <type abbr="Ave">Avenue</type>
    </cross-street>
    <centre>
      <utm zone="14U">
        <x>632649</x>
        <y>5516288</y>
      </utm>
      <geographic>
        <latitude>49.78439</latitude>
        <longitude>-97.15727</longitude>
      </geographic>
    </centre>
  </stop>
  <stop xlink:href="stops/60033">
    <key>60033</key>
    <name>Southbound Pembina at Newdale North</name>
    <number>60033</number>
    <direction abbr="SB">Southbound</direction>
    <side abbr="NS">Nearside</side>
    <street xlink:href="streets/2818">
      <key>2818</key>
      <name>Pembina Highway</name>
      <type abbr="Hwy">Highway</type>
    </street>
    <cross-street xlink:href="streets/2615">
      <key>2615</key>
      <name>Newdale Avenue</name>
      <type abbr="Ave">Avenue</type>
    </cross-street>
    <centre>
      <utm zone="14U">
        <x>632637</x>
        <y>5516477</y>
      </utm>
      <geographic>
        <latitude>49.78609</latitude>
        <longitude>-97.15737</longitude>
      </geographic>
    </centre>
  </stop>
  <stop xlink:href="stops/60034">
    <key>60034</key>
    <name>Southbound Pembina at Kirkbridge</name>
    <number>60034</number>
    <direction abbr="SB">Southbound</direction>
    <side abbr="FS">Farside</side>
    <street xlink:href="streets/2818">
      <key>2818</key>
      <name>Pembina Highway</name>
      <type abbr="Hwy">Highway</type>
    </street>
    <cross-street xlink:href="streets/1997">
      <key>1997</key>
      <name>Kirkbridge Drive</name>
      <type abbr="Dr">Drive</type>
    </cross-street>
    <centre>
      <utm zone="14U">
        <x>632622</x>
        <y>5516711</y>
      </utm>
      <geographic>
        <latitude>49.7882</latitude>
        <longitude>-97.1575</longitude>
      </geographic>
    </centre>
  </stop>
  <stop xlink:href="stops/60058">
    <key>60058</key>
    <name>Southbound Pembina at Cloutier South</name>
    <number>60058</number>
    <direction abbr="SB">Southbound</direction>
    <side abbr="FSO">Farside Opposite</side>
    <street xlink:href="streets/2818">
      <key>2818</key>
      <name>Pembina Highway</name>
      <type abbr="Hwy">Highway</type>
    </street>
    <cross-street xlink:href="streets/798">
      <key>798</key>
      <name>Cloutier Drive</name>
      <type abbr="Dr">Drive</type>
    </cross-street>
    <centre>
      <utm zone="14U">
        <x>632726</x>
        <y>5515082</y>
      </utm>
      <geographic>
        <latitude>49.77353</latitude>
        <longitude>-97.15661</longitude>
      </geographic>
    </centre>
  </stop>
  <stop xlink:href="stops/60065">
    <key>60065</key>
    <name>Southbound Pembina at Greencrest</name>
    <number>60065</number>
    <direction abbr="SB">Southbound</direction>
    <side abbr="FSO">Farside Opposite</side>
    <street xlink:href="streets/2818">
      <key>2818</key>
      <name>Pembina Highway</name>
      <type abbr="Hwy">Highway</type>
    </street>
    <cross-street xlink:href="streets/1552">
      <key>1552</key>
      <name>Greencrest Avenue</name>
      <type abbr="Ave">Avenue</type>
    </cross-street>
    <centre>
      <utm zone="14U">
        <x>632599</x>
        <y>5517171</y>
      </utm>
      <geographic>
        <latitude>49.79234</latitude>
        <longitude>-97.15766</longitude>
      </geographic>
    </centre>
  </stop>
  <stop xlink:href="stops/60067">
    <key>60067</key>
    <name>Southbound Pembina at Bairdmore</name>
    <number>60067</number>
    <direction abbr="SB">Southbound</direction>
    <side abbr="FS">Farside</side>
    <street xlink:href="streets/2818">
      <key>2818</key>
      <name>Pembina Highway</name>
      <type abbr="Hwy">Highway</type>
    </street>
    <cross-street xlink:href="streets/217">
      <key>217</key>
      <name>Bairdmore Boulevard</name>
      <type abbr="Blvd">Boulevard</type>
    </cross-street>
    <centre>
      <utm zone="14U">
        <x>632597</x>
        <y>5517353</y>
      </utm>
      <geographic>
        <latitude>49.79398</latitude>
        <longitude>-97.15763</longitude>
      </geographic>
    </centre>
  </stop>
  <stop xlink:href="stops/60092">
    <key>60092</key>
    <name>Southbound Pembina at Fairfield</name>
    <number>60092</number>
    <direction abbr="SB">Southbound</direction>
    <side abbr="NS">Nearside</side>
    <street xlink:href="streets/2818">
      <key>2818</key>
      <name>Pembina Highway</name>
      <type abbr="Hwy">Highway</type>
    </street>
    <cross-street xlink:href="streets/217">
      <key>217</key>
      <name>Bairdmore Boulevard</name>
      <type abbr="Blvd">Boulevard</type>
    </cross-street>
    <centre>
      <utm zone="14U">
        <x>632600</x>
        <y>5517781</y>
      </utm>
      <geographic>
        <latitude>49.79782</latitude>
        <longitude>-97.15744</longitude>
      </geographic>
    </centre>
  </stop>
  <stop xlink:href="stops/60099">
    <key>60099</key>
    <name>Southbound Pembina at Bison</name>
    <number>60099</number>
    <direction abbr="SB">Southbound</direction>
    <side abbr="FS">Farside</side>
    <street xlink:href="streets/2818">
      <key>2818</key>
      <name>Pembina Highway</name>
      <type abbr="Hwy">Highway</type>
    </street>
    <cross-street xlink:href="streets/381">
      <key>381</key>
      <name>Bison Drive</name>
      <type abbr="Dr">Drive</type>
    </cross-street>
    <centre>
      <utm zone="14U">
        <x>632600</x>
        <y>5518167</y>
      </utm>
      <geographic>
        <latitude>49.80129</latitude>
        <longitude>-97.15731</longitude>
      </geographic>
    </centre>
  </stop>
  <stop xlink:href="stops/60115">
    <key>60115</key>
    <name>Southbound Pembina at Bison North</name>
    <number>60115</number>
    <direction abbr="SB">Southbound</direction>
    <side abbr="NS">Nearside</side>
    <street xlink:href="streets/2818">
      <key>2818</key>
      <name>Pembina Highway</name>
      <type abbr="Hwy">Highway</type>
    </street>
    <cross-street xlink:href="streets/381">
      <key>381</key>
      <name>Bison Drive</name>
      <type abbr="Dr">Drive</type>
    </cross-street>
    <centre>
      <utm zone="14U">
        <x>632621</x>
        <y>5518385</y>
      </utm>
      <geographic>
        <latitude>49.80325</latitude>
        <longitude>-97.15694</longitude>
      </geographic>
    </centre>
  </stop>
  <stop xlink:href="stops/60118">
    <key>60118</key>
    <name>Southbound Pembina at Dartmouth (Victoria Hospital)</name>
    <number>60118</number>
    <direction abbr="SB">Southbound</direction>
    <side abbr="DO">Direct Opposite</side>
    <street xlink:href="streets/2818">
      <key>2818</key>
      <name>Pembina Highway</name>
      <type abbr="Hwy">Highway</type>
    </street>
    <cross-street xlink:href="streets/974">
      <key>974</key>
      <name>Dartmouth Drive</name>
      <type abbr="Dr">Drive</type>
    </cross-street>
    <centre>
      <utm zone="14U">
        <x>632734</x>
        <y>5518755</y>
      </utm>
      <geographic>
        <latitude>49.80655</latitude>
        <longitude>-97.15525</longitude>
      </geographic>
    </centre>
  </stop>
  <stop xlink:href="stops/60122">
    <key>60122</key>
    <name>Eastbound Markham at Pembina</name>
    <number>60122</number>
    <direction abbr="EB">Eastbound</direction>
    <side abbr="NS">Nearside</side>
    <street xlink:href="streets/2335">
      <key>2335</key>
      <name>Markham Road</name>
      <type abbr="Rd">Road</type>
    </street>
    <cross-street xlink:href="streets/2818">
      <key>2818</key>
      <name>Pembina Highway</name>
      <type abbr="Hwy">Highway</type>
    </cross-street>
    <centre>
      <utm zone="14U">
        <x>632774</x>
        <y>5518991</y>
      </utm>
      <geographic>
        <latitude>49.80866</latitude>
        <longitude>-97.15461</longitude>
      </geographic>
    </centre>
  </stop>
  <stop xlink:href="stops/60736">
    <key>60736</key>
    <name>Southbound Pembina at Bairdmore North</name>
    <number>60736</number>
    <direction abbr="SB">Southbound</direction>
    <side abbr="NS">Nearside</side>
    <street xlink:href="streets/2818">
      <key>2818</key>
      <name>Pembina Highway</name>
      <type abbr="Hwy">Highway</type>
    </street>
    <cross-street xlink:href="streets/217">
      <key>217</key>
      <name>Bairdmore Boulevard</name>
      <type abbr="Blvd">Boulevard</type>
    </cross-street>
    <centre>
      <utm zone="14U">
        <x>632599</x>
        <y>5517557</y>
      </utm>
      <geographic>
        <latitude>49.79581</latitude>
        <longitude>-97.15753</longitude>
      </geographic>
    </centre>
  </stop>
  <stop xlink:href="stops/60746">
    <key>60746</key>
    <name>Southbound Pembina at Station</name>
    <number>60746</number>
    <direction abbr="SB">Southbound</direction>
    <side abbr="NS">Nearside</side>
    <street xlink:href="streets/2818">
      <key>2818</key>
      <name>Pembina Highway</name>
      <type abbr="Hwy">Highway</type>
    </street>
    <cross-street xlink:href="streets/3476">
      <key>3476</key>
      <name>Station Road</name>
      <type abbr="Rd">Road</type>
    </cross-street>
    <centre>
      <utm zone="14U">
        <x>632846</x>
        <y>5514324</y>
      </utm>
      <geographic>
        <latitude>49.76669</latitude>
        <longitude>-97.1552</longitude>
      </geographic>
    </centre>
  </stop>
  <stop xlink:href="stops/60805">
    <key>60805</key>
    <name>Southbound Pembina at Ducharme</name>
    <number>60805</number>
    <direction abbr="SB">Southbound</direction>
    <side abbr="FS">Farside</side>
    <street xlink:href="streets/2818">
      <key>2818</key>
      <name>Pembina Highway</name>
      <type abbr="Hwy">Highway</type>
    </street>
    <cross-street xlink:href="streets/1115">
      <key>1115</key>
      <name>Ducharme Avenue</name>
      <type abbr="Ave">Avenue</type>
    </cross-street>
    <centre>
      <utm zone="14U">
        <x>632752</x>
        <y>5514480</y>
      </utm>
      <geographic>
        <latitude>49.76812</latitude>
        <longitude>-97.15646</longitude>
      </geographic>
    </centre>
  </stop>
  <stop xlink:href="stops/61203">
    <key>61203</key>
    <name>Southbound Southwest Transitway at Beaumont Station</name>
    <number>61203</number>
    <direction abbr="SB">Southbound</direction>
    <side abbr="FS">Farside</side>
    <street xlink:href="streets/4667">
      <key>4667</key>
      <name>Southwest Transitway</name>
    </street>
    <cross-street xlink:href="streets/290">
      <key>290</key>
      <name>Beaumont Street</name>
      <type abbr="St">Street</type>
    </cross-street>
    <centre>
      <utm zone="14U">
        <x>631828</x>
        <y>5523411</y>
      </utm>
      <geographic>
        <latitude>49.84861</latitude>
        <longitude>-97.16625</longitude>
      </geographic>
    </centre>
  </stop>
  <stop xlink:href="stops/61205">
    <key>61205</key>
    <name>Southbound Southwest Transitway at Seel Station</name>
    <number>61205</number>
    <direction abbr="SB">Southbound</direction>
    <side abbr="NS">Nearside</side>
    <street xlink:href="streets/4667">
      <key>4667</key>
      <name>Southwest Transitway</name>
    </street>
    <cross-street xlink:href="streets/3256">
      <key>3256</key>
      <name>Seel Avenue</name>
      <type abbr="Ave">Avenue</type>
    </cross-street>
    <centre>
      <utm zone="14U">
        <x>631669</x>
        <y>5522701</y>
      </utm>
      <geographic>
        <latitude>49.84226</latitude>
        <longitude>-97.1687</longitude>
      </geographic>
    </centre>
  </stop>
  <stop xlink:href="stops/61207">
    <key>61207</key>
    <name>Southbound Southwest Transitway at Clarence Station</name>
    <number>61207</number>
    <direction abbr="SB">Southbound</direction>
    <side abbr="NS">Nearside</side>
    <street xlink:href="streets/4667">
      <key>4667</key>
      <name>Southwest Transitway</name>
    </street>
    <cross-street xlink:href="streets/783">
      <key>783</key>
      <name>Clarence Avenue</name>
      <type abbr="Ave">Avenue</type>
    </cross-street>
    <centre>
      <utm zone="14U">
        <x>632189</x>
        <y>5521761</y>
      </utm>
      <geographic>
        <latitude>49.83369</latitude>
        <longitude>-97.16179</longitude>
      </geographic>
    </centre>
  </stop>
  <stop xlink:href="stops/61209">
    <key>61209</key>
    <name>Southbound Southwest Transitway at Chevrier Station</name>
    <number>61209</number>
    <direction abbr="SB">Southbound</direction>
    <side abbr="NS">Nearside</side>
    <street xlink:href="streets/4667">
      <key>4667</key>
      <name>Southwest Transitway</name>
    </street>
    <cross-street xlink:href="streets/756">
      <key>756</key>
      <name>Chevrier Boulevard</name>
      <type abbr="Blvd">Boulevard</type>
    </cross-street>
    <centre>
      <utm zone="14U">
        <x>632419</x>
        <y>5521355</y>
      </utm>
      <geographic>
        <latitude>49.82999</latitude>
        <longitude>-97.15874</longitude>
      </geographic>
    </centre>
  </stop>
  <stop xlink:href="stops/61211">
    <key>61211</key>
    <name>Southbound Southwest Transitway at Plaza Station</name>
    <number>61211</number>
    <direction abbr="SB">Southbound</direction>
    <side abbr="FS">Farside</side>
    <street xlink:href="streets/4667">
      <key>4667</key>
      <name>Southwest Transitway</name>
    </street>
    <cross-street xlink:href="streets/756">
      <key>756</key>
      <name>Chevrier Boulevard</name>
      <type abbr="Blvd">Boulevard</type>
    </cross-street>
    <centre>
      <utm zone="14U">
        <x>632623</x>
        <y>5520455</y>
      </utm>
      <geographic>
        <latitude>49.82186</latitude>
        <longitude>-97.15621</longitude>
      </geographic>
    </centre>
  </stop>
  <stop xlink:href="stops/61213">
    <key>61213</key>
    <name>Southbound Southwest Transitway at Chancellor Station</name>
    <number>61213</number>
    <direction abbr="SB">Southbound</direction>
    <side abbr="NS">Nearside</side>
    <street xlink:href="streets/4667">
      <key>4667</key>
      <name>Southwest Transitway</name>
    </street>
    <cross-street xlink:href="streets/714">
      <key>714</key>
      <name>Chancellor Drive</name>
      <type abbr="Dr">Drive</type>
    </cross-street>
    <centre>
      <utm zone="14U">
        <x>632588</x>
        <y>5519565</y>
      </utm>
      <geographic>
        <latitude>49.81386</latitude>
        <longitude>-97.157</longitude>
      </geographic>
    </centre>
  </stop>
  <stop xlink:href="stops/61217">
    <key>61217</key>
    <name>Southbound Southwest Transitway at Markham Station</name>
    <number>61217</number>
    <direction abbr="SB">Southbound</direction>
    <side abbr="NS">Nearside</side>
    <street xlink:href="streets/4667">
      <key>4667</key>
      <name>Southwest Transitway</name>
    </street>
    <cross-street xlink:href="streets/2335">
      <key>2335</key>
      <name>Markham Road</name>
      <type abbr="Rd">Road</type>
    </cross-street>
    <centre>
      <utm zone="14U">
        <x>632565</x>
        <y>5518933</y>
      </utm>
      <geographic>
        <latitude>49.80819</latitude>
        <longitude>-97.15753</longitude>
      </geographic>
    </centre>
  </stop>
  <stop xlink:href="stops/62004">
    <key>62004</key>
    <name>Northbound Pembina at De La Digue</name>
    <number>62004</number>
    <direction abbr="NB">Northbound</direction>
    <side abbr="FS">Farside</side>
    <street xlink:href="streets/2818">
      <key>2818</key>
      <name>Pembina Highway</name>
      <type abbr="Hwy">Highway</type>
    </street>
    <cross-street xlink:href="streets/995">
      <key>995</key>
      <name>De La Digue Avenue</name>
      <type abbr="Ave">Avenue</type>
    </cross-street>
    <centre>
      <utm zone="14U">
        <x>632885</x>
        <y>5514326</y>
      </utm>
      <geographic>
        <latitude>49.7667</latitude>
        <longitude>-97.15466</longitude>
      </geographic>
    </centre>
  </stop>
  <stop xlink:href="stops/62007">
    <key>62007</key>
    <name>Southbound Pembina at Grandmont</name>
    <number>62007</number>
    <direction abbr="SB">Southbound</direction>
    <side abbr="FS">Farside</side>
    <street xlink:href="streets/2818">
      <key>2818</key>
      <name>Pembina Highway</name>
      <type abbr="Hwy">Highway</type>
    </street>
    <cross-street xlink:href="streets/1539">
      <key>1539</key>
      <name>Grandmont Boulevard</name>
      <type abbr="Blvd">Boulevard</type>
    </cross-street>
    <centre>
      <utm zone="14U">
        <x>632715</x>
        <y>5514804</y>
      </utm>
      <geographic>
        <latitude>49.77104</latitude>
        <longitude>-97.15686</longitude>
      </geographic>
    </centre>
  </stop>
  <stop xlink:href="stops/62042">
    <key>62042</key>
    <name>Southbound Pembina at Lemay</name>
    <number>62042</number>
    <direction abbr="SB">Southbound</direction>
    <side abbr="FSO">Farside Opposite</side>
    <street xlink:href="streets/2818">
      <key>2818</key>
      <name>Pembina Highway</name>
      <type abbr="Hwy">Highway</type>
    </street>
    <cross-street xlink:href="streets/2134">
      <key>2134</key>
      <name>Lemay Avenue</name>
      <type abbr="Ave">Avenue</type>
    </cross-street>
    <centre>
      <utm zone="14U">
        <x>632957</x>
        <y>5514142</y>
      </utm>
      <geographic>
        <latitude>49.76503</latitude>
        <longitude>-97.15373</longitude>
      </geographic>
    </centre>
  </stop>
</stops>
