<?xml version="1.0" encoding="UTF-8"?>
<stops xmlns:utm="http://winnipegtransit.com/coordinates/utm" xmlns:ang="http://winnipegtransit.com/coordinates/angular" xmlns:xlink="http://www.w3.org/1999/xlink" xlink:base="" query-time="2024-07-11T14:47:44">
  <stop xlink:href="stops/10157">
    <key>10157</key>
    <name>Eastbound Mayfair at Queen Elizabeth</name>
    <number>10157</number>
    <direction abbr="EB">Eastbound</direction>
    <side abbr="NS">Nearside</side>
    <street xlink:href="streets/2380">
      <key>2380</key>
      <name>Mayfair Avenue</name>
      <type abbr="Ave">Avenue</type>
    </street>
    <cross-street xlink:href="streets/4199">
      <key>4199</key>
      <name>Queen Elizabeth Way</name>
      <type abbr="Way">Way</type>
    </cross-street>
    <centre>
      <utm zone="14U">
        <x>634110</x>
        <y>5527463</y>
      </utm>
      <geographic>
        <latitude>49.88453</latitude>
        <longitude>-97.13312</longitude>
      </geographic>
    </centre>
  </stop>
  <stop xlink:href="stops/10545">
    <key>10545</key>
    <name>Westbound Portage at Colony</name>
    <number>10545</number>
    <direction abbr="WB">Westbound</direction>
    <side abbr="NS">Nearside</side>
    <street xlink:href="streets/2903">
      <key>2903</key>
      <name>Portage Avenue</name>
      <type abbr="Ave">Avenue</type>
    </street>
    <cross-street xlink:href="streets/825">
      <key>825</key>
      <name>Colony Street</name>
      <type abbr="St">Street</type>
    </cross-street>
    <centre>
      <utm zone="14U">
        <x>632840</x>
        <y>5528176</y>
      </utm>
      <geographic>
        <latitude>49.89122</latitude>
        <longitude>-97.15054</longitude>
      </geographic>
    </centre>
  </stop>
  <stop xlink:href="stops/10612">
    <key>10612</key>
    <name>Westbound Graham at Garry (Wpg Square)</name>
    <number>10612</number>
    <direction abbr="WB">Westbound</direction>
    <side abbr="NS">Nearside</side>
    <street xlink:href="streets/1533">
      <key>1533</key>
      <name>Graham Avenue</name>
      <type abbr="Ave">Avenue</type>
    </street>
    <cross-street xlink:href="streets/1437">
      <key>1437</key>
      <name>Garry Street</name>
      <type abbr="St">Street</type>
    </cross-street>
    <centre>
      <utm zone="14U">
        <x>633608</x>
        <y>5528372</y>
      </utm>
      <geographic>
        <latitude>49.89281</latitude>
        <longitude>-97.13979</longitude>
      </geographic>
    </centre>
  </stop>
  <stop xlink:href="stops/10614">
    <key>10614</key>
    <name>Westbound Graham at Donald (Canada Life Centre)</name>
    <number>10614</number>
    <direction abbr="WB">Westbound</direction>
    <side abbr="NS">Nearside</side>
    <street xlink:href="streets/1533">
      <key>1533</key>
      <name>Graham Avenue</name>
      <type abbr="Ave">Avenue</type>
    </street>
    <cross-street xlink:href="streets/1070">
      <key>1070</key>
      <name>Donald Street</name>
      <type abbr="St">Street</type>
    </cross-street>
    <centre>
      <utm zone="14U">
        <x>633417</x>
        <y>5528300</y>
      </utm>
      <geographic>
        <latitude>49.8922</latitude>
        <longitude>-97.14247</longitude>
      </geographic>
    </centre>
  </stop>
  <stop xlink:href="stops/10617">
    <key>10617</key>
    <name>Westbound Graham at Edmonton (RWB)</name>
    <number>10617</number>
    <direction abbr="WB">Westbound</direction>
    <side abbr="NS">Nearside</side>
    <street xlink:href="streets/1533">
      <key>1533</key>
      <name>Graham Avenue</name>
      <type abbr="Ave">Avenue</type>
    </street>
    <cross-street xlink:href="streets/1201">
      <key>1201</key>
      <name>Edmonton Street</name>
      <type abbr="St">Street</type>
    </cross-street>
    <centre>
      <utm zone="14U">
        <x>633134</x>
        <y>5528193</y>
      </utm>
      <geographic>
        <latitude>49.89131</latitude>
        <longitude>-97.14645</longitude>
      </geographic>
    </centre>
  </stop>
  <stop xlink:href="stops/10619">
    <key>10619</key>
    <name>Westbound Graham at Vaughan (The Bay)</name>
    <number>10619</number>
    <direction abbr="WB">Westbound</direction>
    <side abbr="NS">Nearside</side>
    <street xlink:href="streets/1533">
      <key>1533</key>
      <name>Graham Avenue</name>
      <type abbr="Ave">Avenue</type>
    </street>
    <cross-street xlink:href="streets/3716">
      <key>3716</key>
      <name>Vaughan Street</name>
      <type abbr="St">Street</type>
    </cross-street>
    <centre>
      <utm zone="14U">
        <x>632952</x>
        <y>5528122</y>
      </utm>
      <geographic>
        <latitude>49.89071</latitude>
        <longitude>-97.149</longitude>
      </geographic>
    </centre>
  </stop>
  <stop xlink:href="stops/10624">
    <key>10624</key>
    <name>Northbound Main at Assiniboine</name>
    <number>10624</number>
    <direction abbr="NB">Northbound</direction>
    <side abbr="NSO">Nearside Opposite</side>
    <street xlink:href="streets/2265">
      <key>2265</key>
      <name>Main Street</name>
      <type abbr="St">Street</type>
    </street>
    <cross-street xlink:href="streets/174">
      <key>174</key>
      <name>Assiniboine Avenue</name>
      <type abbr="Ave">Avenue</type>
    </cross-street>
    <centre>
      <utm zone="14U">
        <x>634077</x>
        <y>5527722</y>
      </utm>
      <geographic>
        <latitude>49.88686</latitude>
        <longitude>-97.13349</longitude>
      </geographic>
    </centre>
  </stop>
  <stop xlink:href="stops/10625">
    <key>10625</key>
    <name>Northbound Main at Broadway (Union Station)</name>
    <number>10625</number>
    <direction abbr="NB">Northbound</direction>
    <side abbr="FSO">Farside Opposite</side>
    <street xlink:href="streets/2265">
      <key>2265</key>
      <name>Main Street</name>
      <type abbr="St">Street</type>
    </street>
    <cross-street xlink:href="streets/519">
      <key>519</key>
      <name>Broadway</name>
    </cross-street>
    <centre>
      <utm zone="14U">
        <x>633972</x>
        <y>5527987</y>
      </utm>
      <geographic>
        <latitude>49.88927</latitude>
        <longitude>-97.13486</longitude>
      </geographic>
    </centre>
  </stop>
  <stop xlink:href="stops/10831">
    <key>10831</key>
    <name>Northbound Balmoral at Balmoral Station (BLUE)</name>
    <number>10831</number>
    <direction abbr="NB">Northbound</direction>
    <side abbr="NA">NA</side>
    <street xlink:href="streets/228">
      <key>228</key>
      <name>Balmoral Street</name>
      <type abbr="St">Street</type>
    </street>
    <cross-street xlink:href="streets/50002024">
      <key>50002024</key>
      <name>Balmoral Station</name>
      <type abbr="Term">Terminal</type>
    </cross-street>
    <centre>
      <utm zone="14U">
        <x>632699</x>
        <y>5528207</y>
      </utm>
      <geographic>
        <latitude>49.89153</latitude>
        <longitude>-97.1525</longitude>
      </geographic>
    </centre>
  </stop>
  <stop xlink:href="stops/11028">
    <key>11028</key>
    <name>Northbound Southwest Transitway at Harkness Station</name>
    <number>11028</number>
    <direction abbr="NB">Northbound</direction>
    <side abbr="NSO">Nearside Opposite</side>
    <street xlink:href="streets/4667">
      <key>4667</key>
      <name>Southwest Transitway</name>
    </street>
    <cross-street xlink:href="streets/1645">
      <key>1645</key>
      <name>Harkness Street</name>
      <type abbr="St">Street</type>
    </cross-street>
    <centre>
      <utm zone="14U">
        <x>633992</x>
        <y>5527060</y>
      </utm>
      <geographic>
        <latitude>49.88093</latitude>
        <longitude>-97.1349</longitude>
      </geographic>
    </centre>
  </stop>
  <stop xlink:href="stops/11030">
    <key>11030</key>
    <name>Northbound Southwest Transitway at Osborne Station</name>
    <number>11030</number>
    <direction abbr="NB">Northbound</direction>
    <side abbr="FSO">Farside Opposite</side>
    <street xlink:href="streets/4667">
      <key>4667</key>
      <name>Southwest Transitway</name>
    </street>
    <cross-street xlink:href="streets/3786">
      <key>3786</key>
      <name>Warsaw Avenue</name>
      <type abbr="Ave">Avenue</type>
    </cross-street>
    <centre>
      <utm zone="14U">
        <x>633594</x>
        <y>5526233</y>
      </utm>
      <geographic>
        <latitude>49.87358</latitude>
        <longitude>-97.14072</longitude>
      </geographic>
    </centre>
  </stop>
  <stop xlink:href="stops/11032">
    <key>11032</key>
    <name>Northbound Southwest Transitway at Fort Rouge Station</name>
    <number>11032</number>
    <direction abbr="NB">Northbound</direction>
    <side abbr="FS">Farside</side>
    <street xlink:href="streets/4667">
      <key>4667</key>
      <name>Southwest Transitway</name>
    </street>
    <cross-street xlink:href="streets/50002021">
      <key>50002021</key>
      <name>Fort Rouge Station</name>
      <type abbr="Term">Terminal</type>
    </cross-street>
    <centre>
      <utm zone="14U">
        <x>633309</x>
        <y>5525048</y>
      </utm>
      <geographic>
        <latitude>49.86299</latitude>
        <longitude>-97.1451</longitude>
      </geographic>
    </centre>
  </stop>
  <stop xlink:href="stops/11034">
    <key>11034</key>
    <name>Northbound Southwest Transitway at Jubilee Station</name>
    <number>11034</number>
    <direction abbr="NB">Northbound</direction>
    <side abbr="FS">Farside</side>
    <street xlink:href="streets/4667">
      <key>4667</key>
      <name>Southwest Transitway</name>
    </street>
    <cross-street xlink:href="streets/50000021">
      <key>50000021</key>
      <name>Jubilee Ramp over Pembina</name>
    </cross-street>
    <centre>
      <utm zone="14U">
        <x>632998</x>
        <y>5524279</y>
      </utm>
      <geographic>
        <latitude>49.85615</latitude>
        <longitude>-97.14969</longitude>
      </geographic>
    </centre>
  </stop>
  <stop xlink:href="stops/60027">
    <key>60027</key>
    <name>Northbound Pembina at De Vos</name>
    <number>60027</number>
    <direction abbr="NB">Northbound</direction>
    <side abbr="FSO">Farside Opposite</side>
    <street xlink:href="streets/2818">
      <key>2818</key>
      <name>Pembina Highway</name>
      <type abbr="Hwy">Highway</type>
    </street>
    <cross-street xlink:href="streets/999">
      <key>999</key>
      <name>De Vos Road</name>
      <type abbr="Rd">Road</type>
    </cross-street>
    <centre>
      <utm zone="14U">
        <x>632711</x>
        <y>5515818</y>
      </utm>
      <geographic>
        <latitude>49.78015</latitude>
        <longitude>-97.15657</longitude>
      </geographic>
    </centre>
  </stop>
  <stop xlink:href="stops/60029">
    <key>60029</key>
    <name>Northbound Pembina at Dalhousie South</name>
    <number>60029</number>
    <direction abbr="NB">Northbound</direction>
    <side abbr="FS">Farside</side>
    <street xlink:href="streets/2818">
      <key>2818</key>
      <name>Pembina Highway</name>
      <type abbr="Hwy">Highway</type>
    </street>
    <cross-street xlink:href="streets/958">
      <key>958</key>
      <name>Dalhousie Drive</name>
      <type abbr="Dr">Drive</type>
    </cross-street>
    <centre>
      <utm zone="14U">
        <x>632696</x>
        <y>5516035</y>
      </utm>
      <geographic>
        <latitude>49.78211</latitude>
        <longitude>-97.1567</longitude>
      </geographic>
    </centre>
  </stop>
  <stop xlink:href="stops/60031">
    <key>60031</key>
    <name>Northbound Pembina at Newdale</name>
    <number>60031</number>
    <direction abbr="NB">Northbound</direction>
    <side abbr="FSO">Farside Opposite</side>
    <street xlink:href="streets/2818">
      <key>2818</key>
      <name>Pembina Highway</name>
      <type abbr="Hwy">Highway</type>
    </street>
    <cross-street xlink:href="streets/2615">
      <key>2615</key>
      <name>Newdale Avenue</name>
      <type abbr="Ave">Avenue</type>
    </cross-street>
    <centre>
      <utm zone="14U">
        <x>632680</x>
        <y>5516299</y>
      </utm>
      <geographic>
        <latitude>49.78448</latitude>
        <longitude>-97.15684</longitude>
      </geographic>
    </centre>
  </stop>
  <stop xlink:href="stops/60032">
    <key>60032</key>
    <name>Northbound Pembina at Newdale North</name>
    <number>60032</number>
    <direction abbr="NB">Northbound</direction>
    <side abbr="FSO">Farside Opposite</side>
    <street xlink:href="streets/2818">
      <key>2818</key>
      <name>Pembina Highway</name>
      <type abbr="Hwy">Highway</type>
    </street>
    <cross-street xlink:href="streets/2615">
      <key>2615</key>
      <name>Newdale Avenue</name>
      <type abbr="Ave">Avenue</type>
    </cross-street>
    <centre>
      <utm zone="14U">
        <x>632663</x>
        <y>5516571</y>
      </utm>
      <geographic>
        <latitude>49.78693</latitude>
        <longitude>-97.15698</longitude>
      </geographic>
    </centre>
  </stop>
  <stop xlink:href="stops/60059">
    <key>60059</key>
    <name>Northbound Pembina at Cloutier South</name>
    <number>60059</number>
    <direction abbr="NB">Northbound</direction>
    <side abbr="NS">Nearside</side>
    <street xlink:href="streets/2818">
      <key>2818</key>
      <name>Pembina Highway</name>
      <type abbr="Hwy">Highway</type>
    </street>
    <cross-street xlink:href="streets/798">
      <key>798</key>
      <name>Cloutier Drive</name>
      <type abbr="Dr">Drive</type>
    </cross-street>
    <centre>
      <utm zone="14U">
        <x>632755</x>
        <y>5515076</y>
      </utm>
      <geographic>
        <latitude>49.77347</latitude>
        <longitude>-97.15621</longitude>
      </geographic>
    </centre>
  </stop>
  <stop xlink:href="stops/60066">
    <key>60066</key>
    <name>Northbound Pembina at Greencrest</name>
    <number>60066</number>
    <direction abbr="NB">Northbound</direction>
    <side abbr="NS">Nearside</side>
    <street xlink:href="streets/2818">
      <key>2818</key>
      <name>Pembina Highway</name>
      <type abbr="Hwy">Highway</type>
    </street>
    <cross-street xlink:href="streets/1552">
      <key>1552</key>
      <name>Greencrest Avenue</name>
      <type abbr="Ave">Avenue</type>
    </cross-street>
    <centre>
      <utm zone="14U">
        <x>632628</x>
        <y>5517201</y>
      </utm>
      <geographic>
        <latitude>49.7926</latitude>
        <longitude>-97.15725</longitude>
      </geographic>
    </centre>
  </stop>
  <stop xlink:href="stops/60069">
    <key>60069</key>
    <name>Northbound Pembina at Dalhousie North</name>
    <number>60069</number>
    <direction abbr="NB">Northbound</direction>
    <side abbr="FS">Farside</side>
    <street xlink:href="streets/2818">
      <key>2818</key>
      <name>Pembina Highway</name>
      <type abbr="Hwy">Highway</type>
    </street>
    <cross-street xlink:href="streets/958">
      <key>958</key>
      <name>Dalhousie Drive</name>
      <type abbr="Dr">Drive</type>
    </cross-street>
    <centre>
      <utm zone="14U">
        <x>632628</x>
        <y>5517502</y>
      </utm>
      <geographic>
        <latitude>49.79531</latitude>
        <longitude>-97.15715</longitude>
      </geographic>
    </centre>
  </stop>
  <stop xlink:href="stops/60093">
    <key>60093</key>
    <name>Northbound Pembina at Fairfield</name>
    <number>60093</number>
    <direction abbr="NB">Northbound</direction>
    <side abbr="FS">Farside</side>
    <street xlink:href="streets/2818">
      <key>2818</key>
      <name>Pembina Highway</name>
      <type abbr="Hwy">Highway</type>
    </street>
    <cross-street xlink:href="streets/958">
      <key>958</key>
      <name>Dalhousie Drive</name>
      <type abbr="Dr">Drive</type>
    </cross-street>
    <centre>
      <utm zone="14U">
        <x>632628</x>
        <y>5517806</y>
      </utm>
      <geographic>
        <latitude>49.79804</latitude>
        <longitude>-97.15704</longitude>
      </geographic>
    </centre>
  </stop>
  <stop xlink:href="stops/60095">
    <key>60095</key>
    <name>Northbound Pembina at Chancellor Matheson</name>
    <number>60095</number>
    <direction abbr="NB">Northbound</direction>
    <side abbr="FS">Farside</side>
    <street xlink:href="streets/2818">
      <key>2818</key>
      <name>Pembina Highway</name>
      <type abbr="Hwy">Highway</type>
    </street>
    <cross-street xlink:href="streets/715">
      <key>715</key>
      <name>Chancellor Matheson Road</name>
      <type abbr="Rd">Road</type>
    </cross-street>
    <centre>
      <utm zone="14U">
        <x>632630</x>
        <y>5518222</y>
      </utm>
      <geographic>
        <latitude>49.80178</latitude>
        <longitude>-97.15687</longitude>
      </geographic>
    </centre>
  </stop>
  <stop xlink:href="stops/60103">
    <key>60103</key>
    <name>Northbound University at Chancellor Matheson</name>
    <number>60103</number>
    <direction abbr="NB">Northbound</direction>
    <side abbr="NSO">Nearside Opposite</side>
    <street xlink:href="streets/3689">
      <key>3689</key>
      <name>University Crescent</name>
      <type abbr="Cres">Crescent</type>
    </street>
    <cross-street xlink:href="streets/715">
      <key>715</key>
      <name>Chancellor Matheson Road</name>
      <type abbr="Rd">Road</type>
    </cross-street>
    <centre>
      <utm zone="14U">
        <x>633858</x>
        <y>5518851</y>
      </utm>
      <geographic>
        <latitude>49.80716</latitude>
        <longitude>-97.1396</longitude>
      </geographic>
    </centre>
  </stop>
  <stop xlink:href="stops/60105">
    <key>60105</key>
    <name>Westbound Dafoe at Agriculture</name>
    <number>60105</number>
    <direction abbr="WB">Westbound</direction>
    <side abbr="NS">Nearside</side>
    <street xlink:href="streets/950">
      <key>950</key>
      <name>Dafoe Road</name>
      <type abbr="Rd">Road</type>
    </street>
    <cross-street xlink:href="streets/3689">
      <key>3689</key>
      <name>University Crescent</name>
      <type abbr="Cres">Crescent</type>
    </cross-street>
    <centre>
      <utm zone="14U">
        <x>634080</x>
        <y>5518814</y>
      </utm>
      <geographic>
        <latitude>49.80678</latitude>
        <longitude>-97.13653</longitude>
      </geographic>
    </centre>
  </stop>
  <stop xlink:href="stops/60116">
    <key>60116</key>
    <name>Northbound Pembina at Chancellor Matheson North</name>
    <number>60116</number>
    <direction abbr="NB">Northbound</direction>
    <side abbr="FS">Farside</side>
    <street xlink:href="streets/2818">
      <key>2818</key>
      <name>Pembina Highway</name>
      <type abbr="Hwy">Highway</type>
    </street>
    <cross-street xlink:href="streets/715">
      <key>715</key>
      <name>Chancellor Matheson Road</name>
      <type abbr="Rd">Road</type>
    </cross-street>
    <centre>
      <utm zone="14U">
        <x>632646</x>
        <y>5518373</y>
      </utm>
      <geographic>
        <latitude>49.80314</latitude>
        <longitude>-97.1566</longitude>
      </geographic>
    </centre>
  </stop>
  <stop xlink:href="stops/60120">
    <key>60120</key>
    <name>Northbound Pembina at Dartmouth</name>
    <number>60120</number>
    <direction abbr="NB">Northbound</direction>
    <side abbr="NS">Nearside</side>
    <street xlink:href="streets/2818">
      <key>2818</key>
      <name>Pembina Highway</name>
      <type abbr="Hwy">Highway</type>
    </street>
    <cross-street xlink:href="streets/974">
      <key>974</key>
      <name>Dartmouth Drive</name>
      <type abbr="Dr">Drive</type>
    </cross-street>
    <centre>
      <utm zone="14U">
        <x>632747</x>
        <y>5518698</y>
      </utm>
      <geographic>
        <latitude>49.80604</latitude>
        <longitude>-97.15509</longitude>
      </geographic>
    </centre>
  </stop>
  <stop xlink:href="stops/60124">
    <key>60124</key>
    <name>Westbound Markham at Pembina</name>
    <number>60124</number>
    <direction abbr="WB">Westbound</direction>
    <side abbr="FS">Farside</side>
    <street xlink:href="streets/2335">
      <key>2335</key>
      <name>Markham Road</name>
      <type abbr="Rd">Road</type>
    </street>
    <cross-street xlink:href="streets/2818">
      <key>2818</key>
      <name>Pembina Highway</name>
      <type abbr="Hwy">Highway</type>
    </cross-street>
    <centre>
      <utm zone="14U">
        <x>632767</x>
        <y>5519002</y>
      </utm>
      <geographic>
        <latitude>49.80876</latitude>
        <longitude>-97.1547</longitude>
      </geographic>
    </centre>
  </stop>
  <stop xlink:href="stops/60656">
    <key>60656</key>
    <name>Northbound Pembina at Killarney North</name>
    <number>60656</number>
    <direction abbr="NB">Northbound</direction>
    <side abbr="FS">Farside</side>
    <street xlink:href="streets/2818">
      <key>2818</key>
      <name>Pembina Highway</name>
      <type abbr="Hwy">Highway</type>
    </street>
    <cross-street xlink:href="streets/1964">
      <key>1964</key>
      <name>Killarney Avenue</name>
      <type abbr="Ave">Avenue</type>
    </cross-street>
    <centre>
      <utm zone="14U">
        <x>632632</x>
        <y>5517005</y>
      </utm>
      <geographic>
        <latitude>49.79084</latitude>
        <longitude>-97.15726</longitude>
      </geographic>
    </centre>
  </stop>
  <stop xlink:href="stops/60675">
    <key>60675</key>
    <name>Westbound Dafoe at U of M Station (BLUE)</name>
    <number>60675</number>
    <direction abbr="WB">Westbound</direction>
    <side abbr="NS">Nearside</side>
    <street xlink:href="streets/950">
      <key>950</key>
      <name>Dafoe Road</name>
      <type abbr="Rd">Road</type>
    </street>
    <cross-street xlink:href="streets/1476">
      <key>1476</key>
      <name>Gillson Street</name>
      <type abbr="St">Street</type>
    </cross-street>
    <centre>
      <utm zone="14U">
        <x>634442</x>
        <y>5519022</y>
      </utm>
      <geographic>
        <latitude>49.80857</latitude>
        <longitude>-97.13143</longitude>
      </geographic>
    </centre>
  </stop>
  <stop xlink:href="stops/61104">
    <key>61104</key>
    <name>Northbound Pembina at Killarney</name>
    <number>61104</number>
    <direction abbr="NB">Northbound</direction>
    <side abbr="NS">Nearside</side>
    <street xlink:href="streets/2818">
      <key>2818</key>
      <name>Pembina Highway</name>
      <type abbr="Hwy">Highway</type>
    </street>
    <cross-street xlink:href="streets/1964">
      <key>1964</key>
      <name>Killarney Avenue</name>
      <type abbr="Ave">Avenue</type>
    </cross-street>
    <centre>
      <utm zone="14U">
        <x>632647</x>
        <y>5516806</y>
      </utm>
      <geographic>
        <latitude>49.78905</latitude>
        <longitude>-97.15712</longitude>
      </geographic>
    </centre>
  </stop>
  <stop xlink:href="stops/61202">
    <key>61202</key>
    <name>Northbound Southwest Transitway at Beaumont Station</name>
    <number>61202</number>
    <direction abbr="NB">Northbound</direction>
    <side abbr="NS">Nearside</side>
    <street xlink:href="streets/4667">
      <key>4667</key>
      <name>Southwest Transitway</name>
    </street>
    <cross-street xlink:href="streets/290">
      <key>290</key>
      <name>Beaumont Street</name>
      <type abbr="St">Street</type>
    </cross-street>
    <centre>
      <utm zone="14U">
        <x>631886</x>
        <y>5523427</y>
      </utm>
      <geographic>
        <latitude>49.84874</latitude>
        <longitude>-97.16544</longitude>
      </geographic>
    </centre>
  </stop>
  <stop xlink:href="stops/61204">
    <key>61204</key>
    <name>Northbound Southwest Transitway at Seel Station</name>
    <number>61204</number>
    <direction abbr="NB">Northbound</direction>
    <side abbr="FS">Farside</side>
    <street xlink:href="streets/4667">
      <key>4667</key>
      <name>Southwest Transitway</name>
    </street>
    <cross-street xlink:href="streets/3256">
      <key>3256</key>
      <name>Seel Avenue</name>
      <type abbr="Ave">Avenue</type>
    </cross-street>
    <centre>
      <utm zone="14U">
        <x>631631</x>
        <y>5522794</y>
      </utm>
      <geographic>
        <latitude>49.8431</latitude>
        <longitude>-97.1692</longitude>
      </geographic>
    </centre>
  </stop>
  <stop xlink:href="stops/61206">
    <key>61206</key>
    <name>Northbound Southwest Transitway at Clarence Station</name>
    <number>61206</number>
    <direction abbr="NB">Northbound</direction>
    <side abbr="FS">Farside</side>
    <street xlink:href="streets/4667">
      <key>4667</key>
      <name>Southwest Transitway</name>
    </street>
    <cross-street xlink:href="streets/783">
      <key>783</key>
      <name>Clarence Avenue</name>
      <type abbr="Ave">Avenue</type>
    </cross-street>
    <centre>
      <utm zone="14U">
        <x>632152</x>
        <y>5521851</y>
      </utm>
      <geographic>
        <latitude>49.83451</latitude>
        <longitude>-97.16228</longitude>
      </geographic>
    </centre>
  </stop>
  <stop xlink:href="stops/61208">
    <key>61208</key>
    <name>Northbound Southwest Transitway at Chevrier Station</name>
    <number>61208</number>
    <direction abbr="NB">Northbound</direction>
    <side abbr="FS">Farside</side>
    <street xlink:href="streets/4667">
      <key>4667</key>
      <name>Southwest Transitway</name>
    </street>
    <cross-street xlink:href="streets/756">
      <key>756</key>
      <name>Chevrier Boulevard</name>
      <type abbr="Blvd">Boulevard</type>
    </cross-street>
    <centre>
      <utm zone="14U">
        <x>632400</x>
        <y>5521414</y>
      </utm>
      <geographic>
        <latitude>49.83053</latitude>
        <longitude>-97.15898</longitude>
      </geographic>
    </centre>
  </stop>
  <stop xlink:href="stops/61210">
    <key>61210</key>
    <name>Northbound Southwest Transitway at Plaza Station</name>
    <number>61210</number>
    <direction abbr="NB">Northbound</direction>
    <side abbr="NS">Nearside</side>
    <street xlink:href="streets/4667">
      <key>4667</key>
      <name>Southwest Transitway</name>
    </street>
    <cross-street xlink:href="streets/756">
      <key>756</key>
      <name>Chevrier Boulevard</name>
      <type abbr="Blvd">Boulevard</type>
    </cross-street>
    <centre>
      <utm zone="14U">
        <x>632636</x>
        <y>5520513</y>
      </utm>
      <geographic>
        <latitude>49.82238</latitude>
        <longitude>-97.15601</longitude>
      </geographic>
    </centre>
  </stop>
  <stop xlink:href="stops/61212">
    <key>61212</key>
    <name>Northbound Southwest Transitway at Chancellor Station</name>
    <number>61212</number>
    <direction abbr="NB">Northbound</direction>
    <side abbr="FS">Farside</side>
    <street xlink:href="streets/4667">
      <key>4667</key>
      <name>Southwest Transitway</name>
    </street>
    <cross-street xlink:href="streets/714">
      <key>714</key>
      <name>Chancellor Drive</name>
      <type abbr="Dr">Drive</type>
    </cross-street>
    <centre>
      <utm zone="14U">
        <x>632604</x>
        <y>5519760</y>
      </utm>
      <geographic>
        <latitude>49.81561</latitude>
        <longitude>-97.15671</longitude>
      </geographic>
    </centre>
  </stop>
  <stop xlink:href="stops/61214">
    <key>61214</key>
    <name>Westbound Southpark at Southpark Station</name>
    <number>61214</number>
    <direction abbr="WB">Westbound</direction>
    <side abbr="FS">Farside</side>
    <street xlink:href="streets/3402">
      <key>3402</key>
      <name>Southpark Drive</name>
      <type abbr="Dr">Drive</type>
    </street>
    <cross-street xlink:href="streets/2818">
      <key>2818</key>
      <name>Pembina Highway</name>
      <type abbr="Hwy">Highway</type>
    </cross-street>
    <centre>
      <utm zone="14U">
        <x>632766</x>
        <y>5519202</y>
      </utm>
      <geographic>
        <latitude>49.81056</latitude>
        <longitude>-97.15465</longitude>
      </geographic>
    </centre>
  </stop>
  <stop xlink:href="stops/61216">
    <key>61216</key>
    <name>Northbound Southwest Transitway at Markham Station</name>
    <number>61216</number>
    <direction abbr="NB">Northbound</direction>
    <side abbr="FS">Farside</side>
    <street xlink:href="streets/4667">
      <key>4667</key>
      <name>Southwest Transitway</name>
    </street>
    <cross-street xlink:href="streets/2335">
      <key>2335</key>
      <name>Markham Road</name>
      <type abbr="Rd">Road</type>
    </cross-street>
    <centre>
      <utm zone="14U">
        <x>632574</x>
        <y>5518988</y>
      </utm>
      <geographic>
        <latitude>49.80868</latitude>
        <longitude>-97.15739</longitude>
      </geographic>
    </centre>
  </stop>
  <stop xlink:href="stops/61255">
    <key>61255</key>
    <name>Westbound Bohemier at University Crescent</name>
    <number>61255</number>
    <direction abbr="WB">Westbound</direction>
    <side abbr="FS">Farside</side>
    <street xlink:href="streets/4946">
      <key>4946</key>
      <name>Bohemier Trail</name>
      <type abbr="Trail">Trail</type>
    </street>
    <cross-street xlink:href="streets/3689">
      <key>3689</key>
      <name>University Crescent</name>
      <type abbr="Cres">Crescent</type>
    </cross-street>
    <centre>
      <utm zone="14U">
        <x>633650</x>
        <y>5519121</y>
      </utm>
      <geographic>
        <latitude>49.80964</latitude>
        <longitude>-97.1424</longitude>
      </geographic>
    </centre>
  </stop>
  <stop xlink:href="stops/62004">
    <key>62004</key>
    <name>Northbound Pembina at De La Digue</name>
    <number>62004</number>
    <direction abbr="NB">Northbound</direction>
    <side abbr="FS">Farside</side>
    <street xlink:href="streets/2818">
      <key>2818</key>
      <name>Pembina Highway</name>
      <type abbr="Hwy">Highway</type>
    </street>
    <cross-street xlink:href="streets/995">
      <key>995</key>
      <name>De La Digue Avenue</name>
      <type abbr="Ave">Avenue</type>
    </cross-street>
    <centre>
      <utm zone="14U">
        <x>632885</x>
        <y>5514326</y>
      </utm>
      <geographic>
        <latitude>49.7667</latitude>
        <longitude>-97.15466</longitude>
      </geographic>
    </centre>
  </stop>
  <stop xlink:href="stops/62005">
    <key>62005</key>
    <name>Northbound Pembina at Ducharme</name>
    <number>62005</number>
    <direction abbr="NB">Northbound</direction>
    <side abbr="FSO">Farside Opposite</side>
    <street xlink:href="streets/2818">
      <key>2818</key>
      <name>Pembina Highway</name>
      <type abbr="Hwy">Highway</type>
    </street>
    <cross-street xlink:href="streets/1115">
      <key>1115</key>
      <name>Ducharme Avenue</name>
      <type abbr="Ave">Avenue</type>
    </cross-street>
    <centre>
      <utm zone="14U">
        <x>632753</x>
        <y>5514558</y>
      </utm>
      <geographic>
        <latitude>49.76882</latitude>
        <longitude>-97.15642</longitude>
      </geographic>
    </centre>
  </stop>
  <stop xlink:href="stops/62006">
    <key>62006</key>
    <name>Northbound Pembina at Grandmont</name>
    <number>62006</number>
    <direction abbr="NB">Northbound</direction>
    <side abbr="NSO">Nearside Opposite</side>
    <street xlink:href="streets/2818">
      <key>2818</key>
      <name>Pembina Highway</name>
      <type abbr="Hwy">Highway</type>
    </street>
    <cross-street xlink:href="streets/1539">
      <key>1539</key>
      <name>Grandmont Boulevard</name>
      <type abbr="Blvd">Boulevard</type>
    </cross-street>
    <centre>
      <utm zone="14U">
        <x>632738</x>
        <y>5514834</y>
      </utm>
      <geographic>
        <latitude>49.7713</latitude>
        <longitude>-97.15653</longitude>
      </geographic>
    </centre>
  </stop>
</stops>
