<?xml version="1.0" encoding="UTF-8"?>
<stops xmlns:utm="http://winnipegtransit.com/coordinates/utm" xmlns:ang="http://winnipegtransit.com/coordinates/angular" xmlns:xlink="http://www.w3.org/1999/xlink" xlink:base="" query-time="2024-07-11T14:44:42">
  <stop xlink:href="stops/10132">
    <key>10132</key>
    <name>Southbound Vaughan at Portage</name>
    <number>10132</number>
    <direction abbr="SB">Southbound</direction>
    <side abbr="NS">Nearside</side>
    <street xlink:href="streets/3716">
      <key>3716</key>
      <name>Vaughan Street</name>
      <type abbr="St">Street</type>
    </street>
    <cross-street xlink:href="streets/2903">
      <key>2903</key>
      <name>Portage Avenue</name>
      <type abbr="Ave">Avenue</type>
    </cross-street>
    <centre>
      <utm zone="14U">
        <x>632891</x>
        <y>5528213</y>
      </utm>
      <geographic>
        <latitude>49.89154</latitude>
        <longitude>-97.14982</longitude>
      </geographic>
    </centre>
  </stop>
  <stop xlink:href="stops/10134">
    <key>10134</key>
    <name>Southbound Vaughan at Graham (The Bay)</name>
    <number>10134</number>
    <direction abbr="SB">Southbound</direction>
    <side abbr="NSO">Nearside Opposite</side>
    <street xlink:href="streets/3716">
      <key>3716</key>
      <name>Vaughan Street</name>
      <type abbr="St">Street</type>
    </street>
    <cross-street xlink:href="streets/1533">
      <key>1533</key>
      <name>Graham Avenue</name>
      <type abbr="Ave">Avenue</type>
    </cross-street>
    <centre>
      <utm zone="14U">
        <x>632926</x>
        <y>5528127</y>
      </utm>
      <geographic>
        <latitude>49.89076</latitude>
        <longitude>-97.14936</longitude>
      </geographic>
    </centre>
  </stop>
  <stop xlink:href="stops/10297">
    <key>10297</key>
    <name>Eastbound Ellice at Colony</name>
    <number>10297</number>
    <direction abbr="EB">Eastbound</direction>
    <side abbr="FS">Farside</side>
    <street xlink:href="streets/1220">
      <key>1220</key>
      <name>Ellice Avenue</name>
      <type abbr="Ave">Avenue</type>
    </street>
    <cross-street xlink:href="streets/825">
      <key>825</key>
      <name>Colony Street</name>
      <type abbr="St">Street</type>
    </cross-street>
    <centre>
      <utm zone="14U">
        <x>632768</x>
        <y>5528409</y>
      </utm>
      <geographic>
        <latitude>49.89333</latitude>
        <longitude>-97.15147</longitude>
      </geographic>
    </centre>
  </stop>
  <stop xlink:href="stops/10299">
    <key>10299</key>
    <name>Southbound McPhillips at Elgin</name>
    <number>10299</number>
    <direction abbr="SB">Southbound</direction>
    <side abbr="NSO">Nearside Opposite</side>
    <street xlink:href="streets/2443">
      <key>2443</key>
      <name>McPhillips Street</name>
      <type abbr="St">Street</type>
    </street>
    <cross-street xlink:href="streets/1214">
      <key>1214</key>
      <name>Elgin Avenue</name>
      <type abbr="Ave">Avenue</type>
    </cross-street>
    <centre>
      <utm zone="14U">
        <x>631313</x>
        <y>5530300</y>
      </utm>
      <geographic>
        <latitude>49.91065</latitude>
        <longitude>-97.17107</longitude>
      </geographic>
    </centre>
  </stop>
  <stop xlink:href="stops/10301">
    <key>10301</key>
    <name>Southbound McPhillips at Pacific</name>
    <number>10301</number>
    <direction abbr="SB">Southbound</direction>
    <side abbr="FS">Farside</side>
    <street xlink:href="streets/2443">
      <key>2443</key>
      <name>McPhillips Street</name>
      <type abbr="St">Street</type>
    </street>
    <cross-street xlink:href="streets/2734">
      <key>2734</key>
      <name>Pacific Avenue</name>
      <type abbr="Ave">Avenue</type>
    </cross-street>
    <centre>
      <utm zone="14U">
        <x>631321</x>
        <y>5530422</y>
      </utm>
      <geographic>
        <latitude>49.91174</latitude>
        <longitude>-97.17092</longitude>
      </geographic>
    </centre>
  </stop>
  <stop xlink:href="stops/10302">
    <key>10302</key>
    <name>Southbound McPhillips at Logan</name>
    <number>10302</number>
    <direction abbr="SB">Southbound</direction>
    <side abbr="NS">Nearside</side>
    <street xlink:href="streets/2443">
      <key>2443</key>
      <name>McPhillips Street</name>
      <type abbr="St">Street</type>
    </street>
    <cross-street xlink:href="streets/2193">
      <key>2193</key>
      <name>Logan Avenue</name>
      <type abbr="Ave">Avenue</type>
    </cross-street>
    <centre>
      <utm zone="14U">
        <x>631329</x>
        <y>5530657</y>
      </utm>
      <geographic>
        <latitude>49.91386</latitude>
        <longitude>-97.17073</longitude>
      </geographic>
    </centre>
  </stop>
  <stop xlink:href="stops/10304">
    <key>10304</key>
    <name>Southbound McPhillips at Henry</name>
    <number>10304</number>
    <direction abbr="SB">Southbound</direction>
    <side abbr="NSO">Nearside Opposite</side>
    <street xlink:href="streets/2443">
      <key>2443</key>
      <name>McPhillips Street</name>
      <type abbr="St">Street</type>
    </street>
    <cross-street xlink:href="streets/1720">
      <key>1720</key>
      <name>Henry Avenue</name>
      <type abbr="Ave">Avenue</type>
    </cross-street>
    <centre>
      <utm zone="14U">
        <x>631335</x>
        <y>5530798</y>
      </utm>
      <geographic>
        <latitude>49.91512</latitude>
        <longitude>-97.17059</longitude>
      </geographic>
    </centre>
  </stop>
  <stop xlink:href="stops/10611">
    <key>10611</key>
    <name>Eastbound Graham at Fort (Wpg Square)</name>
    <number>10611</number>
    <direction abbr="EB">Eastbound</direction>
    <side abbr="NS">Nearside</side>
    <street xlink:href="streets/1533">
      <key>1533</key>
      <name>Graham Avenue</name>
      <type abbr="Ave">Avenue</type>
    </street>
    <cross-street xlink:href="streets/1365">
      <key>1365</key>
      <name>Fort Street</name>
      <type abbr="St">Street</type>
    </cross-street>
    <centre>
      <utm zone="14U">
        <x>633667</x>
        <y>5528384</y>
      </utm>
      <geographic>
        <latitude>49.8929</latitude>
        <longitude>-97.13897</longitude>
      </geographic>
    </centre>
  </stop>
  <stop xlink:href="stops/10615">
    <key>10615</key>
    <name>Eastbound Graham at Smith</name>
    <number>10615</number>
    <direction abbr="EB">Eastbound</direction>
    <side abbr="NS">Nearside</side>
    <street xlink:href="streets/1533">
      <key>1533</key>
      <name>Graham Avenue</name>
      <type abbr="Ave">Avenue</type>
    </street>
    <cross-street xlink:href="streets/3371">
      <key>3371</key>
      <name>Smith Street</name>
      <type abbr="St">Street</type>
    </cross-street>
    <centre>
      <utm zone="14U">
        <x>633485</x>
        <y>5528315</y>
      </utm>
      <geographic>
        <latitude>49.89232</latitude>
        <longitude>-97.14152</longitude>
      </geographic>
    </centre>
  </stop>
  <stop xlink:href="stops/10616">
    <key>10616</key>
    <name>Eastbound Graham at Hargrave</name>
    <number>10616</number>
    <direction abbr="EB">Eastbound</direction>
    <side abbr="NS">Nearside</side>
    <street xlink:href="streets/1533">
      <key>1533</key>
      <name>Graham Avenue</name>
      <type abbr="Ave">Avenue</type>
    </street>
    <cross-street xlink:href="streets/1644">
      <key>1644</key>
      <name>Hargrave Street</name>
      <type abbr="St">Street</type>
    </cross-street>
    <centre>
      <utm zone="14U">
        <x>633299</x>
        <y>5528243</y>
      </utm>
      <geographic>
        <latitude>49.89172</latitude>
        <longitude>-97.14413</longitude>
      </geographic>
    </centre>
  </stop>
  <stop xlink:href="stops/10618">
    <key>10618</key>
    <name>Eastbound Graham at Edmonton (RWB)</name>
    <number>10618</number>
    <direction abbr="EB">Eastbound</direction>
    <side abbr="NS">Nearside</side>
    <street xlink:href="streets/1533">
      <key>1533</key>
      <name>Graham Avenue</name>
      <type abbr="Ave">Avenue</type>
    </street>
    <cross-street xlink:href="streets/1201">
      <key>1201</key>
      <name>Edmonton Street</name>
      <type abbr="St">Street</type>
    </cross-street>
    <centre>
      <utm zone="14U">
        <x>633114</x>
        <y>5528174</y>
      </utm>
      <geographic>
        <latitude>49.89114</latitude>
        <longitude>-97.14673</longitude>
      </geographic>
    </centre>
  </stop>
  <stop xlink:href="stops/10644">
    <key>10644</key>
    <name>Northbound Fort at Graham North</name>
    <number>10644</number>
    <direction abbr="NB">Northbound</direction>
    <side abbr="FS">Farside</side>
    <street xlink:href="streets/1365">
      <key>1365</key>
      <name>Fort Street</name>
      <type abbr="St">Street</type>
    </street>
    <cross-street xlink:href="streets/1533">
      <key>1533</key>
      <name>Graham Avenue</name>
      <type abbr="Ave">Avenue</type>
    </cross-street>
    <centre>
      <utm zone="14U">
        <x>633649</x>
        <y>5528524</y>
      </utm>
      <geographic>
        <latitude>49.89417</latitude>
        <longitude>-97.13917</longitude>
      </geographic>
    </centre>
  </stop>
  <stop xlink:href="stops/10646">
    <key>10646</key>
    <name>Northbound Fort at Portage</name>
    <number>10646</number>
    <direction abbr="NB">Northbound</direction>
    <side abbr="NS">Nearside</side>
    <street xlink:href="streets/1365">
      <key>1365</key>
      <name>Fort Street</name>
      <type abbr="St">Street</type>
    </street>
    <cross-street xlink:href="streets/2903">
      <key>2903</key>
      <name>Portage Avenue</name>
      <type abbr="Ave">Avenue</type>
    </cross-street>
    <centre>
      <utm zone="14U">
        <x>633625</x>
        <y>5528592</y>
      </utm>
      <geographic>
        <latitude>49.89478</latitude>
        <longitude>-97.13948</longitude>
      </geographic>
    </centre>
  </stop>
  <stop xlink:href="stops/10648">
    <key>10648</key>
    <name>Southbound Garry at Portage North</name>
    <number>10648</number>
    <direction abbr="SB">Southbound</direction>
    <side abbr="NS">Nearside</side>
    <street xlink:href="streets/1437">
      <key>1437</key>
      <name>Garry Street</name>
      <type abbr="St">Street</type>
    </street>
    <cross-street xlink:href="streets/2903">
      <key>2903</key>
      <name>Portage Avenue</name>
      <type abbr="Ave">Avenue</type>
    </cross-street>
    <centre>
      <utm zone="14U">
        <x>633494</x>
        <y>5528589</y>
      </utm>
      <geographic>
        <latitude>49.89479</latitude>
        <longitude>-97.1413</longitude>
      </geographic>
    </centre>
  </stop>
  <stop xlink:href="stops/10729">
    <key>10729</key>
    <name>Eastbound William at Isabel</name>
    <number>10729</number>
    <direction abbr="EB">Eastbound</direction>
    <side abbr="NS">Nearside</side>
    <street xlink:href="streets/3905">
      <key>3905</key>
      <name>William Avenue</name>
      <type abbr="Ave">Avenue</type>
    </street>
    <cross-street xlink:href="streets/1852">
      <key>1852</key>
      <name>Isabel Street</name>
      <type abbr="St">Street</type>
    </cross-street>
    <centre>
      <utm zone="14U">
        <x>632845</x>
        <y>5529407</y>
      </utm>
      <geographic>
        <latitude>49.90228</latitude>
        <longitude>-97.15005</longitude>
      </geographic>
    </centre>
  </stop>
  <stop xlink:href="stops/10732">
    <key>10732</key>
    <name>Eastbound William at Kate</name>
    <number>10732</number>
    <direction abbr="EB">Eastbound</direction>
    <side abbr="NS">Nearside</side>
    <street xlink:href="streets/3905">
      <key>3905</key>
      <name>William Avenue</name>
      <type abbr="Ave">Avenue</type>
    </street>
    <cross-street xlink:href="streets/1914">
      <key>1914</key>
      <name>Kate Street</name>
      <type abbr="St">Street</type>
    </cross-street>
    <centre>
      <utm zone="14U">
        <x>632677</x>
        <y>5529486</y>
      </utm>
      <geographic>
        <latitude>49.90303</latitude>
        <longitude>-97.15236</longitude>
      </geographic>
    </centre>
  </stop>
  <stop xlink:href="stops/10737">
    <key>10737</key>
    <name>Eastbound William at Sherbrook (HSC)</name>
    <number>10737</number>
    <direction abbr="EB">Eastbound</direction>
    <side abbr="NS">Nearside</side>
    <street xlink:href="streets/3905">
      <key>3905</key>
      <name>William Avenue</name>
      <type abbr="Ave">Avenue</type>
    </street>
    <cross-street xlink:href="streets/3318">
      <key>3318</key>
      <name>Sherbrook Street</name>
      <type abbr="St">Street</type>
    </cross-street>
    <centre>
      <utm zone="14U">
        <x>632420</x>
        <y>5529606</y>
      </utm>
      <geographic>
        <latitude>49.90417</latitude>
        <longitude>-97.1559</longitude>
      </geographic>
    </centre>
  </stop>
  <stop xlink:href="stops/10741">
    <key>10741</key>
    <name>Eastbound William at Tecumseh East (HSC)</name>
    <number>10741</number>
    <direction abbr="EB">Eastbound</direction>
    <side abbr="FSO">Farside Opposite</side>
    <street xlink:href="streets/3905">
      <key>3905</key>
      <name>William Avenue</name>
      <type abbr="Ave">Avenue</type>
    </street>
    <cross-street xlink:href="streets/3580">
      <key>3580</key>
      <name>Tecumseh Street</name>
      <type abbr="St">Street</type>
    </cross-street>
    <centre>
      <utm zone="14U">
        <x>632209</x>
        <y>5529704</y>
      </utm>
      <geographic>
        <latitude>49.90509</latitude>
        <longitude>-97.1588</longitude>
      </geographic>
    </centre>
  </stop>
  <stop xlink:href="stops/10743">
    <key>10743</key>
    <name>Eastbound William at Tecumseh</name>
    <number>10743</number>
    <direction abbr="EB">Eastbound</direction>
    <side abbr="NS">Nearside</side>
    <street xlink:href="streets/3905">
      <key>3905</key>
      <name>William Avenue</name>
      <type abbr="Ave">Avenue</type>
    </street>
    <cross-street xlink:href="streets/3580">
      <key>3580</key>
      <name>Tecumseh Street</name>
      <type abbr="St">Street</type>
    </cross-street>
    <centre>
      <utm zone="14U">
        <x>631927</x>
        <y>5529836</y>
      </utm>
      <geographic>
        <latitude>49.90634</latitude>
        <longitude>-97.16268</longitude>
      </geographic>
    </centre>
  </stop>
  <stop xlink:href="stops/10745">
    <key>10745</key>
    <name>Eastbound William at Arlington</name>
    <number>10745</number>
    <direction abbr="EB">Eastbound</direction>
    <side abbr="FS">Farside</side>
    <street xlink:href="streets/3905">
      <key>3905</key>
      <name>William Avenue</name>
      <type abbr="Ave">Avenue</type>
    </street>
    <cross-street xlink:href="streets/141">
      <key>141</key>
      <name>Arlington Street</name>
      <type abbr="St">Street</type>
    </cross-street>
    <centre>
      <utm zone="14U">
        <x>631752</x>
        <y>5529918</y>
      </utm>
      <geographic>
        <latitude>49.90712</latitude>
        <longitude>-97.16509</longitude>
      </geographic>
    </centre>
  </stop>
  <stop xlink:href="stops/10747">
    <key>10747</key>
    <name>Eastbound William at Lark</name>
    <number>10747</number>
    <direction abbr="EB">Eastbound</direction>
    <side abbr="FS">Farside</side>
    <street xlink:href="streets/3905">
      <key>3905</key>
      <name>William Avenue</name>
      <type abbr="Ave">Avenue</type>
    </street>
    <cross-street xlink:href="streets/2088">
      <key>2088</key>
      <name>Lark Street</name>
      <type abbr="St">Street</type>
    </cross-street>
    <centre>
      <utm zone="14U">
        <x>631494</x>
        <y>5530039</y>
      </utm>
      <geographic>
        <latitude>49.90826</latitude>
        <longitude>-97.16864</longitude>
      </geographic>
    </centre>
  </stop>
  <stop xlink:href="stops/10749">
    <key>10749</key>
    <name>Eastbound William at McPhillips</name>
    <number>10749</number>
    <direction abbr="EB">Eastbound</direction>
    <side abbr="FS">Farside</side>
    <street xlink:href="streets/3905">
      <key>3905</key>
      <name>William Avenue</name>
      <type abbr="Ave">Avenue</type>
    </street>
    <cross-street xlink:href="streets/2443">
      <key>2443</key>
      <name>McPhillips Street</name>
      <type abbr="St">Street</type>
    </cross-street>
    <centre>
      <utm zone="14U">
        <x>631371</x>
        <y>5530094</y>
      </utm>
      <geographic>
        <latitude>49.90878</latitude>
        <longitude>-97.17033</longitude>
      </geographic>
    </centre>
  </stop>
  <stop xlink:href="stops/10750">
    <key>10750</key>
    <name>Southbound Isabel at Notre Dame</name>
    <number>10750</number>
    <direction abbr="SB">Southbound</direction>
    <side abbr="NS">Nearside</side>
    <street xlink:href="streets/1852">
      <key>1852</key>
      <name>Isabel Street</name>
      <type abbr="St">Street</type>
    </street>
    <cross-street xlink:href="streets/2657">
      <key>2657</key>
      <name>Notre Dame Avenue</name>
      <type abbr="Ave">Avenue</type>
    </cross-street>
    <centre>
      <utm zone="14U">
        <x>632728</x>
        <y>5529057</y>
      </utm>
      <geographic>
        <latitude>49.89916</latitude>
        <longitude>-97.1518</longitude>
      </geographic>
    </centre>
  </stop>
  <stop xlink:href="stops/10752">
    <key>10752</key>
    <name>Southbound Isabel at McDermot</name>
    <number>10752</number>
    <direction abbr="SB">Southbound</direction>
    <side abbr="NS">Nearside</side>
    <street xlink:href="streets/1852">
      <key>1852</key>
      <name>Isabel Street</name>
      <type abbr="St">Street</type>
    </street>
    <cross-street xlink:href="streets/2400">
      <key>2400</key>
      <name>McDermot Avenue</name>
      <type abbr="Ave">Avenue</type>
    </cross-street>
    <centre>
      <utm zone="14U">
        <x>632795</x>
        <y>5529202</y>
      </utm>
      <geographic>
        <latitude>49.90045</latitude>
        <longitude>-97.15082</longitude>
      </geographic>
    </centre>
  </stop>
  <stop xlink:href="stops/10790">
    <key>10790</key>
    <name>Southbound Balmoral at Sargent</name>
    <number>10790</number>
    <direction abbr="SB">Southbound</direction>
    <side abbr="NS">Nearside</side>
    <street xlink:href="streets/228">
      <key>228</key>
      <name>Balmoral Street</name>
      <type abbr="St">Street</type>
    </street>
    <cross-street xlink:href="streets/3219">
      <key>3219</key>
      <name>Sargent Avenue</name>
      <type abbr="Ave">Avenue</type>
    </cross-street>
    <centre>
      <utm zone="14U">
        <x>632695</x>
        <y>5528748</y>
      </utm>
      <geographic>
        <latitude>49.89639</latitude>
        <longitude>-97.15237</longitude>
      </geographic>
    </centre>
  </stop>
  <stop xlink:href="stops/10832">
    <key>10832</key>
    <name>Southbound Balmoral at Cumberland</name>
    <number>10832</number>
    <direction abbr="SB">Southbound</direction>
    <side abbr="FS">Farside</side>
    <street xlink:href="streets/228">
      <key>228</key>
      <name>Balmoral Street</name>
      <type abbr="St">Street</type>
    </street>
    <cross-street xlink:href="streets/934">
      <key>934</key>
      <name>Cumberland Avenue</name>
      <type abbr="Ave">Avenue</type>
    </cross-street>
    <centre>
      <utm zone="14U">
        <x>632696</x>
        <y>5528909</y>
      </utm>
      <geographic>
        <latitude>49.89784</latitude>
        <longitude>-97.1523</longitude>
      </geographic>
    </centre>
  </stop>
  <stop xlink:href="stops/30338">
    <key>30338</key>
    <name>Southbound McPhillips at Jarvis North (McPhillips Station)</name>
    <number>30338</number>
    <direction abbr="SB">Southbound</direction>
    <side abbr="NSO">Nearside Opposite</side>
    <street xlink:href="streets/2443">
      <key>2443</key>
      <name>McPhillips Street</name>
      <type abbr="St">Street</type>
    </street>
    <cross-street xlink:href="streets/1867">
      <key>1867</key>
      <name>Jarvis Avenue</name>
      <type abbr="Ave">Avenue</type>
    </cross-street>
    <centre>
      <utm zone="14U">
        <x>631359</x>
        <y>5531364</y>
      </utm>
      <geographic>
        <latitude>49.9202</latitude>
        <longitude>-97.17007</longitude>
      </geographic>
    </centre>
  </stop>
  <stop xlink:href="stops/30426">
    <key>30426</key>
    <name>Southbound McPhillips at Dafoe</name>
    <number>30426</number>
    <direction abbr="SB">Southbound</direction>
    <side abbr="FSO">Farside Opposite</side>
    <street xlink:href="streets/2443">
      <key>2443</key>
      <name>McPhillips Street</name>
      <type abbr="St">Street</type>
    </street>
    <cross-street xlink:href="streets/949">
      <key>949</key>
      <name>Dafoe Boulevard</name>
      <type abbr="Blvd">Boulevard</type>
    </cross-street>
    <centre>
      <utm zone="14U">
        <x>632234</x>
        <y>5533916</y>
      </utm>
      <geographic>
        <latitude>49.94295</latitude>
        <longitude>-97.15701</longitude>
      </geographic>
    </centre>
  </stop>
  <stop xlink:href="stops/30437">
    <key>30437</key>
    <name>Southbound McPhillips at Mapleglen</name>
    <number>30437</number>
    <direction abbr="SB">Southbound</direction>
    <side abbr="NS">Nearside</side>
    <street xlink:href="streets/2443">
      <key>2443</key>
      <name>McPhillips Street</name>
      <type abbr="St">Street</type>
    </street>
    <cross-street xlink:href="streets/2306">
      <key>2306</key>
      <name>Mapleglen Drive</name>
      <type abbr="Dr">Drive</type>
    </cross-street>
    <centre>
      <utm zone="14U">
        <x>632177</x>
        <y>5533810</y>
      </utm>
      <geographic>
        <latitude>49.94201</latitude>
        <longitude>-97.15784</longitude>
      </geographic>
    </centre>
  </stop>
  <stop xlink:href="stops/30438">
    <key>30438</key>
    <name>Southbound McPhillips at Lansdowne</name>
    <number>30438</number>
    <direction abbr="SB">Southbound</direction>
    <side abbr="NS">Nearside</side>
    <street xlink:href="streets/2443">
      <key>2443</key>
      <name>McPhillips Street</name>
      <type abbr="St">Street</type>
    </street>
    <cross-street xlink:href="streets/2079">
      <key>2079</key>
      <name>Lansdowne Avenue</name>
      <type abbr="Ave">Avenue</type>
    </cross-street>
    <centre>
      <utm zone="14U">
        <x>632076</x>
        <y>5533622</y>
      </utm>
      <geographic>
        <latitude>49.94034</latitude>
        <longitude>-97.15931</longitude>
      </geographic>
    </centre>
  </stop>
  <stop xlink:href="stops/30439">
    <key>30439</key>
    <name>Southbound McPhillips at Inkster</name>
    <number>30439</number>
    <direction abbr="SB">Southbound</direction>
    <side abbr="FS">Farside</side>
    <street xlink:href="streets/2443">
      <key>2443</key>
      <name>McPhillips Street</name>
      <type abbr="St">Street</type>
    </street>
    <cross-street xlink:href="streets/1836">
      <key>1836</key>
      <name>Inkster Boulevard</name>
      <type abbr="Blvd">Boulevard</type>
    </cross-street>
    <centre>
      <utm zone="14U">
        <x>631981</x>
        <y>5533437</y>
      </utm>
      <geographic>
        <latitude>49.9387</latitude>
        <longitude>-97.1607</longitude>
      </geographic>
    </centre>
  </stop>
  <stop xlink:href="stops/30456">
    <key>30456</key>
    <name>Southbound McPhillips at Atlantic</name>
    <number>30456</number>
    <direction abbr="SB">Southbound</direction>
    <side abbr="NS">Nearside</side>
    <street xlink:href="streets/2443">
      <key>2443</key>
      <name>McPhillips Street</name>
      <type abbr="St">Street</type>
    </street>
    <cross-street xlink:href="streets/183">
      <key>183</key>
      <name>Atlantic Avenue</name>
      <type abbr="Ave">Avenue</type>
    </cross-street>
    <centre>
      <utm zone="14U">
        <x>631922</x>
        <y>5533327</y>
      </utm>
      <geographic>
        <latitude>49.93773</latitude>
        <longitude>-97.16156</longitude>
      </geographic>
    </centre>
  </stop>
  <stop xlink:href="stops/30459">
    <key>30459</key>
    <name>Southbound McPhillips at Huron</name>
    <number>30459</number>
    <direction abbr="SB">Southbound</direction>
    <side abbr="FS">Farside</side>
    <street xlink:href="streets/2443">
      <key>2443</key>
      <name>McPhillips Street</name>
      <type abbr="St">Street</type>
    </street>
    <cross-street xlink:href="streets/1822">
      <key>1822</key>
      <name>Huron Avenue</name>
      <type abbr="Ave">Avenue</type>
    </cross-street>
    <centre>
      <utm zone="14U">
        <x>631825</x>
        <y>5533144</y>
      </utm>
      <geographic>
        <latitude>49.9361</latitude>
        <longitude>-97.16297</longitude>
      </geographic>
    </centre>
  </stop>
  <stop xlink:href="stops/30463">
    <key>30463</key>
    <name>Southbound McPhillips at Machray</name>
    <number>30463</number>
    <direction abbr="SB">Southbound</direction>
    <side abbr="NS">Nearside</side>
    <street xlink:href="streets/2443">
      <key>2443</key>
      <name>McPhillips Street</name>
      <type abbr="St">Street</type>
    </street>
    <cross-street xlink:href="streets/2242">
      <key>2242</key>
      <name>Machray Avenue</name>
      <type abbr="Ave">Avenue</type>
    </cross-street>
    <centre>
      <utm zone="14U">
        <x>631771</x>
        <y>5533042</y>
      </utm>
      <geographic>
        <latitude>49.9352</latitude>
        <longitude>-97.16376</longitude>
      </geographic>
    </centre>
  </stop>
  <stop xlink:href="stops/30464">
    <key>30464</key>
    <name>Southbound McPhillips at Chamberlain</name>
    <number>30464</number>
    <direction abbr="SB">Southbound</direction>
    <side abbr="FS">Farside</side>
    <street xlink:href="streets/2443">
      <key>2443</key>
      <name>McPhillips Street</name>
      <type abbr="St">Street</type>
    </street>
    <cross-street xlink:href="streets/710">
      <key>710</key>
      <name>Chamberlain Avenue</name>
      <type abbr="Ave">Avenue</type>
    </cross-street>
    <centre>
      <utm zone="14U">
        <x>631649</x>
        <y>5532814</y>
      </utm>
      <geographic>
        <latitude>49.93318</latitude>
        <longitude>-97.16554</longitude>
      </geographic>
    </centre>
  </stop>
  <stop xlink:href="stops/30467">
    <key>30467</key>
    <name>Southbound McPhillips at Mountain</name>
    <number>30467</number>
    <direction abbr="SB">Southbound</direction>
    <side abbr="NS">Nearside</side>
    <street xlink:href="streets/2443">
      <key>2443</key>
      <name>McPhillips Street</name>
      <type abbr="St">Street</type>
    </street>
    <cross-street xlink:href="streets/2570">
      <key>2570</key>
      <name>Mountain Avenue</name>
      <type abbr="Ave">Avenue</type>
    </cross-street>
    <centre>
      <utm zone="14U">
        <x>631558</x>
        <y>5532646</y>
      </utm>
      <geographic>
        <latitude>49.93169</latitude>
        <longitude>-97.16686</longitude>
      </geographic>
    </centre>
  </stop>
  <stop xlink:href="stops/30478">
    <key>30478</key>
    <name>Southbound McPhillips at Boyd</name>
    <number>30478</number>
    <direction abbr="SB">Southbound</direction>
    <side abbr="NS">Nearside</side>
    <street xlink:href="streets/2443">
      <key>2443</key>
      <name>McPhillips Street</name>
      <type abbr="St">Street</type>
    </street>
    <cross-street xlink:href="streets/452">
      <key>452</key>
      <name>Boyd Avenue</name>
      <type abbr="Ave">Avenue</type>
    </cross-street>
    <centre>
      <utm zone="14U">
        <x>631471</x>
        <y>5532479</y>
      </utm>
      <geographic>
        <latitude>49.9302</latitude>
        <longitude>-97.16813</longitude>
      </geographic>
    </centre>
  </stop>
  <stop xlink:href="stops/30486">
    <key>30486</key>
    <name>Southbound McPhillips at Aberdeen</name>
    <number>30486</number>
    <direction abbr="SB">Southbound</direction>
    <side abbr="FS">Farside</side>
    <street xlink:href="streets/2443">
      <key>2443</key>
      <name>McPhillips Street</name>
      <type abbr="St">Street</type>
    </street>
    <cross-street xlink:href="streets/4">
      <key>4</key>
      <name>Aberdeen Avenue</name>
      <type abbr="Ave">Avenue</type>
    </cross-street>
    <centre>
      <utm zone="14U">
        <x>631401</x>
        <y>5532252</y>
      </utm>
      <geographic>
        <latitude>49.92818</latitude>
        <longitude>-97.16918</longitude>
      </geographic>
    </centre>
  </stop>
  <stop xlink:href="stops/30487">
    <key>30487</key>
    <name>Southbound McPhillips at Burrows</name>
    <number>30487</number>
    <direction abbr="SB">Southbound</direction>
    <side abbr="NS">Nearside</side>
    <street xlink:href="streets/2443">
      <key>2443</key>
      <name>McPhillips Street</name>
      <type abbr="St">Street</type>
    </street>
    <cross-street xlink:href="streets/576">
      <key>576</key>
      <name>Burrows Avenue</name>
      <type abbr="Ave">Avenue</type>
    </cross-street>
    <centre>
      <utm zone="14U">
        <x>631394</x>
        <y>5532136</y>
      </utm>
      <geographic>
        <latitude>49.92714</latitude>
        <longitude>-97.16932</longitude>
      </geographic>
    </centre>
  </stop>
  <stop xlink:href="stops/30491">
    <key>30491</key>
    <name>Southbound McPhillips at Manitoba</name>
    <number>30491</number>
    <direction abbr="SB">Southbound</direction>
    <side abbr="NS">Nearside</side>
    <street xlink:href="streets/2443">
      <key>2443</key>
      <name>McPhillips Street</name>
      <type abbr="St">Street</type>
    </street>
    <cross-street xlink:href="streets/2290">
      <key>2290</key>
      <name>Manitoba Avenue</name>
      <type abbr="Ave">Avenue</type>
    </cross-street>
    <centre>
      <utm zone="14U">
        <x>631388</x>
        <y>5531943</y>
      </utm>
      <geographic>
        <latitude>49.9254</latitude>
        <longitude>-97.16947</longitude>
      </geographic>
    </centre>
  </stop>
  <stop xlink:href="stops/30496">
    <key>30496</key>
    <name>Southbound McPhillips at Selkirk</name>
    <number>30496</number>
    <direction abbr="SB">Southbound</direction>
    <side abbr="NS">Nearside</side>
    <street xlink:href="streets/2443">
      <key>2443</key>
      <name>McPhillips Street</name>
      <type abbr="St">Street</type>
    </street>
    <cross-street xlink:href="streets/3259">
      <key>3259</key>
      <name>Selkirk Avenue</name>
      <type abbr="Ave">Avenue</type>
    </cross-street>
    <centre>
      <utm zone="14U">
        <x>631377</x>
        <y>5531747</y>
      </utm>
      <geographic>
        <latitude>49.92364</latitude>
        <longitude>-97.16969</longitude>
      </geographic>
    </centre>
  </stop>
  <stop xlink:href="stops/30502">
    <key>30502</key>
    <name>Southbound McPhillips at Selkirk South</name>
    <number>30502</number>
    <direction abbr="SB">Southbound</direction>
    <side abbr="FS">Farside</side>
    <street xlink:href="streets/2443">
      <key>2443</key>
      <name>McPhillips Street</name>
      <type abbr="St">Street</type>
    </street>
    <cross-street xlink:href="streets/3259">
      <key>3259</key>
      <name>Selkirk Avenue</name>
      <type abbr="Ave">Avenue</type>
    </cross-street>
    <centre>
      <utm zone="14U">
        <x>631365</x>
        <y>5531501</y>
      </utm>
      <geographic>
        <latitude>49.92143</latitude>
        <longitude>-97.16994</longitude>
      </geographic>
    </centre>
  </stop>
  <stop xlink:href="stops/30509">
    <key>30509</key>
    <name>Eastbound Jefferson at Pipeline</name>
    <number>30509</number>
    <direction abbr="EB">Eastbound</direction>
    <side abbr="NSO">Nearside Opposite</side>
    <street xlink:href="streets/1874">
      <key>1874</key>
      <name>Jefferson Avenue</name>
      <type abbr="Ave">Avenue</type>
    </street>
    <cross-street xlink:href="streets/2873">
      <key>2873</key>
      <name>Pipeline Road</name>
      <type abbr="Rd">Road</type>
    </cross-street>
    <centre>
      <utm zone="14U">
        <x>631895</x>
        <y>5534377</y>
      </utm>
      <geographic>
        <latitude>49.94717</latitude>
        <longitude>-97.16157</longitude>
      </geographic>
    </centre>
  </stop>
  <stop xlink:href="stops/30510">
    <key>30510</key>
    <name>Eastbound Jefferson at Watson</name>
    <number>30510</number>
    <direction abbr="EB">Eastbound</direction>
    <side abbr="NSO">Nearside Opposite</side>
    <street xlink:href="streets/1874">
      <key>1874</key>
      <name>Jefferson Avenue</name>
      <type abbr="Ave">Avenue</type>
    </street>
    <cross-street xlink:href="streets/3801">
      <key>3801</key>
      <name>Watson Street</name>
      <type abbr="St">Street</type>
    </cross-street>
    <centre>
      <utm zone="14U">
        <x>632025</x>
        <y>5534317</y>
      </utm>
      <geographic>
        <latitude>49.9466</latitude>
        <longitude>-97.15978</longitude>
      </geographic>
    </centre>
  </stop>
  <stop xlink:href="stops/30582">
    <key>30582</key>
    <name>Eastbound Jefferson at Maberley</name>
    <number>30582</number>
    <direction abbr="EB">Eastbound</direction>
    <side abbr="FS">Farside</side>
    <street xlink:href="streets/1874">
      <key>1874</key>
      <name>Jefferson Avenue</name>
      <type abbr="Ave">Avenue</type>
    </street>
    <cross-street xlink:href="streets/2235">
      <key>2235</key>
      <name>Maberley Road</name>
      <type abbr="Rd">Road</type>
    </cross-street>
    <centre>
      <utm zone="14U">
        <x>631830</x>
        <y>5534408</y>
      </utm>
      <geographic>
        <latitude>49.94746</latitude>
        <longitude>-97.16247</longitude>
      </geographic>
    </centre>
  </stop>
  <stop xlink:href="stops/30585">
    <key>30585</key>
    <name>Eastbound Jefferson at Mansard</name>
    <number>30585</number>
    <direction abbr="EB">Eastbound</direction>
    <side abbr="NS">Nearside</side>
    <street xlink:href="streets/1874">
      <key>1874</key>
      <name>Jefferson Avenue</name>
      <type abbr="Ave">Avenue</type>
    </street>
    <cross-street xlink:href="streets/2301">
      <key>2301</key>
      <name>Mansard Close</name>
      <type abbr="Close">Close</type>
    </cross-street>
    <centre>
      <utm zone="14U">
        <x>631697</x>
        <y>5534470</y>
      </utm>
      <geographic>
        <latitude>49.94805</latitude>
        <longitude>-97.1643</longitude>
      </geographic>
    </centre>
  </stop>
  <stop xlink:href="stops/30586">
    <key>30586</key>
    <name>Eastbound Jefferson at Marbury</name>
    <number>30586</number>
    <direction abbr="EB">Eastbound</direction>
    <side abbr="FS">Farside</side>
    <street xlink:href="streets/1874">
      <key>1874</key>
      <name>Jefferson Avenue</name>
      <type abbr="Ave">Avenue</type>
    </street>
    <cross-street xlink:href="streets/2316">
      <key>2316</key>
      <name>Marbury Road</name>
      <type abbr="Rd">Road</type>
    </cross-street>
    <centre>
      <utm zone="14U">
        <x>631597</x>
        <y>5534517</y>
      </utm>
      <geographic>
        <latitude>49.9485</latitude>
        <longitude>-97.16568</longitude>
      </geographic>
    </centre>
  </stop>
  <stop xlink:href="stops/30589">
    <key>30589</key>
    <name>Eastbound Jefferson at Sheppard</name>
    <number>30589</number>
    <direction abbr="EB">Eastbound</direction>
    <side abbr="FS">Farside</side>
    <street xlink:href="streets/1874">
      <key>1874</key>
      <name>Jefferson Avenue</name>
      <type abbr="Ave">Avenue</type>
    </street>
    <cross-street xlink:href="streets/3316">
      <key>3316</key>
      <name>Sheppard Street</name>
      <type abbr="St">Street</type>
    </cross-street>
    <centre>
      <utm zone="14U">
        <x>631358</x>
        <y>5534703</y>
      </utm>
      <geographic>
        <latitude>49.95022</latitude>
        <longitude>-97.16894</longitude>
      </geographic>
    </centre>
  </stop>
  <stop xlink:href="stops/30600">
    <key>30600</key>
    <name>Eastbound Jefferson at Maevista</name>
    <number>30600</number>
    <direction abbr="EB">Eastbound</direction>
    <side abbr="NSO">Nearside Opposite</side>
    <street xlink:href="streets/1874">
      <key>1874</key>
      <name>Jefferson Avenue</name>
      <type abbr="Ave">Avenue</type>
    </street>
    <cross-street xlink:href="streets/2253">
      <key>2253</key>
      <name>Maevista Place</name>
      <type abbr="Pl">Place</type>
    </cross-street>
    <centre>
      <utm zone="14U">
        <x>631207</x>
        <y>5534955</y>
      </utm>
      <geographic>
        <latitude>49.95252</latitude>
        <longitude>-97.17096</longitude>
      </geographic>
    </centre>
  </stop>
  <stop xlink:href="stops/30601">
    <key>30601</key>
    <name>Eastbound Jefferson at Adsum</name>
    <number>30601</number>
    <direction abbr="EB">Eastbound</direction>
    <side abbr="FS">Farside</side>
    <street xlink:href="streets/1874">
      <key>1874</key>
      <name>Jefferson Avenue</name>
      <type abbr="Ave">Avenue</type>
    </street>
    <cross-street xlink:href="streets/22">
      <key>22</key>
      <name>Adsum Drive</name>
      <type abbr="Dr">Drive</type>
    </cross-street>
    <centre>
      <utm zone="14U">
        <x>631176</x>
        <y>5535147</y>
      </utm>
      <geographic>
        <latitude>49.95425</latitude>
        <longitude>-97.17133</longitude>
      </geographic>
    </centre>
  </stop>
  <stop xlink:href="stops/30604">
    <key>30604</key>
    <name>Eastbound Jefferson at Hiddleston</name>
    <number>30604</number>
    <direction abbr="EB">Eastbound</direction>
    <side abbr="NSO">Nearside Opposite</side>
    <street xlink:href="streets/1874">
      <key>1874</key>
      <name>Jefferson Avenue</name>
      <type abbr="Ave">Avenue</type>
    </street>
    <cross-street xlink:href="streets/1735">
      <key>1735</key>
      <name>Hiddleston Crescent</name>
      <type abbr="Cres">Crescent</type>
    </cross-street>
    <centre>
      <utm zone="14U">
        <x>631162</x>
        <y>5535431</y>
      </utm>
      <geographic>
        <latitude>49.95681</latitude>
        <longitude>-97.17143</longitude>
      </geographic>
    </centre>
  </stop>
  <stop xlink:href="stops/30754">
    <key>30754</key>
    <name>Eastbound Jefferson at McPhillips West</name>
    <number>30754</number>
    <direction abbr="EB">Eastbound</direction>
    <side abbr="NS">Nearside</side>
    <street xlink:href="streets/1874">
      <key>1874</key>
      <name>Jefferson Avenue</name>
      <type abbr="Ave">Avenue</type>
    </street>
    <cross-street xlink:href="streets/2443">
      <key>2443</key>
      <name>McPhillips Street</name>
      <type abbr="St">Street</type>
    </cross-street>
    <centre>
      <utm zone="14U">
        <x>632356</x>
        <y>5534164</y>
      </utm>
      <geographic>
        <latitude>49.94515</latitude>
        <longitude>-97.15523</longitude>
      </geographic>
    </centre>
  </stop>
  <stop xlink:href="stops/30782">
    <key>30782</key>
    <name>Eastbound Jefferson at Watson East</name>
    <number>30782</number>
    <direction abbr="EB">Eastbound</direction>
    <side abbr="FSO">Farside Opposite</side>
    <street xlink:href="streets/1874">
      <key>1874</key>
      <name>Jefferson Avenue</name>
      <type abbr="Ave">Avenue</type>
    </street>
    <cross-street xlink:href="streets/3801">
      <key>3801</key>
      <name>Watson Street</name>
      <type abbr="St">Street</type>
    </cross-street>
    <centre>
      <utm zone="14U">
        <x>632244</x>
        <y>5534215</y>
      </utm>
      <geographic>
        <latitude>49.94564</latitude>
        <longitude>-97.15677</longitude>
      </geographic>
    </centre>
  </stop>
  <stop xlink:href="stops/30898">
    <key>30898</key>
    <name>Westbound Ambergate at Pipeline</name>
    <number>30898</number>
    <direction abbr="WB">Westbound</direction>
    <side abbr="FS">Farside</side>
    <street xlink:href="streets/92">
      <key>92</key>
      <name>Ambergate Drive</name>
      <type abbr="Dr">Drive</type>
    </street>
    <cross-street xlink:href="streets/2873">
      <key>2873</key>
      <name>Pipeline Road</name>
      <type abbr="Rd">Road</type>
    </cross-street>
    <centre>
      <utm zone="14U">
        <x>631843</x>
        <y>5535851</y>
      </utm>
      <geographic>
        <latitude>49.96043</latitude>
        <longitude>-97.16179</longitude>
      </geographic>
    </centre>
  </stop>
  <stop xlink:href="stops/30900">
    <key>30900</key>
    <name>Westbound Amber TL at Ambergate</name>
    <number>30900</number>
    <direction abbr="WB">Westbound</direction>
    <side abbr="FSO">Farside Opposite</side>
    <street xlink:href="streets/91">
      <key>91</key>
      <name>Amber Trail</name>
      <type abbr="Trail">Trail</type>
    </street>
    <cross-street xlink:href="streets/92">
      <key>92</key>
      <name>Ambergate Drive</name>
      <type abbr="Dr">Drive</type>
    </cross-street>
    <centre>
      <utm zone="14U">
        <x>631594</x>
        <y>5535985</y>
      </utm>
      <geographic>
        <latitude>49.96169</latitude>
        <longitude>-97.16522</longitude>
      </geographic>
    </centre>
  </stop>
  <stop xlink:href="stops/30901">
    <key>30901</key>
    <name>Westbound Amber at Brenner</name>
    <number>30901</number>
    <direction abbr="WB">Westbound</direction>
    <side abbr="NS">Nearside</side>
    <street xlink:href="streets/91">
      <key>91</key>
      <name>Amber Trail</name>
      <type abbr="Trail">Trail</type>
    </street>
    <cross-street xlink:href="streets/485">
      <key>485</key>
      <name>Brenner Bay</name>
      <type abbr="Bay">Bay</type>
    </cross-street>
    <centre>
      <utm zone="14U">
        <x>631321</x>
        <y>5536084</y>
      </utm>
      <geographic>
        <latitude>49.96264</latitude>
        <longitude>-97.16899</longitude>
      </geographic>
    </centre>
  </stop>
  <stop xlink:href="stops/30907">
    <key>30907</key>
    <name>Southbound Allan Blye at Amber</name>
    <number>30907</number>
    <direction abbr="SB">Southbound</direction>
    <side abbr="FS">Farside</side>
    <street xlink:href="streets/63">
      <key>63</key>
      <name>Allan Blye Drive</name>
      <type abbr="Dr">Drive</type>
    </street>
    <cross-street xlink:href="streets/91">
      <key>91</key>
      <name>Amber Trail</name>
      <type abbr="Trail">Trail</type>
    </cross-street>
    <centre>
      <utm zone="14U">
        <x>631173</x>
        <y>5536143</y>
      </utm>
      <geographic>
        <latitude>49.96321</latitude>
        <longitude>-97.17103</longitude>
      </geographic>
    </centre>
  </stop>
  <stop xlink:href="stops/30908">
    <key>30908</key>
    <name>Southbound Allan Blye at Leila</name>
    <number>30908</number>
    <direction abbr="SB">Southbound</direction>
    <side abbr="NS">Nearside</side>
    <street xlink:href="streets/63">
      <key>63</key>
      <name>Allan Blye Drive</name>
      <type abbr="Dr">Drive</type>
    </street>
    <cross-street xlink:href="streets/2132">
      <key>2132</key>
      <name>Leila Avenue</name>
      <type abbr="Ave">Avenue</type>
    </cross-street>
    <centre>
      <utm zone="14U">
        <x>631090</x>
        <y>5536000</y>
      </utm>
      <geographic>
        <latitude>49.96194</latitude>
        <longitude>-97.17224</longitude>
      </geographic>
    </centre>
  </stop>
  <stop xlink:href="stops/30909">
    <key>30909</key>
    <name>Southbound Manila at Cartwright</name>
    <number>30909</number>
    <direction abbr="SB">Southbound</direction>
    <side abbr="FS">Farside</side>
    <street xlink:href="streets/2289">
      <key>2289</key>
      <name>Manila Road</name>
      <type abbr="Rd">Road</type>
    </street>
    <cross-street xlink:href="streets/667">
      <key>667</key>
      <name>Cartwright Road</name>
      <type abbr="Rd">Road</type>
    </cross-street>
    <centre>
      <utm zone="14U">
        <x>631012</x>
        <y>5535824</y>
      </utm>
      <geographic>
        <latitude>49.96037</latitude>
        <longitude>-97.17338</longitude>
      </geographic>
    </centre>
  </stop>
  <stop xlink:href="stops/30943">
    <key>30943</key>
    <name>Eastbound Templeton at Innsbruck</name>
    <number>30943</number>
    <direction abbr="EB">Eastbound</direction>
    <side abbr="FS">Farside</side>
    <street xlink:href="streets/3584">
      <key>3584</key>
      <name>Templeton Avenue</name>
      <type abbr="Ave">Avenue</type>
    </street>
    <cross-street xlink:href="streets/4491">
      <key>4491</key>
      <name>Innsbruck Way</name>
      <type abbr="Way">Way</type>
    </cross-street>
    <centre>
      <utm zone="14U">
        <x>631721</x>
        <y>5536359</y>
      </utm>
      <geographic>
        <latitude>49.96503</latitude>
        <longitude>-97.16332</longitude>
      </geographic>
    </centre>
  </stop>
  <stop xlink:href="stops/30969">
    <key>30969</key>
    <name>Southbound Manila at Jefferson</name>
    <number>30969</number>
    <direction abbr="SB">Southbound</direction>
    <side abbr="NS">Nearside</side>
    <street xlink:href="streets/2289">
      <key>2289</key>
      <name>Manila Road</name>
      <type abbr="Rd">Road</type>
    </street>
    <cross-street xlink:href="streets/1874">
      <key>1874</key>
      <name>Jefferson Avenue</name>
      <type abbr="Ave">Avenue</type>
    </cross-street>
    <centre>
      <utm zone="14U">
        <x>630926</x>
        <y>5535647</y>
      </utm>
      <geographic>
        <latitude>49.9588</latitude>
        <longitude>-97.17464</longitude>
      </geographic>
    </centre>
  </stop>
  <stop xlink:href="stops/30979">
    <key>30979</key>
    <name>Southbound Pipeline at Templeton</name>
    <number>30979</number>
    <direction abbr="SB">Southbound</direction>
    <side abbr="FS">Farside</side>
    <street xlink:href="streets/2873">
      <key>2873</key>
      <name>Pipeline Road</name>
      <type abbr="Rd">Road</type>
    </street>
    <cross-street xlink:href="streets/3584">
      <key>3584</key>
      <name>Templeton Avenue</name>
      <type abbr="Ave">Avenue</type>
    </cross-street>
    <centre>
      <utm zone="14U">
        <x>631885</x>
        <y>5536242</y>
      </utm>
      <geographic>
        <latitude>49.96394</latitude>
        <longitude>-97.16108</longitude>
      </geographic>
    </centre>
  </stop>
</stops>
