<?xml version="1.0" encoding="UTF-8"?>
<stops xmlns:utm="http://winnipegtransit.com/coordinates/utm" xmlns:ang="http://winnipegtransit.com/coordinates/angular" xmlns:xlink="http://www.w3.org/1999/xlink" xlink:base="" query-time="2024-07-11T14:46:38">
  <stop xlink:href="stops/10132">
    <key>10132</key>
    <name>Southbound Vaughan at Portage</name>
    <number>10132</number>
    <direction abbr="SB">Southbound</direction>
    <side abbr="NS">Nearside</side>
    <street xlink:href="streets/3716">
      <key>3716</key>
      <name>Vaughan Street</name>
      <type abbr="St">Street</type>
    </street>
    <cross-street xlink:href="streets/2903">
      <key>2903</key>
      <name>Portage Avenue</name>
      <type abbr="Ave">Avenue</type>
    </cross-street>
    <centre>
      <utm zone="14U">
        <x>632891</x>
        <y>5528213</y>
      </utm>
      <geographic>
        <latitude>49.89154</latitude>
        <longitude>-97.14982</longitude>
      </geographic>
    </centre>
  </stop>
  <stop xlink:href="stops/10134">
    <key>10134</key>
    <name>Southbound Vaughan at Graham (The Bay)</name>
    <number>10134</number>
    <direction abbr="SB">Southbound</direction>
    <side abbr="NSO">Nearside Opposite</side>
    <street xlink:href="streets/3716">
      <key>3716</key>
      <name>Vaughan Street</name>
      <type abbr="St">Street</type>
    </street>
    <cross-street xlink:href="streets/1533">
      <key>1533</key>
      <name>Graham Avenue</name>
      <type abbr="Ave">Avenue</type>
    </cross-street>
    <centre>
      <utm zone="14U">
        <x>632926</x>
        <y>5528127</y>
      </utm>
      <geographic>
        <latitude>49.89076</latitude>
        <longitude>-97.14936</longitude>
      </geographic>
    </centre>
  </stop>
  <stop xlink:href="stops/10159">
    <key>10159</key>
    <name>Southbound Queen Elizabeth at Stradbrook</name>
    <number>10159</number>
    <direction abbr="SB">Southbound</direction>
    <side abbr="NS">Nearside</side>
    <street xlink:href="streets/4199">
      <key>4199</key>
      <name>Queen Elizabeth Way</name>
      <type abbr="Way">Way</type>
    </street>
    <cross-street xlink:href="streets/3503">
      <key>3503</key>
      <name>Stradbrook Avenue</name>
      <type abbr="Ave">Avenue</type>
    </cross-street>
    <centre>
      <utm zone="14U">
        <x>634186</x>
        <y>5527397</y>
      </utm>
      <geographic>
        <latitude>49.88392</latitude>
        <longitude>-97.13209</longitude>
      </geographic>
    </centre>
  </stop>
  <stop xlink:href="stops/10611">
    <key>10611</key>
    <name>Eastbound Graham at Fort (Wpg Square)</name>
    <number>10611</number>
    <direction abbr="EB">Eastbound</direction>
    <side abbr="NS">Nearside</side>
    <street xlink:href="streets/1533">
      <key>1533</key>
      <name>Graham Avenue</name>
      <type abbr="Ave">Avenue</type>
    </street>
    <cross-street xlink:href="streets/1365">
      <key>1365</key>
      <name>Fort Street</name>
      <type abbr="St">Street</type>
    </cross-street>
    <centre>
      <utm zone="14U">
        <x>633667</x>
        <y>5528384</y>
      </utm>
      <geographic>
        <latitude>49.8929</latitude>
        <longitude>-97.13897</longitude>
      </geographic>
    </centre>
  </stop>
  <stop xlink:href="stops/10615">
    <key>10615</key>
    <name>Eastbound Graham at Smith</name>
    <number>10615</number>
    <direction abbr="EB">Eastbound</direction>
    <side abbr="NS">Nearside</side>
    <street xlink:href="streets/1533">
      <key>1533</key>
      <name>Graham Avenue</name>
      <type abbr="Ave">Avenue</type>
    </street>
    <cross-street xlink:href="streets/3371">
      <key>3371</key>
      <name>Smith Street</name>
      <type abbr="St">Street</type>
    </cross-street>
    <centre>
      <utm zone="14U">
        <x>633485</x>
        <y>5528315</y>
      </utm>
      <geographic>
        <latitude>49.89232</latitude>
        <longitude>-97.14152</longitude>
      </geographic>
    </centre>
  </stop>
  <stop xlink:href="stops/10616">
    <key>10616</key>
    <name>Eastbound Graham at Hargrave</name>
    <number>10616</number>
    <direction abbr="EB">Eastbound</direction>
    <side abbr="NS">Nearside</side>
    <street xlink:href="streets/1533">
      <key>1533</key>
      <name>Graham Avenue</name>
      <type abbr="Ave">Avenue</type>
    </street>
    <cross-street xlink:href="streets/1644">
      <key>1644</key>
      <name>Hargrave Street</name>
      <type abbr="St">Street</type>
    </cross-street>
    <centre>
      <utm zone="14U">
        <x>633299</x>
        <y>5528243</y>
      </utm>
      <geographic>
        <latitude>49.89172</latitude>
        <longitude>-97.14413</longitude>
      </geographic>
    </centre>
  </stop>
  <stop xlink:href="stops/10618">
    <key>10618</key>
    <name>Eastbound Graham at Edmonton (RWB)</name>
    <number>10618</number>
    <direction abbr="EB">Eastbound</direction>
    <side abbr="NS">Nearside</side>
    <street xlink:href="streets/1533">
      <key>1533</key>
      <name>Graham Avenue</name>
      <type abbr="Ave">Avenue</type>
    </street>
    <cross-street xlink:href="streets/1201">
      <key>1201</key>
      <name>Edmonton Street</name>
      <type abbr="St">Street</type>
    </cross-street>
    <centre>
      <utm zone="14U">
        <x>633114</x>
        <y>5528174</y>
      </utm>
      <geographic>
        <latitude>49.89114</latitude>
        <longitude>-97.14673</longitude>
      </geographic>
    </centre>
  </stop>
  <stop xlink:href="stops/10639">
    <key>10639</key>
    <name>Southbound Main at St. Mary</name>
    <number>10639</number>
    <direction abbr="SB">Southbound</direction>
    <side abbr="FS">Farside</side>
    <street xlink:href="streets/2265">
      <key>2265</key>
      <name>Main Street</name>
      <type abbr="St">Street</type>
    </street>
    <cross-street xlink:href="streets/3452">
      <key>3452</key>
      <name>St Mary Avenue</name>
      <type abbr="Ave">Avenue</type>
    </cross-street>
    <centre>
      <utm zone="14U">
        <x>633853</x>
        <y>5528217</y>
      </utm>
      <geographic>
        <latitude>49.89136</latitude>
        <longitude>-97.13643</longitude>
      </geographic>
    </centre>
  </stop>
  <stop xlink:href="stops/10641">
    <key>10641</key>
    <name>Southbound Main at Broadway (Union Station)</name>
    <number>10641</number>
    <direction abbr="SB">Southbound</direction>
    <side abbr="NS">Nearside</side>
    <street xlink:href="streets/2265">
      <key>2265</key>
      <name>Main Street</name>
      <type abbr="St">Street</type>
    </street>
    <cross-street xlink:href="streets/519">
      <key>519</key>
      <name>Broadway</name>
    </cross-street>
    <centre>
      <utm zone="14U">
        <x>633950</x>
        <y>5527953</y>
      </utm>
      <geographic>
        <latitude>49.88897</latitude>
        <longitude>-97.13518</longitude>
      </geographic>
    </centre>
  </stop>
  <stop xlink:href="stops/10642">
    <key>10642</key>
    <name>Southbound Main at Assiniboine</name>
    <number>10642</number>
    <direction abbr="SB">Southbound</direction>
    <side abbr="NS">Nearside</side>
    <street xlink:href="streets/2265">
      <key>2265</key>
      <name>Main Street</name>
      <type abbr="St">Street</type>
    </street>
    <cross-street xlink:href="streets/174">
      <key>174</key>
      <name>Assiniboine Avenue</name>
      <type abbr="Ave">Avenue</type>
    </cross-street>
    <centre>
      <utm zone="14U">
        <x>634014</x>
        <y>5527789</y>
      </utm>
      <geographic>
        <latitude>49.88748</latitude>
        <longitude>-97.13434</longitude>
      </geographic>
    </centre>
  </stop>
  <stop xlink:href="stops/10831">
    <key>10831</key>
    <name>Northbound Balmoral at Balmoral Station (BLUE)</name>
    <number>10831</number>
    <direction abbr="NB">Northbound</direction>
    <side abbr="NA">NA</side>
    <street xlink:href="streets/228">
      <key>228</key>
      <name>Balmoral Street</name>
      <type abbr="St">Street</type>
    </street>
    <cross-street xlink:href="streets/50002024">
      <key>50002024</key>
      <name>Balmoral Station</name>
      <type abbr="Term">Terminal</type>
    </cross-street>
    <centre>
      <utm zone="14U">
        <x>632699</x>
        <y>5528207</y>
      </utm>
      <geographic>
        <latitude>49.89153</latitude>
        <longitude>-97.1525</longitude>
      </geographic>
    </centre>
  </stop>
  <stop xlink:href="stops/10838">
    <key>10838</key>
    <name>Northbound Balmoral at Ellice</name>
    <number>10838</number>
    <direction abbr="NB">Northbound</direction>
    <side abbr="NS">Nearside</side>
    <street xlink:href="streets/228">
      <key>228</key>
      <name>Balmoral Street</name>
      <type abbr="St">Street</type>
    </street>
    <cross-street xlink:href="streets/1220">
      <key>1220</key>
      <name>Ellice Avenue</name>
      <type abbr="Ave">Avenue</type>
    </cross-street>
    <centre>
      <utm zone="14U">
        <x>632698</x>
        <y>5528328</y>
      </utm>
      <geographic>
        <latitude>49.89262</latitude>
        <longitude>-97.15247</longitude>
      </geographic>
    </centre>
  </stop>
  <stop xlink:href="stops/11027">
    <key>11027</key>
    <name>Southbound Southwest Transitway at Harkness Station</name>
    <number>11027</number>
    <direction abbr="SB">Southbound</direction>
    <side abbr="NS">Nearside</side>
    <street xlink:href="streets/4667">
      <key>4667</key>
      <name>Southwest Transitway</name>
    </street>
    <cross-street xlink:href="streets/3503">
      <key>3503</key>
      <name>Stradbrook Avenue</name>
      <type abbr="Ave">Avenue</type>
    </cross-street>
    <centre>
      <utm zone="14U">
        <x>633953</x>
        <y>5527041</y>
      </utm>
      <geographic>
        <latitude>49.88077</latitude>
        <longitude>-97.13545</longitude>
      </geographic>
    </centre>
  </stop>
  <stop xlink:href="stops/11029">
    <key>11029</key>
    <name>Southbound Southwest Transitway at Osborne Station</name>
    <number>11029</number>
    <direction abbr="SB">Southbound</direction>
    <side abbr="NS">Nearside</side>
    <street xlink:href="streets/4667">
      <key>4667</key>
      <name>Southwest Transitway</name>
    </street>
    <cross-street xlink:href="streets/3786">
      <key>3786</key>
      <name>Warsaw Avenue</name>
      <type abbr="Ave">Avenue</type>
    </cross-street>
    <centre>
      <utm zone="14U">
        <x>633568</x>
        <y>5526200</y>
      </utm>
      <geographic>
        <latitude>49.87329</latitude>
        <longitude>-97.1411</longitude>
      </geographic>
    </centre>
  </stop>
  <stop xlink:href="stops/11031">
    <key>11031</key>
    <name>Southbound Southwest Transitway at Fort Rouge Station</name>
    <number>11031</number>
    <direction abbr="SB">Southbound</direction>
    <side abbr="NSO">Nearside Opposite</side>
    <street xlink:href="streets/4667">
      <key>4667</key>
      <name>Southwest Transitway</name>
    </street>
    <cross-street xlink:href="streets/50002021">
      <key>50002021</key>
      <name>Fort Rouge Station</name>
      <type abbr="Term">Terminal</type>
    </cross-street>
    <centre>
      <utm zone="14U">
        <x>633262</x>
        <y>5524983</y>
      </utm>
      <geographic>
        <latitude>49.86242</latitude>
        <longitude>-97.14577</longitude>
      </geographic>
    </centre>
  </stop>
  <stop xlink:href="stops/11033">
    <key>11033</key>
    <name>Southbound Southwest Transitway at Jubilee Station</name>
    <number>11033</number>
    <direction abbr="SB">Southbound</direction>
    <side abbr="NS">Nearside</side>
    <street xlink:href="streets/4667">
      <key>4667</key>
      <name>Southwest Transitway</name>
    </street>
    <cross-street xlink:href="streets/50000021">
      <key>50000021</key>
      <name>Jubilee Ramp over Pembina</name>
    </cross-street>
    <centre>
      <utm zone="14U">
        <x>632954</x>
        <y>5524228</y>
      </utm>
      <geographic>
        <latitude>49.8557</latitude>
        <longitude>-97.15031</longitude>
      </geographic>
    </centre>
  </stop>
  <stop xlink:href="stops/60107">
    <key>60107</key>
    <name>Southbound University at Dysart</name>
    <number>60107</number>
    <direction abbr="SB">Southbound</direction>
    <side abbr="FSO">Farside Opposite</side>
    <street xlink:href="streets/3689">
      <key>3689</key>
      <name>University Crescent</name>
      <type abbr="Cres">Crescent</type>
    </street>
    <cross-street xlink:href="streets/1163">
      <key>1163</key>
      <name>Dysart Road</name>
      <type abbr="Rd">Road</type>
    </cross-street>
    <centre>
      <utm zone="14U">
        <x>633735</x>
        <y>5519003</y>
      </utm>
      <geographic>
        <latitude>49.80856</latitude>
        <longitude>-97.14126</longitude>
      </geographic>
    </centre>
  </stop>
  <stop xlink:href="stops/61203">
    <key>61203</key>
    <name>Southbound Southwest Transitway at Beaumont Station</name>
    <number>61203</number>
    <direction abbr="SB">Southbound</direction>
    <side abbr="FS">Farside</side>
    <street xlink:href="streets/4667">
      <key>4667</key>
      <name>Southwest Transitway</name>
    </street>
    <cross-street xlink:href="streets/290">
      <key>290</key>
      <name>Beaumont Street</name>
      <type abbr="St">Street</type>
    </cross-street>
    <centre>
      <utm zone="14U">
        <x>631828</x>
        <y>5523411</y>
      </utm>
      <geographic>
        <latitude>49.84861</latitude>
        <longitude>-97.16625</longitude>
      </geographic>
    </centre>
  </stop>
  <stop xlink:href="stops/61205">
    <key>61205</key>
    <name>Southbound Southwest Transitway at Seel Station</name>
    <number>61205</number>
    <direction abbr="SB">Southbound</direction>
    <side abbr="NS">Nearside</side>
    <street xlink:href="streets/4667">
      <key>4667</key>
      <name>Southwest Transitway</name>
    </street>
    <cross-street xlink:href="streets/3256">
      <key>3256</key>
      <name>Seel Avenue</name>
      <type abbr="Ave">Avenue</type>
    </cross-street>
    <centre>
      <utm zone="14U">
        <x>631669</x>
        <y>5522701</y>
      </utm>
      <geographic>
        <latitude>49.84226</latitude>
        <longitude>-97.1687</longitude>
      </geographic>
    </centre>
  </stop>
  <stop xlink:href="stops/61207">
    <key>61207</key>
    <name>Southbound Southwest Transitway at Clarence Station</name>
    <number>61207</number>
    <direction abbr="SB">Southbound</direction>
    <side abbr="NS">Nearside</side>
    <street xlink:href="streets/4667">
      <key>4667</key>
      <name>Southwest Transitway</name>
    </street>
    <cross-street xlink:href="streets/783">
      <key>783</key>
      <name>Clarence Avenue</name>
      <type abbr="Ave">Avenue</type>
    </cross-street>
    <centre>
      <utm zone="14U">
        <x>632189</x>
        <y>5521761</y>
      </utm>
      <geographic>
        <latitude>49.83369</latitude>
        <longitude>-97.16179</longitude>
      </geographic>
    </centre>
  </stop>
  <stop xlink:href="stops/61209">
    <key>61209</key>
    <name>Southbound Southwest Transitway at Chevrier Station</name>
    <number>61209</number>
    <direction abbr="SB">Southbound</direction>
    <side abbr="NS">Nearside</side>
    <street xlink:href="streets/4667">
      <key>4667</key>
      <name>Southwest Transitway</name>
    </street>
    <cross-street xlink:href="streets/756">
      <key>756</key>
      <name>Chevrier Boulevard</name>
      <type abbr="Blvd">Boulevard</type>
    </cross-street>
    <centre>
      <utm zone="14U">
        <x>632419</x>
        <y>5521355</y>
      </utm>
      <geographic>
        <latitude>49.82999</latitude>
        <longitude>-97.15874</longitude>
      </geographic>
    </centre>
  </stop>
  <stop xlink:href="stops/61211">
    <key>61211</key>
    <name>Southbound Southwest Transitway at Plaza Station</name>
    <number>61211</number>
    <direction abbr="SB">Southbound</direction>
    <side abbr="FS">Farside</side>
    <street xlink:href="streets/4667">
      <key>4667</key>
      <name>Southwest Transitway</name>
    </street>
    <cross-street xlink:href="streets/756">
      <key>756</key>
      <name>Chevrier Boulevard</name>
      <type abbr="Blvd">Boulevard</type>
    </cross-street>
    <centre>
      <utm zone="14U">
        <x>632623</x>
        <y>5520455</y>
      </utm>
      <geographic>
        <latitude>49.82186</latitude>
        <longitude>-97.15621</longitude>
      </geographic>
    </centre>
  </stop>
  <stop xlink:href="stops/61213">
    <key>61213</key>
    <name>Southbound Southwest Transitway at Chancellor Station</name>
    <number>61213</number>
    <direction abbr="SB">Southbound</direction>
    <side abbr="NS">Nearside</side>
    <street xlink:href="streets/4667">
      <key>4667</key>
      <name>Southwest Transitway</name>
    </street>
    <cross-street xlink:href="streets/714">
      <key>714</key>
      <name>Chancellor Drive</name>
      <type abbr="Dr">Drive</type>
    </cross-street>
    <centre>
      <utm zone="14U">
        <x>632588</x>
        <y>5519565</y>
      </utm>
      <geographic>
        <latitude>49.81386</latitude>
        <longitude>-97.157</longitude>
      </geographic>
    </centre>
  </stop>
  <stop xlink:href="stops/61215">
    <key>61215</key>
    <name>Eastbound Southpark at Southpark Station</name>
    <number>61215</number>
    <direction abbr="EB">Eastbound</direction>
    <side abbr="NS">Nearside</side>
    <street xlink:href="streets/3402">
      <key>3402</key>
      <name>Southpark Drive</name>
      <type abbr="Dr">Drive</type>
    </street>
    <cross-street xlink:href="streets/2818">
      <key>2818</key>
      <name>Pembina Highway</name>
      <type abbr="Hwy">Highway</type>
    </cross-street>
    <centre>
      <utm zone="14U">
        <x>632816</x>
        <y>5519214</y>
      </utm>
      <geographic>
        <latitude>49.81066</latitude>
        <longitude>-97.15395</longitude>
      </geographic>
    </centre>
  </stop>
  <stop xlink:href="stops/61218">
    <key>61218</key>
    <name>Eastbound Bohemier at University Crescent</name>
    <number>61218</number>
    <direction abbr="EB">Eastbound</direction>
    <side abbr="NS">Nearside</side>
    <street xlink:href="streets/4946">
      <key>4946</key>
      <name>Bohemier Trail</name>
      <type abbr="Trail">Trail</type>
    </street>
    <cross-street xlink:href="streets/3689">
      <key>3689</key>
      <name>University Crescent</name>
      <type abbr="Cres">Crescent</type>
    </cross-street>
    <centre>
      <utm zone="14U">
        <x>633621</x>
        <y>5519092</y>
      </utm>
      <geographic>
        <latitude>49.80938</latitude>
        <longitude>-97.14281</longitude>
      </geographic>
    </centre>
  </stop>
  <stop xlink:href="stops/61253">
    <key>61253</key>
    <name>Eastbound Dafoe at Agriculture</name>
    <number>61253</number>
    <direction abbr="EB">Eastbound</direction>
    <side abbr="FS">Farside</side>
    <street xlink:href="streets/950">
      <key>950</key>
      <name>Dafoe Road</name>
      <type abbr="Rd">Road</type>
    </street>
    <cross-street xlink:href="streets/3283">
      <key>3283</key>
      <name>Service 3 Street</name>
      <type abbr="St">Street</type>
      <leg abbr="S">South</leg>
    </cross-street>
    <centre>
      <utm zone="14U">
        <x>634113</x>
        <y>5518816</y>
      </utm>
      <geographic>
        <latitude>49.80679</latitude>
        <longitude>-97.13607</longitude>
      </geographic>
    </centre>
  </stop>
  <stop xlink:href="stops/61254">
    <key>61254</key>
    <name>Eastbound Dafoe at U of M Station</name>
    <number>61254</number>
    <direction abbr="EB">Eastbound</direction>
    <side abbr="NS">Nearside</side>
    <street xlink:href="streets/950">
      <key>950</key>
      <name>Dafoe Road</name>
      <type abbr="Rd">Road</type>
    </street>
    <cross-street xlink:href="streets/4423">
      <key>4423</key>
      <name>Alumni Lane</name>
      <type abbr="Lane">Lane</type>
    </cross-street>
    <centre>
      <utm zone="14U">
        <x>634493</x>
        <y>5519026</y>
      </utm>
      <geographic>
        <latitude>49.8086</latitude>
        <longitude>-97.13072</longitude>
      </geographic>
    </centre>
  </stop>
</stops>
