<?xml version="1.0" encoding="UTF-8"?>
<stops xmlns:utm="http://winnipegtransit.com/coordinates/utm" xmlns:ang="http://winnipegtransit.com/coordinates/angular" xmlns:xlink="http://www.w3.org/1999/xlink" xlink:base="" query-time="2024-07-11T14:42:36">
  <stop xlink:href="stops/10068">
    <key>10068</key>
    <name>Southbound Pembina at Osborne Junction</name>
    <number>10068</number>
    <direction abbr="SB">Southbound</direction>
    <side abbr="NS">Nearside</side>
    <street xlink:href="streets/2818">
      <key>2818</key>
      <name>Pembina Highway</name>
      <type abbr="Hwy">Highway</type>
    </street>
    <cross-street xlink:href="streets/882">
      <key>882</key>
      <name>Corydon Avenue</name>
      <type abbr="Ave">Avenue</type>
    </cross-street>
    <centre>
      <utm zone="14U">
        <x>633442</x>
        <y>5526340</y>
      </utm>
      <geographic>
        <latitude>49.87458</latitude>
        <longitude>-97.1428</longitude>
      </geographic>
    </centre>
  </stop>
  <stop xlink:href="stops/10125">
    <key>10125</key>
    <name>Westbound Corydon at Harrow</name>
    <number>10125</number>
    <direction abbr="WB">Westbound</direction>
    <side abbr="NS">Nearside</side>
    <street xlink:href="streets/882">
      <key>882</key>
      <name>Corydon Avenue</name>
      <type abbr="Ave">Avenue</type>
    </street>
    <cross-street xlink:href="streets/1658">
      <key>1658</key>
      <name>Harrow Street</name>
      <type abbr="St">Street</type>
    </cross-street>
    <centre>
      <utm zone="14U">
        <x>631971</x>
        <y>5525515</y>
      </utm>
      <geographic>
        <latitude>49.86749</latitude>
        <longitude>-97.16354</longitude>
      </geographic>
    </centre>
  </stop>
  <stop xlink:href="stops/10127">
    <key>10127</key>
    <name>Westbound Corydon at Stafford</name>
    <number>10127</number>
    <direction abbr="WB">Westbound</direction>
    <side abbr="NS">Nearside</side>
    <street xlink:href="streets/882">
      <key>882</key>
      <name>Corydon Avenue</name>
      <type abbr="Ave">Avenue</type>
    </street>
    <cross-street xlink:href="streets/3465">
      <key>3465</key>
      <name>Stafford Street</name>
      <type abbr="St">Street</type>
    </cross-street>
    <centre>
      <utm zone="14U">
        <x>632132</x>
        <y>5525603</y>
      </utm>
      <geographic>
        <latitude>49.86824</latitude>
        <longitude>-97.16128</longitude>
      </geographic>
    </centre>
  </stop>
  <stop xlink:href="stops/10129">
    <key>10129</key>
    <name>Westbound Corydon at Wentworth</name>
    <number>10129</number>
    <direction abbr="WB">Westbound</direction>
    <side abbr="NS">Nearside</side>
    <street xlink:href="streets/882">
      <key>882</key>
      <name>Corydon Avenue</name>
      <type abbr="Ave">Avenue</type>
    </street>
    <cross-street xlink:href="streets/3827">
      <key>3827</key>
      <name>Wentworth Street</name>
      <type abbr="St">Street</type>
    </cross-street>
    <centre>
      <utm zone="14U">
        <x>632276</x>
        <y>5525681</y>
      </utm>
      <geographic>
        <latitude>49.86891</latitude>
        <longitude>-97.15925</longitude>
      </geographic>
    </centre>
  </stop>
  <stop xlink:href="stops/10140">
    <key>10140</key>
    <name>Westbound Corydon at Lilac</name>
    <number>10140</number>
    <direction abbr="WB">Westbound</direction>
    <side abbr="NS">Nearside</side>
    <street xlink:href="streets/882">
      <key>882</key>
      <name>Corydon Avenue</name>
      <type abbr="Ave">Avenue</type>
    </street>
    <cross-street xlink:href="streets/2154">
      <key>2154</key>
      <name>Lilac Street</name>
      <type abbr="St">Street</type>
    </cross-street>
    <centre>
      <utm zone="14U">
        <x>632432</x>
        <y>5525767</y>
      </utm>
      <geographic>
        <latitude>49.86965</latitude>
        <longitude>-97.15705</longitude>
      </geographic>
    </centre>
  </stop>
  <stop xlink:href="stops/10142">
    <key>10142</key>
    <name>Westbound Corydon at Arbuthnot</name>
    <number>10142</number>
    <direction abbr="WB">Westbound</direction>
    <side abbr="FS">Farside</side>
    <street xlink:href="streets/882">
      <key>882</key>
      <name>Corydon Avenue</name>
      <type abbr="Ave">Avenue</type>
    </street>
    <cross-street xlink:href="streets/126">
      <key>126</key>
      <name>Arbuthnot Street</name>
      <type abbr="St">Street</type>
    </cross-street>
    <centre>
      <utm zone="14U">
        <x>632543</x>
        <y>5525827</y>
      </utm>
      <geographic>
        <latitude>49.87017</latitude>
        <longitude>-97.15548</longitude>
      </geographic>
    </centre>
  </stop>
  <stop xlink:href="stops/10144">
    <key>10144</key>
    <name>Westbound Corydon at Cockburn</name>
    <number>10144</number>
    <direction abbr="WB">Westbound</direction>
    <side abbr="FS">Farside</side>
    <street xlink:href="streets/882">
      <key>882</key>
      <name>Corydon Avenue</name>
      <type abbr="Ave">Avenue</type>
    </street>
    <cross-street xlink:href="streets/805">
      <key>805</key>
      <name>Cockburn Street</name>
      <type abbr="St">Street</type>
      <leg abbr="N">North</leg>
    </cross-street>
    <centre>
      <utm zone="14U">
        <x>632703</x>
        <y>5525915</y>
      </utm>
      <geographic>
        <latitude>49.87092</latitude>
        <longitude>-97.15323</longitude>
      </geographic>
    </centre>
  </stop>
  <stop xlink:href="stops/10146">
    <key>10146</key>
    <name>Westbound Corydon at Hugo</name>
    <number>10146</number>
    <direction abbr="WB">Westbound</direction>
    <side abbr="FS">Farside</side>
    <street xlink:href="streets/882">
      <key>882</key>
      <name>Corydon Avenue</name>
      <type abbr="Ave">Avenue</type>
    </street>
    <cross-street xlink:href="streets/1809">
      <key>1809</key>
      <name>Hugo Street</name>
      <type abbr="St">Street</type>
      <leg abbr="N">North</leg>
    </cross-street>
    <centre>
      <utm zone="14U">
        <x>632846</x>
        <y>5525993</y>
      </utm>
      <geographic>
        <latitude>49.87159</latitude>
        <longitude>-97.15121</longitude>
      </geographic>
    </centre>
  </stop>
  <stop xlink:href="stops/10148">
    <key>10148</key>
    <name>Westbound Corydon at Daly</name>
    <number>10148</number>
    <direction abbr="WB">Westbound</direction>
    <side abbr="NS">Nearside</side>
    <street xlink:href="streets/882">
      <key>882</key>
      <name>Corydon Avenue</name>
      <type abbr="Ave">Avenue</type>
    </street>
    <cross-street xlink:href="streets/963">
      <key>963</key>
      <name>Daly Street</name>
      <type abbr="St">Street</type>
      <leg abbr="N">North</leg>
    </cross-street>
    <centre>
      <utm zone="14U">
        <x>633033</x>
        <y>5526096</y>
      </utm>
      <geographic>
        <latitude>49.87248</latitude>
        <longitude>-97.14857</longitude>
      </geographic>
    </centre>
  </stop>
  <stop xlink:href="stops/10149">
    <key>10149</key>
    <name>Westbound Corydon at Nassau</name>
    <number>10149</number>
    <direction abbr="WB">Westbound</direction>
    <side abbr="FS">Farside</side>
    <street xlink:href="streets/882">
      <key>882</key>
      <name>Corydon Avenue</name>
      <type abbr="Ave">Avenue</type>
    </street>
    <cross-street xlink:href="streets/2593">
      <key>2593</key>
      <name>Nassau Street</name>
      <type abbr="St">Street</type>
      <leg abbr="N">North</leg>
    </cross-street>
    <centre>
      <utm zone="14U">
        <x>633199</x>
        <y>5526187</y>
      </utm>
      <geographic>
        <latitude>49.87326</latitude>
        <longitude>-97.14623</longitude>
      </geographic>
    </centre>
  </stop>
  <stop xlink:href="stops/10172">
    <key>10172</key>
    <name>Southbound Osborne at River</name>
    <number>10172</number>
    <direction abbr="SB">Southbound</direction>
    <side abbr="NS">Nearside</side>
    <street xlink:href="streets/2715">
      <key>2715</key>
      <name>Osborne Street</name>
      <type abbr="St">Street</type>
    </street>
    <cross-street xlink:href="streets/3057">
      <key>3057</key>
      <name>River Avenue</name>
      <type abbr="Ave">Avenue</type>
    </cross-street>
    <centre>
      <utm zone="14U">
        <x>633161</x>
        <y>5526845</y>
      </utm>
      <geographic>
        <latitude>49.87918</latitude>
        <longitude>-97.14654</longitude>
      </geographic>
    </centre>
  </stop>
  <stop xlink:href="stops/10185">
    <key>10185</key>
    <name>Southbound Osborne at Wardlaw</name>
    <number>10185</number>
    <direction abbr="SB">Southbound</direction>
    <side abbr="NS">Nearside</side>
    <street xlink:href="streets/2715">
      <key>2715</key>
      <name>Osborne Street</name>
      <type abbr="St">Street</type>
    </street>
    <cross-street xlink:href="streets/3781">
      <key>3781</key>
      <name>Wardlaw Avenue</name>
      <type abbr="Ave">Avenue</type>
    </cross-street>
    <centre>
      <utm zone="14U">
        <x>633339</x>
        <y>5526606</y>
      </utm>
      <geographic>
        <latitude>49.87699</latitude>
        <longitude>-97.14414</longitude>
      </geographic>
    </centre>
  </stop>
  <stop xlink:href="stops/10598">
    <key>10598</key>
    <name>Southbound Osborne at York</name>
    <number>10598</number>
    <direction abbr="SB">Southbound</direction>
    <side abbr="NS">Nearside</side>
    <street xlink:href="streets/2716">
      <key>2716</key>
      <name>Osborne Street</name>
      <type abbr="St">Street</type>
      <leg abbr="N">North</leg>
    </street>
    <cross-street xlink:href="streets/4014">
      <key>4014</key>
      <name>York Avenue</name>
      <type abbr="Ave">Avenue</type>
    </cross-street>
    <centre>
      <utm zone="14U">
        <x>632886</x>
        <y>5527814</y>
      </utm>
      <geographic>
        <latitude>49.88795</latitude>
        <longitude>-97.15003</longitude>
      </geographic>
    </centre>
  </stop>
  <stop xlink:href="stops/10599">
    <key>10599</key>
    <name>Southbound Osborne at Broadway (Legislature)</name>
    <number>10599</number>
    <direction abbr="SB">Southbound</direction>
    <side abbr="NS">Nearside</side>
    <street xlink:href="streets/2716">
      <key>2716</key>
      <name>Osborne Street</name>
      <type abbr="St">Street</type>
      <leg abbr="N">North</leg>
    </street>
    <cross-street xlink:href="streets/519">
      <key>519</key>
      <name>Broadway</name>
    </cross-street>
    <centre>
      <utm zone="14U">
        <x>632895</x>
        <y>5527558</y>
      </utm>
      <geographic>
        <latitude>49.88565</latitude>
        <longitude>-97.14999</longitude>
      </geographic>
    </centre>
  </stop>
  <stop xlink:href="stops/10600">
    <key>10600</key>
    <name>Southbound Osborne at Granite</name>
    <number>10600</number>
    <direction abbr="SB">Southbound</direction>
    <side abbr="NS">Nearside</side>
    <street xlink:href="streets/2716">
      <key>2716</key>
      <name>Osborne Street</name>
      <type abbr="St">Street</type>
      <leg abbr="N">North</leg>
    </street>
    <cross-street xlink:href="streets/4653">
      <key>4653</key>
      <name>Granite Way</name>
      <type abbr="Way">Way</type>
    </cross-street>
    <centre>
      <utm zone="14U">
        <x>632983</x>
        <y>5527301</y>
      </utm>
      <geographic>
        <latitude>49.88332</latitude>
        <longitude>-97.14886</longitude>
      </geographic>
    </centre>
  </stop>
  <stop xlink:href="stops/10612">
    <key>10612</key>
    <name>Westbound Graham at Garry (Wpg Square)</name>
    <number>10612</number>
    <direction abbr="WB">Westbound</direction>
    <side abbr="NS">Nearside</side>
    <street xlink:href="streets/1533">
      <key>1533</key>
      <name>Graham Avenue</name>
      <type abbr="Ave">Avenue</type>
    </street>
    <cross-street xlink:href="streets/1437">
      <key>1437</key>
      <name>Garry Street</name>
      <type abbr="St">Street</type>
    </cross-street>
    <centre>
      <utm zone="14U">
        <x>633608</x>
        <y>5528372</y>
      </utm>
      <geographic>
        <latitude>49.89281</latitude>
        <longitude>-97.13979</longitude>
      </geographic>
    </centre>
  </stop>
  <stop xlink:href="stops/10614">
    <key>10614</key>
    <name>Westbound Graham at Donald (Canada Life Centre)</name>
    <number>10614</number>
    <direction abbr="WB">Westbound</direction>
    <side abbr="NS">Nearside</side>
    <street xlink:href="streets/1533">
      <key>1533</key>
      <name>Graham Avenue</name>
      <type abbr="Ave">Avenue</type>
    </street>
    <cross-street xlink:href="streets/1070">
      <key>1070</key>
      <name>Donald Street</name>
      <type abbr="St">Street</type>
    </cross-street>
    <centre>
      <utm zone="14U">
        <x>633417</x>
        <y>5528300</y>
      </utm>
      <geographic>
        <latitude>49.8922</latitude>
        <longitude>-97.14247</longitude>
      </geographic>
    </centre>
  </stop>
  <stop xlink:href="stops/10617">
    <key>10617</key>
    <name>Westbound Graham at Edmonton (RWB)</name>
    <number>10617</number>
    <direction abbr="WB">Westbound</direction>
    <side abbr="NS">Nearside</side>
    <street xlink:href="streets/1533">
      <key>1533</key>
      <name>Graham Avenue</name>
      <type abbr="Ave">Avenue</type>
    </street>
    <cross-street xlink:href="streets/1201">
      <key>1201</key>
      <name>Edmonton Street</name>
      <type abbr="St">Street</type>
    </cross-street>
    <centre>
      <utm zone="14U">
        <x>633134</x>
        <y>5528193</y>
      </utm>
      <geographic>
        <latitude>49.89131</latitude>
        <longitude>-97.14645</longitude>
      </geographic>
    </centre>
  </stop>
  <stop xlink:href="stops/10619">
    <key>10619</key>
    <name>Westbound Graham at Vaughan (The Bay)</name>
    <number>10619</number>
    <direction abbr="WB">Westbound</direction>
    <side abbr="NS">Nearside</side>
    <street xlink:href="streets/1533">
      <key>1533</key>
      <name>Graham Avenue</name>
      <type abbr="Ave">Avenue</type>
    </street>
    <cross-street xlink:href="streets/3716">
      <key>3716</key>
      <name>Vaughan Street</name>
      <type abbr="St">Street</type>
    </cross-street>
    <centre>
      <utm zone="14U">
        <x>632952</x>
        <y>5528122</y>
      </utm>
      <geographic>
        <latitude>49.89071</latitude>
        <longitude>-97.149</longitude>
      </geographic>
    </centre>
  </stop>
  <stop xlink:href="stops/10632">
    <key>10632</key>
    <name>Southbound Main at Henry</name>
    <number>10632</number>
    <direction abbr="SB">Southbound</direction>
    <side abbr="FS">Farside</side>
    <street xlink:href="streets/2265">
      <key>2265</key>
      <name>Main Street</name>
      <type abbr="St">Street</type>
    </street>
    <cross-street xlink:href="streets/1720">
      <key>1720</key>
      <name>Henry Avenue</name>
      <type abbr="Ave">Avenue</type>
    </cross-street>
    <centre>
      <utm zone="14U">
        <x>633896</x>
        <y>5529559</y>
      </utm>
      <geographic>
        <latitude>49.90342</latitude>
        <longitude>-97.13537</longitude>
      </geographic>
    </centre>
  </stop>
  <stop xlink:href="stops/10633">
    <key>10633</key>
    <name>Southbound Main at Alexander</name>
    <number>10633</number>
    <direction abbr="SB">Southbound</direction>
    <side abbr="NS">Nearside</side>
    <street xlink:href="streets/2265">
      <key>2265</key>
      <name>Main Street</name>
      <type abbr="St">Street</type>
    </street>
    <cross-street xlink:href="streets/57">
      <key>57</key>
      <name>Alexander Avenue</name>
      <type abbr="Ave">Avenue</type>
    </cross-street>
    <centre>
      <utm zone="14U">
        <x>633807</x>
        <y>5529376</y>
      </utm>
      <geographic>
        <latitude>49.90179</latitude>
        <longitude>-97.13667</longitude>
      </geographic>
    </centre>
  </stop>
  <stop xlink:href="stops/10634">
    <key>10634</key>
    <name>Southbound Main at James</name>
    <number>10634</number>
    <direction abbr="SB">Southbound</direction>
    <side abbr="NS">Nearside</side>
    <street xlink:href="streets/2265">
      <key>2265</key>
      <name>Main Street</name>
      <type abbr="St">Street</type>
    </street>
    <cross-street xlink:href="streets/1862">
      <key>1862</key>
      <name>James Avenue</name>
      <type abbr="Ave">Avenue</type>
    </cross-street>
    <centre>
      <utm zone="14U">
        <x>633713</x>
        <y>5529201</y>
      </utm>
      <geographic>
        <latitude>49.90024</latitude>
        <longitude>-97.13804</longitude>
      </geographic>
    </centre>
  </stop>
  <stop xlink:href="stops/10635">
    <key>10635</key>
    <name>Southbound Main at William (City Hall)</name>
    <number>10635</number>
    <direction abbr="SB">Southbound</direction>
    <side abbr="NS">Nearside</side>
    <street xlink:href="streets/2265">
      <key>2265</key>
      <name>Main Street</name>
      <type abbr="St">Street</type>
    </street>
    <cross-street xlink:href="streets/3905">
      <key>3905</key>
      <name>William Avenue</name>
      <type abbr="Ave">Avenue</type>
    </cross-street>
    <centre>
      <utm zone="14U">
        <x>633642</x>
        <y>5529066</y>
      </utm>
      <geographic>
        <latitude>49.89904</latitude>
        <longitude>-97.13908</longitude>
      </geographic>
    </centre>
  </stop>
  <stop xlink:href="stops/10636">
    <key>10636</key>
    <name>Southbound Main at McDermot</name>
    <number>10636</number>
    <direction abbr="SB">Southbound</direction>
    <side abbr="NS">Nearside</side>
    <street xlink:href="streets/2265">
      <key>2265</key>
      <name>Main Street</name>
      <type abbr="St">Street</type>
    </street>
    <cross-street xlink:href="streets/2400">
      <key>2400</key>
      <name>McDermot Avenue</name>
      <type abbr="Ave">Avenue</type>
    </cross-street>
    <centre>
      <utm zone="14U">
        <x>633646</x>
        <y>5528853</y>
      </utm>
      <geographic>
        <latitude>49.89712</latitude>
        <longitude>-97.1391</longitude>
      </geographic>
    </centre>
  </stop>
  <stop xlink:href="stops/10638">
    <key>10638</key>
    <name>Southbound Main at Pioneer</name>
    <number>10638</number>
    <direction abbr="SB">Southbound</direction>
    <side abbr="FSO">Farside Opposite</side>
    <street xlink:href="streets/2265">
      <key>2265</key>
      <name>Main Street</name>
      <type abbr="St">Street</type>
    </street>
    <cross-street xlink:href="streets/2871">
      <key>2871</key>
      <name>Pioneer Avenue</name>
      <type abbr="Ave">Avenue</type>
    </cross-street>
    <centre>
      <utm zone="14U">
        <x>633739</x>
        <y>5528516</y>
      </utm>
      <geographic>
        <latitude>49.89407</latitude>
        <longitude>-97.13792</longitude>
      </geographic>
    </centre>
  </stop>
  <stop xlink:href="stops/10840">
    <key>10840</key>
    <name>Southbound Vaughan at St. Mary</name>
    <number>10840</number>
    <direction abbr="SB">Southbound</direction>
    <side abbr="NS">Nearside</side>
    <street xlink:href="streets/3716">
      <key>3716</key>
      <name>Vaughan Street</name>
      <type abbr="St">Street</type>
    </street>
    <cross-street xlink:href="streets/3452">
      <key>3452</key>
      <name>St Mary Avenue</name>
      <type abbr="Ave">Avenue</type>
    </cross-street>
    <centre>
      <utm zone="14U">
        <x>632987</x>
        <y>5527963</y>
      </utm>
      <geographic>
        <latitude>49.88927</latitude>
        <longitude>-97.14857</longitude>
      </geographic>
    </centre>
  </stop>
  <stop xlink:href="stops/30042">
    <key>30042</key>
    <name>Eastbound Jefferson at Main</name>
    <number>30042</number>
    <direction abbr="EB">Eastbound</direction>
    <side abbr="NS">Nearside</side>
    <street xlink:href="streets/1874">
      <key>1874</key>
      <name>Jefferson Avenue</name>
      <type abbr="Ave">Avenue</type>
    </street>
    <cross-street xlink:href="streets/2265">
      <key>2265</key>
      <name>Main Street</name>
      <type abbr="St">Street</type>
    </cross-street>
    <centre>
      <utm zone="14U">
        <x>634862</x>
        <y>5532989</y>
      </utm>
      <geographic>
        <latitude>49.93403</latitude>
        <longitude>-97.12073</longitude>
      </geographic>
    </centre>
  </stop>
  <stop xlink:href="stops/30043">
    <key>30043</key>
    <name>Southbound Main at Jefferson</name>
    <number>30043</number>
    <direction abbr="SB">Southbound</direction>
    <side abbr="FS">Farside</side>
    <street xlink:href="streets/2265">
      <key>2265</key>
      <name>Main Street</name>
      <type abbr="St">Street</type>
    </street>
    <cross-street xlink:href="streets/1874">
      <key>1874</key>
      <name>Jefferson Avenue</name>
      <type abbr="Ave">Avenue</type>
    </cross-street>
    <centre>
      <utm zone="14U">
        <x>634848</x>
        <y>5532897</y>
      </utm>
      <geographic>
        <latitude>49.93321</latitude>
        <longitude>-97.12096</longitude>
      </geographic>
    </centre>
  </stop>
  <stop xlink:href="stops/30046">
    <key>30046</key>
    <name>Southbound Main at Rupertsland</name>
    <number>30046</number>
    <direction abbr="SB">Southbound</direction>
    <side abbr="FS">Farside</side>
    <street xlink:href="streets/2265">
      <key>2265</key>
      <name>Main Street</name>
      <type abbr="St">Street</type>
    </street>
    <cross-street xlink:href="streets/3160">
      <key>3160</key>
      <name>Rupertsland Avenue</name>
      <type abbr="Ave">Avenue</type>
    </cross-street>
    <centre>
      <utm zone="14U">
        <x>634778</x>
        <y>5532714</y>
      </utm>
      <geographic>
        <latitude>49.93158</latitude>
        <longitude>-97.12199</longitude>
      </geographic>
    </centre>
  </stop>
  <stop xlink:href="stops/30048">
    <key>30048</key>
    <name>Southbound Main at McAdam</name>
    <number>30048</number>
    <direction abbr="SB">Southbound</direction>
    <side abbr="FS">Farside</side>
    <street xlink:href="streets/2265">
      <key>2265</key>
      <name>Main Street</name>
      <type abbr="St">Street</type>
    </street>
    <cross-street xlink:href="streets/2386">
      <key>2386</key>
      <name>McAdam Avenue</name>
      <type abbr="Ave">Avenue</type>
    </cross-street>
    <centre>
      <utm zone="14U">
        <x>634711</x>
        <y>5532515</y>
      </utm>
      <geographic>
        <latitude>49.9298</latitude>
        <longitude>-97.123</longitude>
      </geographic>
    </centre>
  </stop>
  <stop xlink:href="stops/30054">
    <key>30054</key>
    <name>Southbound Main at Inkster</name>
    <number>30054</number>
    <direction abbr="SB">Southbound</direction>
    <side abbr="NS">Nearside</side>
    <street xlink:href="streets/2265">
      <key>2265</key>
      <name>Main Street</name>
      <type abbr="St">Street</type>
    </street>
    <cross-street xlink:href="streets/1836">
      <key>1836</key>
      <name>Inkster Boulevard</name>
      <type abbr="Blvd">Boulevard</type>
    </cross-street>
    <centre>
      <utm zone="14U">
        <x>634631</x>
        <y>5532279</y>
      </utm>
      <geographic>
        <latitude>49.9277</latitude>
        <longitude>-97.12419</longitude>
      </geographic>
    </centre>
  </stop>
  <stop xlink:href="stops/30057">
    <key>30057</key>
    <name>Southbound Main at Polson</name>
    <number>30057</number>
    <direction abbr="SB">Southbound</direction>
    <side abbr="NS">Nearside</side>
    <street xlink:href="streets/2265">
      <key>2265</key>
      <name>Main Street</name>
      <type abbr="St">Street</type>
    </street>
    <cross-street xlink:href="streets/2895">
      <key>2895</key>
      <name>Polson Avenue</name>
      <type abbr="Ave">Avenue</type>
    </cross-street>
    <centre>
      <utm zone="14U">
        <x>634583</x>
        <y>5532134</y>
      </utm>
      <geographic>
        <latitude>49.92641</latitude>
        <longitude>-97.12491</longitude>
      </geographic>
    </centre>
  </stop>
  <stop xlink:href="stops/30071">
    <key>30071</key>
    <name>Southbound Main at Cathedral</name>
    <number>30071</number>
    <direction abbr="SB">Southbound</direction>
    <side abbr="NS">Nearside</side>
    <street xlink:href="streets/2265">
      <key>2265</key>
      <name>Main Street</name>
      <type abbr="St">Street</type>
    </street>
    <cross-street xlink:href="streets/677">
      <key>677</key>
      <name>Cathedral Avenue</name>
      <type abbr="Ave">Avenue</type>
    </cross-street>
    <centre>
      <utm zone="14U">
        <x>634496</x>
        <y>5531878</y>
      </utm>
      <geographic>
        <latitude>49.92413</latitude>
        <longitude>-97.12621</longitude>
      </geographic>
    </centre>
  </stop>
  <stop xlink:href="stops/30073">
    <key>30073</key>
    <name>Southbound Main at Church</name>
    <number>30073</number>
    <direction abbr="SB">Southbound</direction>
    <side abbr="FS">Farside</side>
    <street xlink:href="streets/2265">
      <key>2265</key>
      <name>Main Street</name>
      <type abbr="St">Street</type>
    </street>
    <cross-street xlink:href="streets/773">
      <key>773</key>
      <name>Church Avenue</name>
      <type abbr="Ave">Avenue</type>
    </cross-street>
    <centre>
      <utm zone="14U">
        <x>634404</x>
        <y>5531629</y>
      </utm>
      <geographic>
        <latitude>49.92191</latitude>
        <longitude>-97.12758</longitude>
      </geographic>
    </centre>
  </stop>
  <stop xlink:href="stops/30077">
    <key>30077</key>
    <name>Southbound Main at Mountain</name>
    <number>30077</number>
    <direction abbr="SB">Southbound</direction>
    <side abbr="NS">Nearside</side>
    <street xlink:href="streets/2265">
      <key>2265</key>
      <name>Main Street</name>
      <type abbr="St">Street</type>
    </street>
    <cross-street xlink:href="streets/2570">
      <key>2570</key>
      <name>Mountain Avenue</name>
      <type abbr="Ave">Avenue</type>
    </cross-street>
    <centre>
      <utm zone="14U">
        <x>634286</x>
        <y>5531385</y>
      </utm>
      <geographic>
        <latitude>49.91974</latitude>
        <longitude>-97.12931</longitude>
      </geographic>
    </centre>
  </stop>
  <stop xlink:href="stops/30080">
    <key>30080</key>
    <name>Southbound Main at College</name>
    <number>30080</number>
    <direction abbr="SB">Southbound</direction>
    <side abbr="FS">Farside</side>
    <street xlink:href="streets/2265">
      <key>2265</key>
      <name>Main Street</name>
      <type abbr="St">Street</type>
    </street>
    <cross-street xlink:href="streets/819">
      <key>819</key>
      <name>College Avenue</name>
      <type abbr="Ave">Avenue</type>
    </cross-street>
    <centre>
      <utm zone="14U">
        <x>634214</x>
        <y>5531239</y>
      </utm>
      <geographic>
        <latitude>49.91845</latitude>
        <longitude>-97.13036</longitude>
      </geographic>
    </centre>
  </stop>
  <stop xlink:href="stops/30083">
    <key>30083</key>
    <name>Southbound Main at Redwood</name>
    <number>30083</number>
    <direction abbr="SB">Southbound</direction>
    <side abbr="NS">Nearside</side>
    <street xlink:href="streets/2265">
      <key>2265</key>
      <name>Main Street</name>
      <type abbr="St">Street</type>
    </street>
    <cross-street xlink:href="streets/3013">
      <key>3013</key>
      <name>Redwood Avenue</name>
      <type abbr="Ave">Avenue</type>
    </cross-street>
    <centre>
      <utm zone="14U">
        <x>634166</x>
        <y>5531142</y>
      </utm>
      <geographic>
        <latitude>49.91759</latitude>
        <longitude>-97.13106</longitude>
      </geographic>
    </centre>
  </stop>
  <stop xlink:href="stops/30086">
    <key>30086</key>
    <name>Southbound Main at Alfred</name>
    <number>30086</number>
    <direction abbr="SB">Southbound</direction>
    <side abbr="NS">Nearside</side>
    <street xlink:href="streets/2265">
      <key>2265</key>
      <name>Main Street</name>
      <type abbr="St">Street</type>
    </street>
    <cross-street xlink:href="streets/58">
      <key>58</key>
      <name>Alfred Avenue</name>
      <type abbr="Ave">Avenue</type>
    </cross-street>
    <centre>
      <utm zone="14U">
        <x>634110</x>
        <y>5530939</y>
      </utm>
      <geographic>
        <latitude>49.91577</latitude>
        <longitude>-97.13191</longitude>
      </geographic>
    </centre>
  </stop>
  <stop xlink:href="stops/30088">
    <key>30088</key>
    <name>Southbound Main at Magnus</name>
    <number>30088</number>
    <direction abbr="SB">Southbound</direction>
    <side abbr="NS">Nearside</side>
    <street xlink:href="streets/2265">
      <key>2265</key>
      <name>Main Street</name>
      <type abbr="St">Street</type>
    </street>
    <cross-street xlink:href="streets/2262">
      <key>2262</key>
      <name>Magnus Avenue</name>
      <type abbr="Ave">Avenue</type>
    </cross-street>
    <centre>
      <utm zone="14U">
        <x>634092</x>
        <y>5530775</y>
      </utm>
      <geographic>
        <latitude>49.9143</latitude>
        <longitude>-97.13222</longitude>
      </geographic>
    </centre>
  </stop>
  <stop xlink:href="stops/30091">
    <key>30091</key>
    <name>Southbound Main at Selkirk</name>
    <number>30091</number>
    <direction abbr="SB">Southbound</direction>
    <side abbr="NS">Nearside</side>
    <street xlink:href="streets/2265">
      <key>2265</key>
      <name>Main Street</name>
      <type abbr="St">Street</type>
    </street>
    <cross-street xlink:href="streets/3259">
      <key>3259</key>
      <name>Selkirk Avenue</name>
      <type abbr="Ave">Avenue</type>
    </cross-street>
    <centre>
      <utm zone="14U">
        <x>634054</x>
        <y>5530504</y>
      </utm>
      <geographic>
        <latitude>49.91187</latitude>
        <longitude>-97.13284</longitude>
      </geographic>
    </centre>
  </stop>
  <stop xlink:href="stops/30094">
    <key>30094</key>
    <name>Southbound Main at Dufferin</name>
    <number>30094</number>
    <direction abbr="SB">Southbound</direction>
    <side abbr="NS">Nearside</side>
    <street xlink:href="streets/2265">
      <key>2265</key>
      <name>Main Street</name>
      <type abbr="St">Street</type>
    </street>
    <cross-street xlink:href="streets/1118">
      <key>1118</key>
      <name>Dufferin Avenue</name>
      <type abbr="Ave">Avenue</type>
    </cross-street>
    <centre>
      <utm zone="14U">
        <x>634004</x>
        <y>5530161</y>
      </utm>
      <geographic>
        <latitude>49.9088</latitude>
        <longitude>-97.13366</longitude>
      </geographic>
    </centre>
  </stop>
  <stop xlink:href="stops/30096">
    <key>30096</key>
    <name>Southbound Main at Jarvis</name>
    <number>30096</number>
    <direction abbr="SB">Southbound</direction>
    <side abbr="FS">Farside</side>
    <street xlink:href="streets/2265">
      <key>2265</key>
      <name>Main Street</name>
      <type abbr="St">Street</type>
    </street>
    <cross-street xlink:href="streets/1867">
      <key>1867</key>
      <name>Jarvis Avenue</name>
      <type abbr="Ave">Avenue</type>
    </cross-street>
    <centre>
      <utm zone="14U">
        <x>633984</x>
        <y>5530011</y>
      </utm>
      <geographic>
        <latitude>49.90746</latitude>
        <longitude>-97.13399</longitude>
      </geographic>
    </centre>
  </stop>
  <stop xlink:href="stops/30109">
    <key>30109</key>
    <name>Eastbound Jefferson at Aikins</name>
    <number>30109</number>
    <direction abbr="EB">Eastbound</direction>
    <side abbr="FS">Farside</side>
    <street xlink:href="streets/1874">
      <key>1874</key>
      <name>Jefferson Avenue</name>
      <type abbr="Ave">Avenue</type>
    </street>
    <cross-street xlink:href="streets/29">
      <key>29</key>
      <name>Aikins Street</name>
      <type abbr="St">Street</type>
    </cross-street>
    <centre>
      <utm zone="14U">
        <x>634733</x>
        <y>5533049</y>
      </utm>
      <geographic>
        <latitude>49.9346</latitude>
        <longitude>-97.1225</longitude>
      </geographic>
    </centre>
  </stop>
  <stop xlink:href="stops/30141">
    <key>30141</key>
    <name>Eastbound Jefferson at Salter</name>
    <number>30141</number>
    <direction abbr="EB">Eastbound</direction>
    <side abbr="NS">Nearside</side>
    <street xlink:href="streets/1874">
      <key>1874</key>
      <name>Jefferson Avenue</name>
      <type abbr="Ave">Avenue</type>
    </street>
    <cross-street xlink:href="streets/3181">
      <key>3181</key>
      <name>Salter Street</name>
      <type abbr="St">Street</type>
    </cross-street>
    <centre>
      <utm zone="14U">
        <x>634518</x>
        <y>5533149</y>
      </utm>
      <geographic>
        <latitude>49.93555</latitude>
        <longitude>-97.12546</longitude>
      </geographic>
    </centre>
  </stop>
  <stop xlink:href="stops/30186">
    <key>30186</key>
    <name>Eastbound Jefferson at Powers</name>
    <number>30186</number>
    <direction abbr="EB">Eastbound</direction>
    <side abbr="NS">Nearside</side>
    <street xlink:href="streets/1874">
      <key>1874</key>
      <name>Jefferson Avenue</name>
      <type abbr="Ave">Avenue</type>
    </street>
    <cross-street xlink:href="streets/2914">
      <key>2914</key>
      <name>Powers Street</name>
      <type abbr="St">Street</type>
    </cross-street>
    <centre>
      <utm zone="14U">
        <x>634334</x>
        <y>5533236</y>
      </utm>
      <geographic>
        <latitude>49.93637</latitude>
        <longitude>-97.128</longitude>
      </geographic>
    </centre>
  </stop>
  <stop xlink:href="stops/30222">
    <key>30222</key>
    <name>Eastbound Jefferson at McGregor</name>
    <number>30222</number>
    <direction abbr="EB">Eastbound</direction>
    <side abbr="NS">Nearside</side>
    <street xlink:href="streets/1874">
      <key>1874</key>
      <name>Jefferson Avenue</name>
      <type abbr="Ave">Avenue</type>
    </street>
    <cross-street xlink:href="streets/2412">
      <key>2412</key>
      <name>McGregor Street</name>
      <type abbr="St">Street</type>
    </cross-street>
    <centre>
      <utm zone="14U">
        <x>633975</x>
        <y>5533404</y>
      </utm>
      <geographic>
        <latitude>49.93796</latitude>
        <longitude>-97.13294</longitude>
      </geographic>
    </centre>
  </stop>
  <stop xlink:href="stops/30224">
    <key>30224</key>
    <name>Eastbound Jefferson at McKenzie</name>
    <number>30224</number>
    <direction abbr="EB">Eastbound</direction>
    <side abbr="FSO">Farside Opposite</side>
    <street xlink:href="streets/1874">
      <key>1874</key>
      <name>Jefferson Avenue</name>
      <type abbr="Ave">Avenue</type>
    </street>
    <cross-street xlink:href="streets/2422">
      <key>2422</key>
      <name>McKenzie Street</name>
      <type abbr="St">Street</type>
    </cross-street>
    <centre>
      <utm zone="14U">
        <x>633814</x>
        <y>5533479</y>
      </utm>
      <geographic>
        <latitude>49.93867</latitude>
        <longitude>-97.13515</longitude>
      </geographic>
    </centre>
  </stop>
  <stop xlink:href="stops/30226">
    <key>30226</key>
    <name>Eastbound Jefferson at Parr</name>
    <number>30226</number>
    <direction abbr="EB">Eastbound</direction>
    <side abbr="NS">Nearside</side>
    <street xlink:href="streets/1874">
      <key>1874</key>
      <name>Jefferson Avenue</name>
      <type abbr="Ave">Avenue</type>
    </street>
    <cross-street xlink:href="streets/2784">
      <key>2784</key>
      <name>Parr Street</name>
      <type abbr="St">Street</type>
    </cross-street>
    <centre>
      <utm zone="14U">
        <x>633613</x>
        <y>5533573</y>
      </utm>
      <geographic>
        <latitude>49.93956</latitude>
        <longitude>-97.13792</longitude>
      </geographic>
    </centre>
  </stop>
  <stop xlink:href="stops/30363">
    <key>30363</key>
    <name>Westbound Leila at McPhillips East</name>
    <number>30363</number>
    <direction abbr="WB">Westbound</direction>
    <side abbr="NS">Nearside</side>
    <street xlink:href="streets/2132">
      <key>2132</key>
      <name>Leila Avenue</name>
      <type abbr="Ave">Avenue</type>
    </street>
    <cross-street xlink:href="streets/2443">
      <key>2443</key>
      <name>McPhillips Street</name>
      <type abbr="St">Street</type>
    </cross-street>
    <centre>
      <utm zone="14U">
        <x>633000</x>
        <y>5535056</y>
      </utm>
      <geographic>
        <latitude>49.95303</latitude>
        <longitude>-97.14595</longitude>
      </geographic>
    </centre>
  </stop>
  <stop xlink:href="stops/30374">
    <key>30374</key>
    <name>Southbound McPhillips at Leila</name>
    <number>30374</number>
    <direction abbr="SB">Southbound</direction>
    <side abbr="FS">Farside</side>
    <street xlink:href="streets/2443">
      <key>2443</key>
      <name>McPhillips Street</name>
      <type abbr="St">Street</type>
    </street>
    <cross-street xlink:href="streets/2132">
      <key>2132</key>
      <name>Leila Avenue</name>
      <type abbr="Ave">Avenue</type>
    </cross-street>
    <centre>
      <utm zone="14U">
        <x>632836</x>
        <y>5535041</y>
      </utm>
      <geographic>
        <latitude>49.95293</latitude>
        <longitude>-97.14824</longitude>
      </geographic>
    </centre>
  </stop>
  <stop xlink:href="stops/30379">
    <key>30379</key>
    <name>Southbound Garden City Terminal at Garden City Centre (18)</name>
    <number>30379</number>
    <direction abbr="SB">Southbound</direction>
    <side abbr="FS">Farside</side>
    <street xlink:href="streets/50000267">
      <key>50000267</key>
      <name>Garden City Centre Terminal</name>
      <type abbr="Term">Terminal</type>
    </street>
    <cross-street xlink:href="streets/2132">
      <key>2132</key>
      <name>Leila Avenue</name>
      <type abbr="Ave">Avenue</type>
    </cross-street>
    <centre>
      <utm zone="14U">
        <x>633028</x>
        <y>5534929</y>
      </utm>
      <geographic>
        <latitude>49.95188</latitude>
        <longitude>-97.1456</longitude>
      </geographic>
    </centre>
  </stop>
  <stop xlink:href="stops/30393">
    <key>30393</key>
    <name>Southbound McPhillips at Kingsbury</name>
    <number>30393</number>
    <direction abbr="SB">Southbound</direction>
    <side abbr="FS">Farside</side>
    <street xlink:href="streets/2443">
      <key>2443</key>
      <name>McPhillips Street</name>
      <type abbr="St">Street</type>
    </street>
    <cross-street xlink:href="streets/1977">
      <key>1977</key>
      <name>Kingsbury Avenue</name>
      <type abbr="Ave">Avenue</type>
    </cross-street>
    <centre>
      <utm zone="14U">
        <x>632689</x>
        <y>5534766</y>
      </utm>
      <geographic>
        <latitude>49.95049</latitude>
        <longitude>-97.15038</longitude>
      </geographic>
    </centre>
  </stop>
  <stop xlink:href="stops/30394">
    <key>30394</key>
    <name>Southbound McPhillips at Canna</name>
    <number>30394</number>
    <direction abbr="SB">Southbound</direction>
    <side abbr="NSO">Nearside Opposite</side>
    <street xlink:href="streets/2443">
      <key>2443</key>
      <name>McPhillips Street</name>
      <type abbr="St">Street</type>
    </street>
    <cross-street xlink:href="streets/625">
      <key>625</key>
      <name>Canna Boulevard</name>
      <type abbr="Blvd">Boulevard</type>
    </cross-street>
    <centre>
      <utm zone="14U">
        <x>632610</x>
        <y>5534618</y>
      </utm>
      <geographic>
        <latitude>49.94918</latitude>
        <longitude>-97.15153</longitude>
      </geographic>
    </centre>
  </stop>
  <stop xlink:href="stops/30395">
    <key>30395</key>
    <name>Southbound McPhillips at Stardust</name>
    <number>30395</number>
    <direction abbr="SB">Southbound</direction>
    <side abbr="NS">Nearside</side>
    <street xlink:href="streets/2443">
      <key>2443</key>
      <name>McPhillips Street</name>
      <type abbr="St">Street</type>
    </street>
    <cross-street xlink:href="streets/3472">
      <key>3472</key>
      <name>Stardust Avenue</name>
      <type abbr="Ave">Avenue</type>
    </cross-street>
    <centre>
      <utm zone="14U">
        <x>632513</x>
        <y>5534437</y>
      </utm>
      <geographic>
        <latitude>49.94757</latitude>
        <longitude>-97.15294</longitude>
      </geographic>
    </centre>
  </stop>
  <stop xlink:href="stops/30414">
    <key>30414</key>
    <name>Eastbound Jefferson at Teakwood</name>
    <number>30414</number>
    <direction abbr="EB">Eastbound</direction>
    <side abbr="NS">Nearside</side>
    <street xlink:href="streets/1874">
      <key>1874</key>
      <name>Jefferson Avenue</name>
      <type abbr="Ave">Avenue</type>
    </street>
    <cross-street xlink:href="streets/3579">
      <key>3579</key>
      <name>Teakwood Avenue</name>
      <type abbr="Ave">Avenue</type>
    </cross-street>
    <centre>
      <utm zone="14U">
        <x>633450</x>
        <y>5533650</y>
      </utm>
      <geographic>
        <latitude>49.94029</latitude>
        <longitude>-97.14016</longitude>
      </geographic>
    </centre>
  </stop>
  <stop xlink:href="stops/30416">
    <key>30416</key>
    <name>Eastbound Jefferson at Sinclair</name>
    <number>30416</number>
    <direction abbr="EB">Eastbound</direction>
    <side abbr="NS">Nearside</side>
    <street xlink:href="streets/1874">
      <key>1874</key>
      <name>Jefferson Avenue</name>
      <type abbr="Ave">Avenue</type>
    </street>
    <cross-street xlink:href="streets/3358">
      <key>3358</key>
      <name>Sinclair Street</name>
      <type abbr="St">Street</type>
    </cross-street>
    <centre>
      <utm zone="14U">
        <x>633241</x>
        <y>5533747</y>
      </utm>
      <geographic>
        <latitude>49.94121</latitude>
        <longitude>-97.14304</longitude>
      </geographic>
    </centre>
  </stop>
  <stop xlink:href="stops/30417">
    <key>30417</key>
    <name>Eastbound Jefferson at Airlies East</name>
    <number>30417</number>
    <direction abbr="EB">Eastbound</direction>
    <side abbr="FSO">Farside Opposite</side>
    <street xlink:href="streets/1874">
      <key>1874</key>
      <name>Jefferson Avenue</name>
      <type abbr="Ave">Avenue</type>
    </street>
    <cross-street xlink:href="streets/36">
      <key>36</key>
      <name>Airlies Street</name>
      <type abbr="St">Street</type>
    </cross-street>
    <centre>
      <utm zone="14U">
        <x>633031</x>
        <y>5533845</y>
      </utm>
      <geographic>
        <latitude>49.94214</latitude>
        <longitude>-97.14593</longitude>
      </geographic>
    </centre>
  </stop>
  <stop xlink:href="stops/30418">
    <key>30418</key>
    <name>Eastbound Jefferson at Airlies West</name>
    <number>30418</number>
    <direction abbr="EB">Eastbound</direction>
    <side abbr="NS">Nearside</side>
    <street xlink:href="streets/1874">
      <key>1874</key>
      <name>Jefferson Avenue</name>
      <type abbr="Ave">Avenue</type>
    </street>
    <cross-street xlink:href="streets/36">
      <key>36</key>
      <name>Airlies Street</name>
      <type abbr="St">Street</type>
    </cross-street>
    <centre>
      <utm zone="14U">
        <x>632875</x>
        <y>5533918</y>
      </utm>
      <geographic>
        <latitude>49.94283</latitude>
        <longitude>-97.14808</longitude>
      </geographic>
    </centre>
  </stop>
  <stop xlink:href="stops/30419">
    <key>30419</key>
    <name>Eastbound Jefferson at Tulip</name>
    <number>30419</number>
    <direction abbr="EB">Eastbound</direction>
    <side abbr="FSO">Farside Opposite</side>
    <street xlink:href="streets/1874">
      <key>1874</key>
      <name>Jefferson Avenue</name>
      <type abbr="Ave">Avenue</type>
    </street>
    <cross-street xlink:href="streets/3665">
      <key>3665</key>
      <name>Tulip Road</name>
      <type abbr="Rd">Road</type>
    </cross-street>
    <centre>
      <utm zone="14U">
        <x>632749</x>
        <y>5533977</y>
      </utm>
      <geographic>
        <latitude>49.94339</latitude>
        <longitude>-97.14982</longitude>
      </geographic>
    </centre>
  </stop>
  <stop xlink:href="stops/30420">
    <key>30420</key>
    <name>Eastbound Jefferson at Fir</name>
    <number>30420</number>
    <direction abbr="EB">Eastbound</direction>
    <side abbr="FS">Farside</side>
    <street xlink:href="streets/1874">
      <key>1874</key>
      <name>Jefferson Avenue</name>
      <type abbr="Ave">Avenue</type>
    </street>
    <cross-street xlink:href="streets/1328">
      <key>1328</key>
      <name>Fir Street</name>
      <type abbr="St">Street</type>
    </cross-street>
    <centre>
      <utm zone="14U">
        <x>632599</x>
        <y>5534048</y>
      </utm>
      <geographic>
        <latitude>49.94406</latitude>
        <longitude>-97.15188</longitude>
      </geographic>
    </centre>
  </stop>
  <stop xlink:href="stops/30421">
    <key>30421</key>
    <name>Eastbound Jefferson at McPhillips East</name>
    <number>30421</number>
    <direction abbr="EB">Eastbound</direction>
    <side abbr="FS">Farside</side>
    <street xlink:href="streets/1874">
      <key>1874</key>
      <name>Jefferson Avenue</name>
      <type abbr="Ave">Avenue</type>
    </street>
    <cross-street xlink:href="streets/2443">
      <key>2443</key>
      <name>McPhillips Street</name>
      <type abbr="St">Street</type>
    </cross-street>
    <centre>
      <utm zone="14U">
        <x>632438</x>
        <y>5534123</y>
      </utm>
      <geographic>
        <latitude>49.94477</latitude>
        <longitude>-97.1541</longitude>
      </geographic>
    </centre>
  </stop>
  <stop xlink:href="stops/30534">
    <key>30534</key>
    <name>Eastbound Jefferson at Andrews</name>
    <number>30534</number>
    <direction abbr="EB">Eastbound</direction>
    <side abbr="FSO">Farside Opposite</side>
    <street xlink:href="streets/1874">
      <key>1874</key>
      <name>Jefferson Avenue</name>
      <type abbr="Ave">Avenue</type>
    </street>
    <cross-street xlink:href="streets/104">
      <key>104</key>
      <name>Andrews Street</name>
      <type abbr="St">Street</type>
    </cross-street>
    <centre>
      <utm zone="14U">
        <x>634197</x>
        <y>5533300</y>
      </utm>
      <geographic>
        <latitude>49.93698</latitude>
        <longitude>-97.12988</longitude>
      </geographic>
    </centre>
  </stop>
  <stop xlink:href="stops/30913">
    <key>30913</key>
    <name>Southbound Main at Stella</name>
    <number>30913</number>
    <direction abbr="SB">Southbound</direction>
    <side abbr="NS">Nearside</side>
    <street xlink:href="streets/2265">
      <key>2265</key>
      <name>Main Street</name>
      <type abbr="St">Street</type>
    </street>
    <cross-street xlink:href="streets/3479">
      <key>3479</key>
      <name>Stella Avenue</name>
      <type abbr="Ave">Avenue</type>
    </cross-street>
    <centre>
      <utm zone="14U">
        <x>634024</x>
        <y>5530293</y>
      </utm>
      <geographic>
        <latitude>49.90998</latitude>
        <longitude>-97.13334</longitude>
      </geographic>
    </centre>
  </stop>
  <stop xlink:href="stops/60309">
    <key>60309</key>
    <name>Westbound Corydon at Cambridge West</name>
    <number>60309</number>
    <direction abbr="WB">Westbound</direction>
    <side abbr="FS">Farside</side>
    <street xlink:href="streets/882">
      <key>882</key>
      <name>Corydon Avenue</name>
      <type abbr="Ave">Avenue</type>
    </street>
    <cross-street xlink:href="streets/610">
      <key>610</key>
      <name>Cambridge Street</name>
      <type abbr="St">Street</type>
    </cross-street>
    <centre>
      <utm zone="14U">
        <x>631119</x>
        <y>5525006</y>
      </utm>
      <geographic>
        <latitude>49.8631</latitude>
        <longitude>-97.17557</longitude>
      </geographic>
    </centre>
  </stop>
  <stop xlink:href="stops/60312">
    <key>60312</key>
    <name>Westbound Corydon at Thurso</name>
    <number>60312</number>
    <direction abbr="WB">Westbound</direction>
    <side abbr="NS">Nearside</side>
    <street xlink:href="streets/882">
      <key>882</key>
      <name>Corydon Avenue</name>
      <type abbr="Ave">Avenue</type>
    </street>
    <cross-street xlink:href="streets/3615">
      <key>3615</key>
      <name>Thurso Street</name>
      <type abbr="St">Street</type>
    </cross-street>
    <centre>
      <utm zone="14U">
        <x>631371</x>
        <y>5525187</y>
      </utm>
      <geographic>
        <latitude>49.86467</latitude>
        <longitude>-97.172</longitude>
      </geographic>
    </centre>
  </stop>
  <stop xlink:href="stops/60313">
    <key>60313</key>
    <name>Westbound Corydon at Rockwood</name>
    <number>60313</number>
    <direction abbr="WB">Westbound</direction>
    <side abbr="FS">Farside</side>
    <street xlink:href="streets/882">
      <key>882</key>
      <name>Corydon Avenue</name>
      <type abbr="Ave">Avenue</type>
    </street>
    <cross-street xlink:href="streets/3100">
      <key>3100</key>
      <name>Rockwood Street</name>
      <type abbr="St">Street</type>
    </cross-street>
    <centre>
      <utm zone="14U">
        <x>631477</x>
        <y>5525246</y>
      </utm>
      <geographic>
        <latitude>49.86518</latitude>
        <longitude>-97.17051</longitude>
      </geographic>
    </centre>
  </stop>
  <stop xlink:href="stops/60315">
    <key>60315</key>
    <name>Westbound Corydon at Wilton</name>
    <number>60315</number>
    <direction abbr="WB">Westbound</direction>
    <side abbr="NS">Nearside</side>
    <street xlink:href="streets/882">
      <key>882</key>
      <name>Corydon Avenue</name>
      <type abbr="Ave">Avenue</type>
    </street>
    <cross-street xlink:href="streets/3928">
      <key>3928</key>
      <name>Wilton Street</name>
      <type abbr="St">Street</type>
    </cross-street>
    <centre>
      <utm zone="14U">
        <x>631672</x>
        <y>5525352</y>
      </utm>
      <geographic>
        <latitude>49.86609</latitude>
        <longitude>-97.16776</longitude>
      </geographic>
    </centre>
  </stop>
  <stop xlink:href="stops/60318">
    <key>60318</key>
    <name>Westbound Corydon at Guelph</name>
    <number>60318</number>
    <direction abbr="WB">Westbound</direction>
    <side abbr="NS">Nearside</side>
    <street xlink:href="streets/882">
      <key>882</key>
      <name>Corydon Avenue</name>
      <type abbr="Ave">Avenue</type>
    </street>
    <cross-street xlink:href="streets/1584">
      <key>1584</key>
      <name>Guelph Street</name>
      <type abbr="St">Street</type>
    </cross-street>
    <centre>
      <utm zone="14U">
        <x>631819</x>
        <y>5525432</y>
      </utm>
      <geographic>
        <latitude>49.86678</latitude>
        <longitude>-97.16569</longitude>
      </geographic>
    </centre>
  </stop>
</stops>
