<?xml version="1.0" encoding="UTF-8"?>
<stops xmlns:utm="http://winnipegtransit.com/coordinates/utm" xmlns:ang="http://winnipegtransit.com/coordinates/angular" xmlns:xlink="http://www.w3.org/1999/xlink" xlink:base="" query-time="2024-07-11T09:33:34">
  <stop xlink:href="stops/10057">
    <key>10057</key>
    <name>Northbound Osborne at Wavell</name>
    <number>10057</number>
    <direction abbr="NB">Northbound</direction>
    <side abbr="FS">Farside</side>
    <street xlink:href="streets/2715">
      <key>2715</key>
      <name>Osborne Street</name>
      <type abbr="St">Street</type>
    </street>
    <cross-street xlink:href="streets/3803">
      <key>3803</key>
      <name>Wavell Avenue</name>
      <type abbr="Ave">Avenue</type>
    </cross-street>
    <centre>
      <utm zone="14U">
        <x>634520</x>
        <y>5524533</y>
      </utm>
      <geographic>
        <latitude>49.85809</latitude>
        <longitude>-97.12843</longitude>
      </geographic>
    </centre>
  </stop>
  <stop xlink:href="stops/10058">
    <key>10058</key>
    <name>Northbound Osborne at Balfour</name>
    <number>10058</number>
    <direction abbr="NB">Northbound</direction>
    <side abbr="NS">Nearside</side>
    <street xlink:href="streets/2715">
      <key>2715</key>
      <name>Osborne Street</name>
      <type abbr="St">Street</type>
    </street>
    <cross-street xlink:href="streets/224">
      <key>224</key>
      <name>Balfour Avenue</name>
      <type abbr="Ave">Avenue</type>
    </cross-street>
    <centre>
      <utm zone="14U">
        <x>634383</x>
        <y>5524757</y>
      </utm>
      <geographic>
        <latitude>49.86014</latitude>
        <longitude>-97.13026</longitude>
      </geographic>
    </centre>
  </stop>
  <stop xlink:href="stops/10059">
    <key>10059</key>
    <name>Northbound Osborne at Baltimore</name>
    <number>10059</number>
    <direction abbr="NB">Northbound</direction>
    <side abbr="NS">Nearside</side>
    <street xlink:href="streets/2715">
      <key>2715</key>
      <name>Osborne Street</name>
      <type abbr="St">Street</type>
    </street>
    <cross-street xlink:href="streets/230">
      <key>230</key>
      <name>Baltimore Road</name>
      <type abbr="Rd">Road</type>
    </cross-street>
    <centre>
      <utm zone="14U">
        <x>634283</x>
        <y>5524938</y>
      </utm>
      <geographic>
        <latitude>49.86179</latitude>
        <longitude>-97.13159</longitude>
      </geographic>
    </centre>
  </stop>
  <stop xlink:href="stops/10060">
    <key>10060</key>
    <name>Northbound Osborne at Maplewood</name>
    <number>10060</number>
    <direction abbr="NB">Northbound</direction>
    <side abbr="NS">Nearside</side>
    <street xlink:href="streets/2715">
      <key>2715</key>
      <name>Osborne Street</name>
      <type abbr="St">Street</type>
    </street>
    <cross-street xlink:href="streets/2311">
      <key>2311</key>
      <name>Maplewood Avenue</name>
      <type abbr="Ave">Avenue</type>
    </cross-street>
    <centre>
      <utm zone="14U">
        <x>634188</x>
        <y>5525107</y>
      </utm>
      <geographic>
        <latitude>49.86333</latitude>
        <longitude>-97.13285</longitude>
      </geographic>
    </centre>
  </stop>
  <stop xlink:href="stops/10061">
    <key>10061</key>
    <name>Northbound Osborne at Morley</name>
    <number>10061</number>
    <direction abbr="NB">Northbound</direction>
    <side abbr="NS">Nearside</side>
    <street xlink:href="streets/2715">
      <key>2715</key>
      <name>Osborne Street</name>
      <type abbr="St">Street</type>
    </street>
    <cross-street xlink:href="streets/2551">
      <key>2551</key>
      <name>Morley Avenue</name>
      <type abbr="Ave">Avenue</type>
    </cross-street>
    <centre>
      <utm zone="14U">
        <x>634082</x>
        <y>5525301</y>
      </utm>
      <geographic>
        <latitude>49.8651</latitude>
        <longitude>-97.13426</longitude>
      </geographic>
    </centre>
  </stop>
  <stop xlink:href="stops/10062">
    <key>10062</key>
    <name>Northbound Osborne at Hethrington</name>
    <number>10062</number>
    <direction abbr="NB">Northbound</direction>
    <side abbr="FSO">Farside Opposite</side>
    <street xlink:href="streets/2715">
      <key>2715</key>
      <name>Osborne Street</name>
      <type abbr="St">Street</type>
    </street>
    <cross-street xlink:href="streets/1730">
      <key>1730</key>
      <name>Hethrington Avenue</name>
      <type abbr="Ave">Avenue</type>
    </cross-street>
    <centre>
      <utm zone="14U">
        <x>633988</x>
        <y>5525471</y>
      </utm>
      <geographic>
        <latitude>49.86665</latitude>
        <longitude>-97.13551</longitude>
      </geographic>
    </centre>
  </stop>
  <stop xlink:href="stops/10063">
    <key>10063</key>
    <name>Northbound Osborne at Brandon</name>
    <number>10063</number>
    <direction abbr="NB">Northbound</direction>
    <side abbr="FS">Farside</side>
    <street xlink:href="streets/2715">
      <key>2715</key>
      <name>Osborne Street</name>
      <type abbr="St">Street</type>
    </street>
    <cross-street xlink:href="streets/472">
      <key>472</key>
      <name>Brandon Avenue</name>
      <type abbr="Ave">Avenue</type>
    </cross-street>
    <centre>
      <utm zone="14U">
        <x>633894</x>
        <y>5525641</y>
      </utm>
      <geographic>
        <latitude>49.8682</latitude>
        <longitude>-97.13676</longitude>
      </geographic>
    </centre>
  </stop>
  <stop xlink:href="stops/10064">
    <key>10064</key>
    <name>Northbound Osborne at Glasgow</name>
    <number>10064</number>
    <direction abbr="NB">Northbound</direction>
    <side abbr="NS">Nearside</side>
    <street xlink:href="streets/2715">
      <key>2715</key>
      <name>Osborne Street</name>
      <type abbr="St">Street</type>
    </street>
    <cross-street xlink:href="streets/1486">
      <key>1486</key>
      <name>Glasgow Avenue</name>
      <type abbr="Ave">Avenue</type>
    </cross-street>
    <centre>
      <utm zone="14U">
        <x>633838</x>
        <y>5525742</y>
      </utm>
      <geographic>
        <latitude>49.86912</latitude>
        <longitude>-97.1375</longitude>
      </geographic>
    </centre>
  </stop>
  <stop xlink:href="stops/10065">
    <key>10065</key>
    <name>Northbound Osborne at Mulvey</name>
    <number>10065</number>
    <direction abbr="NB">Northbound</direction>
    <side abbr="NS">Nearside</side>
    <street xlink:href="streets/2715">
      <key>2715</key>
      <name>Osborne Street</name>
      <type abbr="St">Street</type>
    </street>
    <cross-street xlink:href="streets/4122">
      <key>4122</key>
      <name>Mulvey Avenue</name>
      <type abbr="Ave">Avenue</type>
      <leg abbr="E">East</leg>
    </cross-street>
    <centre>
      <utm zone="14U">
        <x>633667</x>
        <y>5526053</y>
      </utm>
      <geographic>
        <latitude>49.87195</latitude>
        <longitude>-97.13977</longitude>
      </geographic>
    </centre>
  </stop>
  <stop xlink:href="stops/10066">
    <key>10066</key>
    <name>Northbound Osborne at Osborne Junction</name>
    <number>10066</number>
    <direction abbr="NB">Northbound</direction>
    <side abbr="NS">Nearside</side>
    <street xlink:href="streets/2715">
      <key>2715</key>
      <name>Osborne Street</name>
      <type abbr="St">Street</type>
    </street>
    <cross-street xlink:href="streets/2434">
      <key>2434</key>
      <name>McMillan Avenue</name>
      <type abbr="Ave">Avenue</type>
    </cross-street>
    <centre>
      <utm zone="14U">
        <x>633477</x>
        <y>5526403</y>
      </utm>
      <geographic>
        <latitude>49.87514</latitude>
        <longitude>-97.14229</longitude>
      </geographic>
    </centre>
  </stop>
  <stop xlink:href="stops/10171">
    <key>10171</key>
    <name>Northbound Osborne at River</name>
    <number>10171</number>
    <direction abbr="NB">Northbound</direction>
    <side abbr="FS">Farside</side>
    <street xlink:href="streets/2715">
      <key>2715</key>
      <name>Osborne Street</name>
      <type abbr="St">Street</type>
    </street>
    <cross-street xlink:href="streets/3057">
      <key>3057</key>
      <name>River Avenue</name>
      <type abbr="Ave">Avenue</type>
    </cross-street>
    <centre>
      <utm zone="14U">
        <x>633163</x>
        <y>5526878</y>
      </utm>
      <geographic>
        <latitude>49.87948</latitude>
        <longitude>-97.1465</longitude>
      </geographic>
    </centre>
  </stop>
  <stop xlink:href="stops/10186">
    <key>10186</key>
    <name>Northbound Osborne at Stradbrook</name>
    <number>10186</number>
    <direction abbr="NB">Northbound</direction>
    <side abbr="NS">Nearside</side>
    <street xlink:href="streets/2715">
      <key>2715</key>
      <name>Osborne Street</name>
      <type abbr="St">Street</type>
    </street>
    <cross-street xlink:href="streets/3503">
      <key>3503</key>
      <name>Stradbrook Avenue</name>
      <type abbr="Ave">Avenue</type>
    </cross-street>
    <centre>
      <utm zone="14U">
        <x>633305</x>
        <y>5526681</y>
      </utm>
      <geographic>
        <latitude>49.87768</latitude>
        <longitude>-97.14459</longitude>
      </geographic>
    </centre>
  </stop>
  <stop xlink:href="stops/10595">
    <key>10595</key>
    <name>Northbound Osborne at Assiniboine</name>
    <number>10595</number>
    <direction abbr="NB">Northbound</direction>
    <side abbr="FSO">Farside Opposite</side>
    <street xlink:href="streets/2716">
      <key>2716</key>
      <name>Osborne Street</name>
      <type abbr="St">Street</type>
      <leg abbr="N">North</leg>
    </street>
    <cross-street xlink:href="streets/4653">
      <key>4653</key>
      <name>Granite Way</name>
      <type abbr="Way">Way</type>
    </cross-street>
    <centre>
      <utm zone="14U">
        <x>633012</x>
        <y>5527290</y>
      </utm>
      <geographic>
        <latitude>49.88322</latitude>
        <longitude>-97.14846</longitude>
      </geographic>
    </centre>
  </stop>
  <stop xlink:href="stops/10596">
    <key>10596</key>
    <name>Northbound Osborne at Broadway (Legislature)</name>
    <number>10596</number>
    <direction abbr="NB">Northbound</direction>
    <side abbr="NS">Nearside</side>
    <street xlink:href="streets/2716">
      <key>2716</key>
      <name>Osborne Street</name>
      <type abbr="St">Street</type>
      <leg abbr="N">North</leg>
    </street>
    <cross-street xlink:href="streets/519">
      <key>519</key>
      <name>Broadway</name>
    </cross-street>
    <centre>
      <utm zone="14U">
        <x>632933</x>
        <y>5527509</y>
      </utm>
      <geographic>
        <latitude>49.8852</latitude>
        <longitude>-97.14948</longitude>
      </geographic>
    </centre>
  </stop>
  <stop xlink:href="stops/10607">
    <key>10607</key>
    <name>Northbound Osborne at York</name>
    <number>10607</number>
    <direction abbr="NB">Northbound</direction>
    <side abbr="NS">Nearside</side>
    <street xlink:href="streets/2716">
      <key>2716</key>
      <name>Osborne Street</name>
      <type abbr="St">Street</type>
      <leg abbr="N">North</leg>
    </street>
    <cross-street xlink:href="streets/4014">
      <key>4014</key>
      <name>York Avenue</name>
      <type abbr="Ave">Avenue</type>
    </cross-street>
    <centre>
      <utm zone="14U">
        <x>632907</x>
        <y>5527740</y>
      </utm>
      <geographic>
        <latitude>49.88728</latitude>
        <longitude>-97.14976</longitude>
      </geographic>
    </centre>
  </stop>
  <stop xlink:href="stops/10611">
    <key>10611</key>
    <name>Eastbound Graham at Fort (Wpg Square)</name>
    <number>10611</number>
    <direction abbr="EB">Eastbound</direction>
    <side abbr="NS">Nearside</side>
    <street xlink:href="streets/1533">
      <key>1533</key>
      <name>Graham Avenue</name>
      <type abbr="Ave">Avenue</type>
    </street>
    <cross-street xlink:href="streets/1365">
      <key>1365</key>
      <name>Fort Street</name>
      <type abbr="St">Street</type>
    </cross-street>
    <centre>
      <utm zone="14U">
        <x>633667</x>
        <y>5528384</y>
      </utm>
      <geographic>
        <latitude>49.8929</latitude>
        <longitude>-97.13897</longitude>
      </geographic>
    </centre>
  </stop>
  <stop xlink:href="stops/10615">
    <key>10615</key>
    <name>Eastbound Graham at Smith</name>
    <number>10615</number>
    <direction abbr="EB">Eastbound</direction>
    <side abbr="NS">Nearside</side>
    <street xlink:href="streets/1533">
      <key>1533</key>
      <name>Graham Avenue</name>
      <type abbr="Ave">Avenue</type>
    </street>
    <cross-street xlink:href="streets/3371">
      <key>3371</key>
      <name>Smith Street</name>
      <type abbr="St">Street</type>
    </cross-street>
    <centre>
      <utm zone="14U">
        <x>633485</x>
        <y>5528315</y>
      </utm>
      <geographic>
        <latitude>49.89232</latitude>
        <longitude>-97.14152</longitude>
      </geographic>
    </centre>
  </stop>
  <stop xlink:href="stops/10616">
    <key>10616</key>
    <name>Eastbound Graham at Hargrave</name>
    <number>10616</number>
    <direction abbr="EB">Eastbound</direction>
    <side abbr="NS">Nearside</side>
    <street xlink:href="streets/1533">
      <key>1533</key>
      <name>Graham Avenue</name>
      <type abbr="Ave">Avenue</type>
    </street>
    <cross-street xlink:href="streets/1644">
      <key>1644</key>
      <name>Hargrave Street</name>
      <type abbr="St">Street</type>
    </cross-street>
    <centre>
      <utm zone="14U">
        <x>633299</x>
        <y>5528243</y>
      </utm>
      <geographic>
        <latitude>49.89172</latitude>
        <longitude>-97.14413</longitude>
      </geographic>
    </centre>
  </stop>
  <stop xlink:href="stops/10618">
    <key>10618</key>
    <name>Eastbound Graham at Edmonton (RWB)</name>
    <number>10618</number>
    <direction abbr="EB">Eastbound</direction>
    <side abbr="NS">Nearside</side>
    <street xlink:href="streets/1533">
      <key>1533</key>
      <name>Graham Avenue</name>
      <type abbr="Ave">Avenue</type>
    </street>
    <cross-street xlink:href="streets/1201">
      <key>1201</key>
      <name>Edmonton Street</name>
      <type abbr="St">Street</type>
    </cross-street>
    <centre>
      <utm zone="14U">
        <x>633114</x>
        <y>5528174</y>
      </utm>
      <geographic>
        <latitude>49.89114</latitude>
        <longitude>-97.14673</longitude>
      </geographic>
    </centre>
  </stop>
  <stop xlink:href="stops/10627">
    <key>10627</key>
    <name>Northbound Main at Pioneer</name>
    <number>10627</number>
    <direction abbr="NB">Northbound</direction>
    <side abbr="FS">Farside</side>
    <street xlink:href="streets/2265">
      <key>2265</key>
      <name>Main Street</name>
      <type abbr="St">Street</type>
    </street>
    <cross-street xlink:href="streets/2871">
      <key>2871</key>
      <name>Pioneer Avenue</name>
      <type abbr="Ave">Avenue</type>
    </cross-street>
    <centre>
      <utm zone="14U">
        <x>633738</x>
        <y>5528609</y>
      </utm>
      <geographic>
        <latitude>49.89491</latitude>
        <longitude>-97.1379</longitude>
      </geographic>
    </centre>
  </stop>
  <stop xlink:href="stops/10628">
    <key>10628</key>
    <name>Northbound Main at McDermot</name>
    <number>10628</number>
    <direction abbr="NB">Northbound</direction>
    <side abbr="NS">Nearside</side>
    <street xlink:href="streets/2265">
      <key>2265</key>
      <name>Main Street</name>
      <type abbr="St">Street</type>
    </street>
    <cross-street xlink:href="streets/2400">
      <key>2400</key>
      <name>McDermot Avenue</name>
      <type abbr="Ave">Avenue</type>
    </cross-street>
    <centre>
      <utm zone="14U">
        <x>633682</x>
        <y>5528839</y>
      </utm>
      <geographic>
        <latitude>49.89699</latitude>
        <longitude>-97.1386</longitude>
      </geographic>
    </centre>
  </stop>
  <stop xlink:href="stops/10629">
    <key>10629</key>
    <name>Northbound Main at James (Concert Hall)</name>
    <number>10629</number>
    <direction abbr="NB">Northbound</direction>
    <side abbr="NSO">Nearside Opposite</side>
    <street xlink:href="streets/2265">
      <key>2265</key>
      <name>Main Street</name>
      <type abbr="St">Street</type>
    </street>
    <cross-street xlink:href="streets/1862">
      <key>1862</key>
      <name>James Avenue</name>
      <type abbr="Ave">Avenue</type>
    </cross-street>
    <centre>
      <utm zone="14U">
        <x>633730</x>
        <y>5529165</y>
      </utm>
      <geographic>
        <latitude>49.89991</latitude>
        <longitude>-97.13782</longitude>
      </geographic>
    </centre>
  </stop>
  <stop xlink:href="stops/10630">
    <key>10630</key>
    <name>Northbound Main at Logan</name>
    <number>10630</number>
    <direction abbr="NB">Northbound</direction>
    <side abbr="NS">Nearside</side>
    <street xlink:href="streets/2265">
      <key>2265</key>
      <name>Main Street</name>
      <type abbr="St">Street</type>
    </street>
    <cross-street xlink:href="streets/2193">
      <key>2193</key>
      <name>Logan Avenue</name>
      <type abbr="Ave">Avenue</type>
    </cross-street>
    <centre>
      <utm zone="14U">
        <x>633871</x>
        <y>5529442</y>
      </utm>
      <geographic>
        <latitude>49.90237</latitude>
        <longitude>-97.13576</longitude>
      </geographic>
    </centre>
  </stop>
  <stop xlink:href="stops/10631">
    <key>10631</key>
    <name>Northbound Main at Higgins</name>
    <number>10631</number>
    <direction abbr="NB">Northbound</direction>
    <side abbr="NS">Nearside</side>
    <street xlink:href="streets/2265">
      <key>2265</key>
      <name>Main Street</name>
      <type abbr="St">Street</type>
    </street>
    <cross-street xlink:href="streets/1736">
      <key>1736</key>
      <name>Higgins Avenue</name>
      <type abbr="Ave">Avenue</type>
    </cross-street>
    <centre>
      <utm zone="14U">
        <x>633963</x>
        <y>5529657</y>
      </utm>
      <geographic>
        <latitude>49.90428</latitude>
        <longitude>-97.1344</longitude>
      </geographic>
    </centre>
  </stop>
  <stop xlink:href="stops/10703">
    <key>10703</key>
    <name>Northbound Vaughan at St. Mary</name>
    <number>10703</number>
    <direction abbr="NB">Northbound</direction>
    <side abbr="NS">Nearside</side>
    <street xlink:href="streets/3716">
      <key>3716</key>
      <name>Vaughan Street</name>
      <type abbr="St">Street</type>
    </street>
    <cross-street xlink:href="streets/3452">
      <key>3452</key>
      <name>St Mary Avenue</name>
      <type abbr="Ave">Avenue</type>
    </cross-street>
    <centre>
      <utm zone="14U">
        <x>633014</x>
        <y>5527932</y>
      </utm>
      <geographic>
        <latitude>49.88899</latitude>
        <longitude>-97.14821</longitude>
      </geographic>
    </centre>
  </stop>
  <stop xlink:href="stops/10704">
    <key>10704</key>
    <name>Northbound Vaughan at Graham (The Bay)</name>
    <number>10704</number>
    <direction abbr="NB">Northbound</direction>
    <side abbr="NS">Nearside</side>
    <street xlink:href="streets/3716">
      <key>3716</key>
      <name>Vaughan Street</name>
      <type abbr="St">Street</type>
    </street>
    <cross-street xlink:href="streets/1533">
      <key>1533</key>
      <name>Graham Avenue</name>
      <type abbr="Ave">Avenue</type>
    </cross-street>
    <centre>
      <utm zone="14U">
        <x>632954</x>
        <y>5528091</y>
      </utm>
      <geographic>
        <latitude>49.89043</latitude>
        <longitude>-97.14899</longitude>
      </geographic>
    </centre>
  </stop>
  <stop xlink:href="stops/10910">
    <key>10910</key>
    <name>Northbound Osborne at Osborne Station</name>
    <number>10910</number>
    <direction abbr="NB">Northbound</direction>
    <side abbr="NSO">Nearside Opposite</side>
    <street xlink:href="streets/2715">
      <key>2715</key>
      <name>Osborne Street</name>
      <type abbr="St">Street</type>
    </street>
    <cross-street xlink:href="streets/1876">
      <key>1876</key>
      <name>Jessie Avenue</name>
      <type abbr="Ave">Avenue</type>
    </cross-street>
    <centre>
      <utm zone="14U">
        <x>633548</x>
        <y>5526272</y>
      </utm>
      <geographic>
        <latitude>49.87394</latitude>
        <longitude>-97.14135</longitude>
      </geographic>
    </centre>
  </stop>
  <stop xlink:href="stops/30090">
    <key>30090</key>
    <name>Westbound Selkirk at Main</name>
    <number>30090</number>
    <direction abbr="WB">Westbound</direction>
    <side abbr="FS">Farside</side>
    <street xlink:href="streets/3259">
      <key>3259</key>
      <name>Selkirk Avenue</name>
      <type abbr="Ave">Avenue</type>
    </street>
    <cross-street xlink:href="streets/2265">
      <key>2265</key>
      <name>Main Street</name>
      <type abbr="St">Street</type>
    </cross-street>
    <centre>
      <utm zone="14U">
        <x>634033</x>
        <y>5530510</y>
      </utm>
      <geographic>
        <latitude>49.91193</latitude>
        <longitude>-97.13313</longitude>
      </geographic>
    </centre>
  </stop>
  <stop xlink:href="stops/30095">
    <key>30095</key>
    <name>Northbound Main at Euclid</name>
    <number>30095</number>
    <direction abbr="NB">Northbound</direction>
    <side abbr="FS">Farside</side>
    <street xlink:href="streets/2265">
      <key>2265</key>
      <name>Main Street</name>
      <type abbr="St">Street</type>
    </street>
    <cross-street xlink:href="streets/1261">
      <key>1261</key>
      <name>Euclid Avenue</name>
      <type abbr="Ave">Avenue</type>
    </cross-street>
    <centre>
      <utm zone="14U">
        <x>634053</x>
        <y>5530271</y>
      </utm>
      <geographic>
        <latitude>49.90978</latitude>
        <longitude>-97.13294</longitude>
      </geographic>
    </centre>
  </stop>
  <stop xlink:href="stops/30097">
    <key>30097</key>
    <name>Northbound Main at Jarvis</name>
    <number>30097</number>
    <direction abbr="NB">Northbound</direction>
    <side abbr="NS">Nearside</side>
    <street xlink:href="streets/2265">
      <key>2265</key>
      <name>Main Street</name>
      <type abbr="St">Street</type>
    </street>
    <cross-street xlink:href="streets/1867">
      <key>1867</key>
      <name>Jarvis Avenue</name>
      <type abbr="Ave">Avenue</type>
    </cross-street>
    <centre>
      <utm zone="14U">
        <x>634014</x>
        <y>5529996</y>
      </utm>
      <geographic>
        <latitude>49.90732</latitude>
        <longitude>-97.13358</longitude>
      </geographic>
    </centre>
  </stop>
  <stop xlink:href="stops/30117">
    <key>30117</key>
    <name>Westbound Selkirk at Aikins</name>
    <number>30117</number>
    <direction abbr="WB">Westbound</direction>
    <side abbr="NS">Nearside</side>
    <street xlink:href="streets/3259">
      <key>3259</key>
      <name>Selkirk Avenue</name>
      <type abbr="Ave">Avenue</type>
    </street>
    <cross-street xlink:href="streets/29">
      <key>29</key>
      <name>Aikins Street</name>
      <type abbr="St">Street</type>
    </cross-street>
    <centre>
      <utm zone="14U">
        <x>633628</x>
        <y>5530699</y>
      </utm>
      <geographic>
        <latitude>49.91372</latitude>
        <longitude>-97.13871</longitude>
      </geographic>
    </centre>
  </stop>
  <stop xlink:href="stops/30118">
    <key>30118</key>
    <name>Westbound Selkirk at Charles</name>
    <number>30118</number>
    <direction abbr="WB">Westbound</direction>
    <side abbr="NS">Nearside</side>
    <street xlink:href="streets/3259">
      <key>3259</key>
      <name>Selkirk Avenue</name>
      <type abbr="Ave">Avenue</type>
    </street>
    <cross-street xlink:href="streets/725">
      <key>725</key>
      <name>Charles Street</name>
      <type abbr="St">Street</type>
    </cross-street>
    <centre>
      <utm zone="14U">
        <x>633830</x>
        <y>5530604</y>
      </utm>
      <geographic>
        <latitude>49.91282</latitude>
        <longitude>-97.13593</longitude>
      </geographic>
    </centre>
  </stop>
  <stop xlink:href="stops/30175">
    <key>30175</key>
    <name>Westbound Selkirk at Salter</name>
    <number>30175</number>
    <direction abbr="WB">Westbound</direction>
    <side abbr="FS">Farside</side>
    <street xlink:href="streets/3259">
      <key>3259</key>
      <name>Selkirk Avenue</name>
      <type abbr="Ave">Avenue</type>
    </street>
    <cross-street xlink:href="streets/3181">
      <key>3181</key>
      <name>Salter Street</name>
      <type abbr="St">Street</type>
    </cross-street>
    <centre>
      <utm zone="14U">
        <x>633400</x>
        <y>5530805</y>
      </utm>
      <geographic>
        <latitude>49.91473</latitude>
        <longitude>-97.14184</longitude>
      </geographic>
    </centre>
  </stop>
  <stop xlink:href="stops/30196">
    <key>30196</key>
    <name>Westbound Selkirk at Salter West</name>
    <number>30196</number>
    <direction abbr="WB">Westbound</direction>
    <side abbr="FS">Farside</side>
    <street xlink:href="streets/3259">
      <key>3259</key>
      <name>Selkirk Avenue</name>
      <type abbr="Ave">Avenue</type>
    </street>
    <cross-street xlink:href="streets/3181">
      <key>3181</key>
      <name>Salter Street</name>
      <type abbr="St">Street</type>
    </cross-street>
    <centre>
      <utm zone="14U">
        <x>633272</x>
        <y>5530865</y>
      </utm>
      <geographic>
        <latitude>49.9153</latitude>
        <longitude>-97.14361</longitude>
      </geographic>
    </centre>
  </stop>
  <stop xlink:href="stops/30197">
    <key>30197</key>
    <name>Westbound Selkirk at Andrews</name>
    <number>30197</number>
    <direction abbr="WB">Westbound</direction>
    <side abbr="NS">Nearside</side>
    <street xlink:href="streets/3259">
      <key>3259</key>
      <name>Selkirk Avenue</name>
      <type abbr="Ave">Avenue</type>
    </street>
    <cross-street xlink:href="streets/104">
      <key>104</key>
      <name>Andrews Street</name>
      <type abbr="St">Street</type>
    </cross-street>
    <centre>
      <utm zone="14U">
        <x>633081</x>
        <y>5530955</y>
      </utm>
      <geographic>
        <latitude>49.91615</latitude>
        <longitude>-97.14623</longitude>
      </geographic>
    </centre>
  </stop>
  <stop xlink:href="stops/30260">
    <key>30260</key>
    <name>Westbound Selkirk at McGregor</name>
    <number>30260</number>
    <direction abbr="WB">Westbound</direction>
    <side abbr="NS">Nearside</side>
    <street xlink:href="streets/3259">
      <key>3259</key>
      <name>Selkirk Avenue</name>
      <type abbr="Ave">Avenue</type>
    </street>
    <cross-street xlink:href="streets/2412">
      <key>2412</key>
      <name>McGregor Street</name>
      <type abbr="St">Street</type>
    </cross-street>
    <centre>
      <utm zone="14U">
        <x>632903</x>
        <y>5531037</y>
      </utm>
      <geographic>
        <latitude>49.91692</latitude>
        <longitude>-97.14868</longitude>
      </geographic>
    </centre>
  </stop>
  <stop xlink:href="stops/30276">
    <key>30276</key>
    <name>Westbound Selkirk at McKenzie</name>
    <number>30276</number>
    <direction abbr="WB">Westbound</direction>
    <side abbr="NS">Nearside</side>
    <street xlink:href="streets/3259">
      <key>3259</key>
      <name>Selkirk Avenue</name>
      <type abbr="Ave">Avenue</type>
    </street>
    <cross-street xlink:href="streets/2422">
      <key>2422</key>
      <name>McKenzie Street</name>
      <type abbr="St">Street</type>
    </cross-street>
    <centre>
      <utm zone="14U">
        <x>632714</x>
        <y>5531127</y>
      </utm>
      <geographic>
        <latitude>49.91777</latitude>
        <longitude>-97.15128</longitude>
      </geographic>
    </centre>
  </stop>
  <stop xlink:href="stops/30278">
    <key>30278</key>
    <name>Westbound Selkirk at Parr</name>
    <number>30278</number>
    <direction abbr="WB">Westbound</direction>
    <side abbr="NS">Nearside</side>
    <street xlink:href="streets/3259">
      <key>3259</key>
      <name>Selkirk Avenue</name>
      <type abbr="Ave">Avenue</type>
    </street>
    <cross-street xlink:href="streets/2784">
      <key>2784</key>
      <name>Parr Street</name>
      <type abbr="St">Street</type>
    </cross-street>
    <centre>
      <utm zone="14U">
        <x>632532</x>
        <y>5531212</y>
      </utm>
      <geographic>
        <latitude>49.91858</latitude>
        <longitude>-97.15379</longitude>
      </geographic>
    </centre>
  </stop>
  <stop xlink:href="stops/30296">
    <key>30296</key>
    <name>Westbound Selkirk at Arlington</name>
    <number>30296</number>
    <direction abbr="WB">Westbound</direction>
    <side abbr="NS">Nearside</side>
    <street xlink:href="streets/3259">
      <key>3259</key>
      <name>Selkirk Avenue</name>
      <type abbr="Ave">Avenue</type>
    </street>
    <cross-street xlink:href="streets/141">
      <key>141</key>
      <name>Arlington Street</name>
      <type abbr="St">Street</type>
    </cross-street>
    <centre>
      <utm zone="14U">
        <x>632355</x>
        <y>5531294</y>
      </utm>
      <geographic>
        <latitude>49.91936</latitude>
        <longitude>-97.15622</longitude>
      </geographic>
    </centre>
  </stop>
  <stop xlink:href="stops/30320">
    <key>30320</key>
    <name>Westbound Selkirk at Sinclair</name>
    <number>30320</number>
    <direction abbr="WB">Westbound</direction>
    <side abbr="NS">Nearside</side>
    <street xlink:href="streets/3259">
      <key>3259</key>
      <name>Selkirk Avenue</name>
      <type abbr="Ave">Avenue</type>
    </street>
    <cross-street xlink:href="streets/3358">
      <key>3358</key>
      <name>Sinclair Street</name>
      <type abbr="St">Street</type>
    </cross-street>
    <centre>
      <utm zone="14U">
        <x>632204</x>
        <y>5531365</y>
      </utm>
      <geographic>
        <latitude>49.92003</latitude>
        <longitude>-97.1583</longitude>
      </geographic>
    </centre>
  </stop>
  <stop xlink:href="stops/30325">
    <key>30325</key>
    <name>Westbound Selkirk at Sinclair West</name>
    <number>30325</number>
    <direction abbr="WB">Westbound</direction>
    <side abbr="FS">Farside</side>
    <street xlink:href="streets/3259">
      <key>3259</key>
      <name>Selkirk Avenue</name>
      <type abbr="Ave">Avenue</type>
    </street>
    <cross-street xlink:href="streets/3358">
      <key>3358</key>
      <name>Sinclair Street</name>
      <type abbr="St">Street</type>
    </cross-street>
    <centre>
      <utm zone="14U">
        <x>631988</x>
        <y>5531465</y>
      </utm>
      <geographic>
        <latitude>49.92097</latitude>
        <longitude>-97.16128</longitude>
      </geographic>
    </centre>
  </stop>
  <stop xlink:href="stops/30330">
    <key>30330</key>
    <name>Westbound Selkirk at Battery</name>
    <number>30330</number>
    <direction abbr="WB">Westbound</direction>
    <side abbr="NS">Nearside</side>
    <street xlink:href="streets/3259">
      <key>3259</key>
      <name>Selkirk Avenue</name>
      <type abbr="Ave">Avenue</type>
    </street>
    <cross-street xlink:href="streets/265">
      <key>265</key>
      <name>Battery Street</name>
      <type abbr="St">Street</type>
    </cross-street>
    <centre>
      <utm zone="14U">
        <x>631802</x>
        <y>5531552</y>
      </utm>
      <geographic>
        <latitude>49.9218</latitude>
        <longitude>-97.16384</longitude>
      </geographic>
    </centre>
  </stop>
  <stop xlink:href="stops/30497">
    <key>30497</key>
    <name>Westbound Selkirk at Sgt Tommy Prince</name>
    <number>30497</number>
    <direction abbr="WB">Westbound</direction>
    <side abbr="NS">Nearside</side>
    <street xlink:href="streets/3259">
      <key>3259</key>
      <name>Selkirk Avenue</name>
      <type abbr="Ave">Avenue</type>
    </street>
    <cross-street xlink:href="streets/3295">
      <key>3295</key>
      <name>Sgt Tommy Prince Street</name>
      <type abbr="St">Street</type>
    </cross-street>
    <centre>
      <utm zone="14U">
        <x>631540</x>
        <y>5531675</y>
      </utm>
      <geographic>
        <latitude>49.92296</latitude>
        <longitude>-97.16744</longitude>
      </geographic>
    </centre>
  </stop>
  <stop xlink:href="stops/30499">
    <key>30499</key>
    <name>Eastbound Selkirk at McPhillips</name>
    <number>30499</number>
    <direction abbr="EB">Eastbound</direction>
    <side abbr="FS">Farside</side>
    <street xlink:href="streets/3259">
      <key>3259</key>
      <name>Selkirk Avenue</name>
      <type abbr="Ave">Avenue</type>
    </street>
    <cross-street xlink:href="streets/2443">
      <key>2443</key>
      <name>McPhillips Street</name>
      <type abbr="St">Street</type>
    </cross-street>
    <centre>
      <utm zone="14U">
        <x>631428</x>
        <y>5531688</y>
      </utm>
      <geographic>
        <latitude>49.9231</latitude>
        <longitude>-97.169</longitude>
      </geographic>
    </centre>
  </stop>
  <stop xlink:href="stops/50463">
    <key>50463</key>
    <name>Southbound Kingston Ramp to Dunkirk at Kingston Row Terminal</name>
    <number>50463</number>
    <direction abbr="SB">Southbound</direction>
    <side abbr="FS">Farside</side>
    <street xlink:href="streets/50000005">
      <key>50000005</key>
      <name>Kingston Ramp to Dunkirk</name>
    </street>
    <cross-street xlink:href="streets/1985">
      <key>1985</key>
      <name>Kingston Row</name>
      <type abbr="Row">Row</type>
    </cross-street>
    <centre>
      <utm zone="14U">
        <x>634814</x>
        <y>5524107</y>
      </utm>
      <geographic>
        <latitude>49.8542</latitude>
        <longitude>-97.12449</longitude>
      </geographic>
    </centre>
  </stop>
  <stop xlink:href="stops/50465">
    <key>50465</key>
    <name>Northbound Dunkirk at Kingston Row</name>
    <number>50465</number>
    <direction abbr="NB">Northbound</direction>
    <side abbr="NS">Nearside</side>
    <street xlink:href="streets/1144">
      <key>1144</key>
      <name>Dunkirk Drive</name>
      <type abbr="Dr">Drive</type>
    </street>
    <cross-street xlink:href="streets/1985">
      <key>1985</key>
      <name>Kingston Row</name>
      <type abbr="Row">Row</type>
    </cross-street>
    <centre>
      <utm zone="14U">
        <x>634816</x>
        <y>5524037</y>
      </utm>
      <geographic>
        <latitude>49.85357</latitude>
        <longitude>-97.12449</longitude>
      </geographic>
    </centre>
  </stop>
  <stop xlink:href="stops/50469">
    <key>50469</key>
    <name>Northbound Dunkirk at West Fernwood</name>
    <number>50469</number>
    <direction abbr="NB">Northbound</direction>
    <side abbr="NS">Nearside</side>
    <street xlink:href="streets/1144">
      <key>1144</key>
      <name>Dunkirk Drive</name>
      <type abbr="Dr">Drive</type>
    </street>
    <cross-street xlink:href="streets/3834">
      <key>3834</key>
      <name>West Fernwood Avenue</name>
      <type abbr="Ave">Avenue</type>
    </cross-street>
    <centre>
      <utm zone="14U">
        <x>635379</x>
        <y>5523210</y>
      </utm>
      <geographic>
        <latitude>49.84601</latitude>
        <longitude>-97.11695</longitude>
      </geographic>
    </centre>
  </stop>
  <stop xlink:href="stops/50474">
    <key>50474</key>
    <name>Northbound Dunkirk at St. Vital</name>
    <number>50474</number>
    <direction abbr="NB">Northbound</direction>
    <side abbr="NS">Nearside</side>
    <street xlink:href="streets/1144">
      <key>1144</key>
      <name>Dunkirk Drive</name>
      <type abbr="Dr">Drive</type>
    </street>
    <cross-street xlink:href="streets/3461">
      <key>3461</key>
      <name>St Vital Road</name>
      <type abbr="Rd">Road</type>
    </cross-street>
    <centre>
      <utm zone="14U">
        <x>635354</x>
        <y>5522607</y>
      </utm>
      <geographic>
        <latitude>49.84059</latitude>
        <longitude>-97.11751</longitude>
      </geographic>
    </centre>
  </stop>
  <stop xlink:href="stops/50476">
    <key>50476</key>
    <name>Northbound Dunkirk at Moore</name>
    <number>50476</number>
    <direction abbr="NB">Northbound</direction>
    <side abbr="NS">Nearside</side>
    <street xlink:href="streets/1144">
      <key>1144</key>
      <name>Dunkirk Drive</name>
      <type abbr="Dr">Drive</type>
    </street>
    <cross-street xlink:href="streets/2544">
      <key>2544</key>
      <name>Moore Avenue</name>
      <type abbr="Ave">Avenue</type>
    </cross-street>
    <centre>
      <utm zone="14U">
        <x>635458</x>
        <y>5522420</y>
      </utm>
      <geographic>
        <latitude>49.83889</latitude>
        <longitude>-97.11613</longitude>
      </geographic>
    </centre>
  </stop>
  <stop xlink:href="stops/50480">
    <key>50480</key>
    <name>Northbound Dunkirk at Parkville</name>
    <number>50480</number>
    <direction abbr="NB">Northbound</direction>
    <side abbr="FS">Farside</side>
    <street xlink:href="streets/1144">
      <key>1144</key>
      <name>Dunkirk Drive</name>
      <type abbr="Dr">Drive</type>
    </street>
    <cross-street xlink:href="streets/2780">
      <key>2780</key>
      <name>Parkville Drive</name>
      <type abbr="Dr">Drive</type>
    </cross-street>
    <centre>
      <utm zone="14U">
        <x>635591</x>
        <y>5522191</y>
      </utm>
      <geographic>
        <latitude>49.8368</latitude>
        <longitude>-97.11436</longitude>
      </geographic>
    </centre>
  </stop>
  <stop xlink:href="stops/50481">
    <key>50481</key>
    <name>Northbound Dakota at St. Mary's</name>
    <number>50481</number>
    <direction abbr="NB">Northbound</direction>
    <side abbr="NS">Nearside</side>
    <street xlink:href="streets/954">
      <key>954</key>
      <name>Dakota Street</name>
      <type abbr="St">Street</type>
    </street>
    <cross-street xlink:href="streets/3453">
      <key>3453</key>
      <name>St Mary's Road</name>
      <type abbr="Rd">Road</type>
    </cross-street>
    <centre>
      <utm zone="14U">
        <x>635757</x>
        <y>5522081</y>
      </utm>
      <geographic>
        <latitude>49.83577</latitude>
        <longitude>-97.11209</longitude>
      </geographic>
    </centre>
  </stop>
  <stop xlink:href="stops/50483">
    <key>50483</key>
    <name>Northbound Dakota at Beliveau</name>
    <number>50483</number>
    <direction abbr="NB">Northbound</direction>
    <side abbr="NS">Nearside</side>
    <street xlink:href="streets/954">
      <key>954</key>
      <name>Dakota Street</name>
      <type abbr="St">Street</type>
    </street>
    <cross-street xlink:href="streets/314">
      <key>314</key>
      <name>Beliveau Road</name>
      <type abbr="Rd">Road</type>
    </cross-street>
    <centre>
      <utm zone="14U">
        <x>635857</x>
        <y>5522013</y>
      </utm>
      <geographic>
        <latitude>49.83514</latitude>
        <longitude>-97.11073</longitude>
      </geographic>
    </centre>
  </stop>
  <stop xlink:href="stops/50486">
    <key>50486</key>
    <name>Northbound Dakota at Abinojii Mikanah</name>
    <number>50486</number>
    <direction abbr="NB">Northbound</direction>
    <side abbr="NS">Nearside</side>
    <street xlink:href="streets/954">
      <key>954</key>
      <name>Dakota Street</name>
      <type abbr="St">Street</type>
    </street>
    <cross-street xlink:href="streets/378">
      <key>378</key>
      <name>Abinojii Mikanah</name>
      <type abbr="Blvd">Boulevard</type>
    </cross-street>
    <centre>
      <utm zone="14U">
        <x>636017</x>
        <y>5521736</y>
      </utm>
      <geographic>
        <latitude>49.83261</latitude>
        <longitude>-97.1086</longitude>
      </geographic>
    </centre>
  </stop>
  <stop xlink:href="stops/50488">
    <key>50488</key>
    <name>Northbound Dakota at Abinojii Mikanah South</name>
    <number>50488</number>
    <direction abbr="NB">Northbound</direction>
    <side abbr="NS">Nearside</side>
    <street xlink:href="streets/954">
      <key>954</key>
      <name>Dakota Street</name>
      <type abbr="St">Street</type>
    </street>
    <cross-street xlink:href="streets/378">
      <key>378</key>
      <name>Abinojii Mikanah</name>
      <type abbr="Blvd">Boulevard</type>
    </cross-street>
    <centre>
      <utm zone="14U">
        <x>636084</x>
        <y>5521620</y>
      </utm>
      <geographic>
        <latitude>49.83156</latitude>
        <longitude>-97.10771</longitude>
      </geographic>
    </centre>
  </stop>
  <stop xlink:href="stops/50598">
    <key>50598</key>
    <name>Northbound Dakota at St. Vital Centre</name>
    <number>50598</number>
    <direction abbr="NB">Northbound</direction>
    <side abbr="FS">Farside</side>
    <street xlink:href="streets/954">
      <key>954</key>
      <name>Dakota Street</name>
      <type abbr="St">Street</type>
    </street>
    <cross-street xlink:href="streets/2456">
      <key>2456</key>
      <name>Meadowood Drive</name>
      <type abbr="Dr">Drive</type>
    </cross-street>
    <centre>
      <utm zone="14U">
        <x>636186</x>
        <y>5521443</y>
      </utm>
      <geographic>
        <latitude>49.82994</latitude>
        <longitude>-97.10635</longitude>
      </geographic>
    </centre>
  </stop>
  <stop xlink:href="stops/50617">
    <key>50617</key>
    <name>Eastbound Meadowood at Dakota</name>
    <number>50617</number>
    <direction abbr="EB">Eastbound</direction>
    <side abbr="NS">Nearside</side>
    <street xlink:href="streets/2456">
      <key>2456</key>
      <name>Meadowood Drive</name>
      <type abbr="Dr">Drive</type>
    </street>
    <cross-street xlink:href="streets/954">
      <key>954</key>
      <name>Dakota Street</name>
      <type abbr="St">Street</type>
    </cross-street>
    <centre>
      <utm zone="14U">
        <x>636222</x>
        <y>5521201</y>
      </utm>
      <geographic>
        <latitude>49.82776</latitude>
        <longitude>-97.10594</longitude>
      </geographic>
    </centre>
  </stop>
  <stop xlink:href="stops/50882">
    <key>50882</key>
    <name>Eastbound St Vital Centre Terminal at St. Vital Centre (16 Selkirk)</name>
    <number>50882</number>
    <direction abbr="EB">Eastbound</direction>
    <side abbr="FS">Farside</side>
    <street xlink:href="streets/50000270">
      <key>50000270</key>
      <name>St Vital Centre Terminal</name>
      <type abbr="Term">Terminal</type>
    </street>
    <cross-street xlink:href="streets/2456">
      <key>2456</key>
      <name>Meadowood Drive</name>
      <type abbr="Dr">Drive</type>
    </cross-street>
    <centre>
      <utm zone="14U">
        <x>635865</x>
        <y>5521054</y>
      </utm>
      <geographic>
        <latitude>49.82652</latitude>
        <longitude>-97.11095</longitude>
      </geographic>
    </centre>
  </stop>
  <stop xlink:href="stops/50900">
    <key>50900</key>
    <name>Northbound Dunkirk at Fermor</name>
    <number>50900</number>
    <direction abbr="NB">Northbound</direction>
    <side abbr="NS">Nearside</side>
    <street xlink:href="streets/1144">
      <key>1144</key>
      <name>Dunkirk Drive</name>
      <type abbr="Dr">Drive</type>
    </street>
    <cross-street xlink:href="streets/1306">
      <key>1306</key>
      <name>Fermor Avenue</name>
      <type abbr="Ave">Avenue</type>
    </cross-street>
    <centre>
      <utm zone="14U">
        <x>635131</x>
        <y>5523648</y>
      </utm>
      <geographic>
        <latitude>49.85</latitude>
        <longitude>-97.12025</longitude>
      </geographic>
    </centre>
  </stop>
</stops>
