<?xml version="1.0" encoding="UTF-8"?>
<stops xmlns:utm="http://winnipegtransit.com/coordinates/utm" xmlns:ang="http://winnipegtransit.com/coordinates/angular" xmlns:xlink="http://www.w3.org/1999/xlink" xlink:base="" query-time="2024-07-11T09:31:58">
  <stop xlink:href="stops/10001">
    <key>10001</key>
    <name>Southbound Osborne at Mulvey</name>
    <number>10001</number>
    <direction abbr="SB">Southbound</direction>
    <side abbr="FSO">Farside Opposite</side>
    <street xlink:href="streets/2715">
      <key>2715</key>
      <name>Osborne Street</name>
      <type abbr="St">Street</type>
    </street>
    <cross-street xlink:href="streets/4122">
      <key>4122</key>
      <name>Mulvey Avenue</name>
      <type abbr="Ave">Avenue</type>
      <leg abbr="E">East</leg>
    </cross-street>
    <centre>
      <utm zone="14U">
        <x>633687</x>
        <y>5525978</y>
      </utm>
      <geographic>
        <latitude>49.87127</latitude>
        <longitude>-97.13952</longitude>
      </geographic>
    </centre>
  </stop>
  <stop xlink:href="stops/10002">
    <key>10002</key>
    <name>Southbound Osborne at Woodward</name>
    <number>10002</number>
    <direction abbr="SB">Southbound</direction>
    <side abbr="NS">Nearside</side>
    <street xlink:href="streets/2715">
      <key>2715</key>
      <name>Osborne Street</name>
      <type abbr="St">Street</type>
    </street>
    <cross-street xlink:href="streets/3985">
      <key>3985</key>
      <name>Woodward Avenue</name>
      <type abbr="Ave">Avenue</type>
    </cross-street>
    <centre>
      <utm zone="14U">
        <x>633835</x>
        <y>5525710</y>
      </utm>
      <geographic>
        <latitude>49.86883</latitude>
        <longitude>-97.13755</longitude>
      </geographic>
    </centre>
  </stop>
  <stop xlink:href="stops/10003">
    <key>10003</key>
    <name>Southbound Osborne at Brandon</name>
    <number>10003</number>
    <direction abbr="SB">Southbound</direction>
    <side abbr="NS">Nearside</side>
    <street xlink:href="streets/2715">
      <key>2715</key>
      <name>Osborne Street</name>
      <type abbr="St">Street</type>
    </street>
    <cross-street xlink:href="streets/472">
      <key>472</key>
      <name>Brandon Avenue</name>
      <type abbr="Ave">Avenue</type>
    </cross-street>
    <centre>
      <utm zone="14U">
        <x>633892</x>
        <y>5525607</y>
      </utm>
      <geographic>
        <latitude>49.86789</latitude>
        <longitude>-97.1368</longitude>
      </geographic>
    </centre>
  </stop>
  <stop xlink:href="stops/10004">
    <key>10004</key>
    <name>Southbound Osborne at Hethrington</name>
    <number>10004</number>
    <direction abbr="SB">Southbound</direction>
    <side abbr="NS">Nearside</side>
    <street xlink:href="streets/2715">
      <key>2715</key>
      <name>Osborne Street</name>
      <type abbr="St">Street</type>
    </street>
    <cross-street xlink:href="streets/1730">
      <key>1730</key>
      <name>Hethrington Avenue</name>
      <type abbr="Ave">Avenue</type>
    </cross-street>
    <centre>
      <utm zone="14U">
        <x>633974</x>
        <y>5525458</y>
      </utm>
      <geographic>
        <latitude>49.86653</latitude>
        <longitude>-97.13571</longitude>
      </geographic>
    </centre>
  </stop>
  <stop xlink:href="stops/10005">
    <key>10005</key>
    <name>Southbound Osborne at Morley</name>
    <number>10005</number>
    <direction abbr="SB">Southbound</direction>
    <side abbr="NS">Nearside</side>
    <street xlink:href="streets/2715">
      <key>2715</key>
      <name>Osborne Street</name>
      <type abbr="St">Street</type>
    </street>
    <cross-street xlink:href="streets/2551">
      <key>2551</key>
      <name>Morley Avenue</name>
      <type abbr="Ave">Avenue</type>
    </cross-street>
    <centre>
      <utm zone="14U">
        <x>634057</x>
        <y>5525309</y>
      </utm>
      <geographic>
        <latitude>49.86517</latitude>
        <longitude>-97.1346</longitude>
      </geographic>
    </centre>
  </stop>
  <stop xlink:href="stops/10006">
    <key>10006</key>
    <name>Southbound Osborne at Kylemore</name>
    <number>10006</number>
    <direction abbr="SB">Southbound</direction>
    <side abbr="FS">Farside</side>
    <street xlink:href="streets/2715">
      <key>2715</key>
      <name>Osborne Street</name>
      <type abbr="St">Street</type>
    </street>
    <cross-street xlink:href="streets/2022">
      <key>2022</key>
      <name>Kylemore Avenue</name>
      <type abbr="Ave">Avenue</type>
    </cross-street>
    <centre>
      <utm zone="14U">
        <x>634173</x>
        <y>5525099</y>
      </utm>
      <geographic>
        <latitude>49.86326</latitude>
        <longitude>-97.13306</longitude>
      </geographic>
    </centre>
  </stop>
  <stop xlink:href="stops/10007">
    <key>10007</key>
    <name>Southbound Osborne at Ashland</name>
    <number>10007</number>
    <direction abbr="SB">Southbound</direction>
    <side abbr="NSO">Nearside Opposite</side>
    <street xlink:href="streets/2715">
      <key>2715</key>
      <name>Osborne Street</name>
      <type abbr="St">Street</type>
    </street>
    <cross-street xlink:href="streets/165">
      <key>165</key>
      <name>Ashland Avenue</name>
      <type abbr="Ave">Avenue</type>
    </cross-street>
    <centre>
      <utm zone="14U">
        <x>634306</x>
        <y>5524859</y>
      </utm>
      <geographic>
        <latitude>49.86107</latitude>
        <longitude>-97.1313</longitude>
      </geographic>
    </centre>
  </stop>
  <stop xlink:href="stops/10008">
    <key>10008</key>
    <name>Southbound Osborne at Jubilee</name>
    <number>10008</number>
    <direction abbr="SB">Southbound</direction>
    <side abbr="NS">Nearside</side>
    <street xlink:href="streets/2715">
      <key>2715</key>
      <name>Osborne Street</name>
      <type abbr="St">Street</type>
    </street>
    <cross-street xlink:href="streets/1902">
      <key>1902</key>
      <name>Jubilee Avenue</name>
      <type abbr="Ave">Avenue</type>
    </cross-street>
    <centre>
      <utm zone="14U">
        <x>634379</x>
        <y>5524722</y>
      </utm>
      <geographic>
        <latitude>49.85983</latitude>
        <longitude>-97.13033</longitude>
      </geographic>
    </centre>
  </stop>
  <stop xlink:href="stops/10009">
    <key>10009</key>
    <name>Southbound Osborne at Montague</name>
    <number>10009</number>
    <direction abbr="SB">Southbound</direction>
    <side abbr="FS">Farside</side>
    <street xlink:href="streets/2715">
      <key>2715</key>
      <name>Osborne Street</name>
      <type abbr="St">Street</type>
    </street>
    <cross-street xlink:href="streets/2534">
      <key>2534</key>
      <name>Montague Avenue</name>
      <type abbr="Ave">Avenue</type>
    </cross-street>
    <centre>
      <utm zone="14U">
        <x>634513</x>
        <y>5524501</y>
      </utm>
      <geographic>
        <latitude>49.85781</latitude>
        <longitude>-97.12854</longitude>
      </geographic>
    </centre>
  </stop>
  <stop xlink:href="stops/10067">
    <key>10067</key>
    <name>Southbound Osborne at Osborne Junction</name>
    <number>10067</number>
    <direction abbr="SB">Southbound</direction>
    <side abbr="NS">Nearside</side>
    <street xlink:href="streets/2715">
      <key>2715</key>
      <name>Osborne Street</name>
      <type abbr="St">Street</type>
    </street>
    <cross-street xlink:href="streets/882">
      <key>882</key>
      <name>Corydon Avenue</name>
      <type abbr="Ave">Avenue</type>
    </cross-street>
    <centre>
      <utm zone="14U">
        <x>633480</x>
        <y>5526351</y>
      </utm>
      <geographic>
        <latitude>49.87467</latitude>
        <longitude>-97.14227</longitude>
      </geographic>
    </centre>
  </stop>
  <stop xlink:href="stops/10172">
    <key>10172</key>
    <name>Southbound Osborne at River</name>
    <number>10172</number>
    <direction abbr="SB">Southbound</direction>
    <side abbr="NS">Nearside</side>
    <street xlink:href="streets/2715">
      <key>2715</key>
      <name>Osborne Street</name>
      <type abbr="St">Street</type>
    </street>
    <cross-street xlink:href="streets/3057">
      <key>3057</key>
      <name>River Avenue</name>
      <type abbr="Ave">Avenue</type>
    </cross-street>
    <centre>
      <utm zone="14U">
        <x>633161</x>
        <y>5526845</y>
      </utm>
      <geographic>
        <latitude>49.87918</latitude>
        <longitude>-97.14654</longitude>
      </geographic>
    </centre>
  </stop>
  <stop xlink:href="stops/10185">
    <key>10185</key>
    <name>Southbound Osborne at Wardlaw</name>
    <number>10185</number>
    <direction abbr="SB">Southbound</direction>
    <side abbr="NS">Nearside</side>
    <street xlink:href="streets/2715">
      <key>2715</key>
      <name>Osborne Street</name>
      <type abbr="St">Street</type>
    </street>
    <cross-street xlink:href="streets/3781">
      <key>3781</key>
      <name>Wardlaw Avenue</name>
      <type abbr="Ave">Avenue</type>
    </cross-street>
    <centre>
      <utm zone="14U">
        <x>633339</x>
        <y>5526606</y>
      </utm>
      <geographic>
        <latitude>49.87699</latitude>
        <longitude>-97.14414</longitude>
      </geographic>
    </centre>
  </stop>
  <stop xlink:href="stops/10598">
    <key>10598</key>
    <name>Southbound Osborne at York</name>
    <number>10598</number>
    <direction abbr="SB">Southbound</direction>
    <side abbr="NS">Nearside</side>
    <street xlink:href="streets/2716">
      <key>2716</key>
      <name>Osborne Street</name>
      <type abbr="St">Street</type>
      <leg abbr="N">North</leg>
    </street>
    <cross-street xlink:href="streets/4014">
      <key>4014</key>
      <name>York Avenue</name>
      <type abbr="Ave">Avenue</type>
    </cross-street>
    <centre>
      <utm zone="14U">
        <x>632886</x>
        <y>5527814</y>
      </utm>
      <geographic>
        <latitude>49.88795</latitude>
        <longitude>-97.15003</longitude>
      </geographic>
    </centre>
  </stop>
  <stop xlink:href="stops/10599">
    <key>10599</key>
    <name>Southbound Osborne at Broadway (Legislature)</name>
    <number>10599</number>
    <direction abbr="SB">Southbound</direction>
    <side abbr="NS">Nearside</side>
    <street xlink:href="streets/2716">
      <key>2716</key>
      <name>Osborne Street</name>
      <type abbr="St">Street</type>
      <leg abbr="N">North</leg>
    </street>
    <cross-street xlink:href="streets/519">
      <key>519</key>
      <name>Broadway</name>
    </cross-street>
    <centre>
      <utm zone="14U">
        <x>632895</x>
        <y>5527558</y>
      </utm>
      <geographic>
        <latitude>49.88565</latitude>
        <longitude>-97.14999</longitude>
      </geographic>
    </centre>
  </stop>
  <stop xlink:href="stops/10600">
    <key>10600</key>
    <name>Southbound Osborne at Granite</name>
    <number>10600</number>
    <direction abbr="SB">Southbound</direction>
    <side abbr="NS">Nearside</side>
    <street xlink:href="streets/2716">
      <key>2716</key>
      <name>Osborne Street</name>
      <type abbr="St">Street</type>
      <leg abbr="N">North</leg>
    </street>
    <cross-street xlink:href="streets/4653">
      <key>4653</key>
      <name>Granite Way</name>
      <type abbr="Way">Way</type>
    </cross-street>
    <centre>
      <utm zone="14U">
        <x>632983</x>
        <y>5527301</y>
      </utm>
      <geographic>
        <latitude>49.88332</latitude>
        <longitude>-97.14886</longitude>
      </geographic>
    </centre>
  </stop>
  <stop xlink:href="stops/10612">
    <key>10612</key>
    <name>Westbound Graham at Garry (Wpg Square)</name>
    <number>10612</number>
    <direction abbr="WB">Westbound</direction>
    <side abbr="NS">Nearside</side>
    <street xlink:href="streets/1533">
      <key>1533</key>
      <name>Graham Avenue</name>
      <type abbr="Ave">Avenue</type>
    </street>
    <cross-street xlink:href="streets/1437">
      <key>1437</key>
      <name>Garry Street</name>
      <type abbr="St">Street</type>
    </cross-street>
    <centre>
      <utm zone="14U">
        <x>633608</x>
        <y>5528372</y>
      </utm>
      <geographic>
        <latitude>49.89281</latitude>
        <longitude>-97.13979</longitude>
      </geographic>
    </centre>
  </stop>
  <stop xlink:href="stops/10614">
    <key>10614</key>
    <name>Westbound Graham at Donald (Canada Life Centre)</name>
    <number>10614</number>
    <direction abbr="WB">Westbound</direction>
    <side abbr="NS">Nearside</side>
    <street xlink:href="streets/1533">
      <key>1533</key>
      <name>Graham Avenue</name>
      <type abbr="Ave">Avenue</type>
    </street>
    <cross-street xlink:href="streets/1070">
      <key>1070</key>
      <name>Donald Street</name>
      <type abbr="St">Street</type>
    </cross-street>
    <centre>
      <utm zone="14U">
        <x>633417</x>
        <y>5528300</y>
      </utm>
      <geographic>
        <latitude>49.8922</latitude>
        <longitude>-97.14247</longitude>
      </geographic>
    </centre>
  </stop>
  <stop xlink:href="stops/10617">
    <key>10617</key>
    <name>Westbound Graham at Edmonton (RWB)</name>
    <number>10617</number>
    <direction abbr="WB">Westbound</direction>
    <side abbr="NS">Nearside</side>
    <street xlink:href="streets/1533">
      <key>1533</key>
      <name>Graham Avenue</name>
      <type abbr="Ave">Avenue</type>
    </street>
    <cross-street xlink:href="streets/1201">
      <key>1201</key>
      <name>Edmonton Street</name>
      <type abbr="St">Street</type>
    </cross-street>
    <centre>
      <utm zone="14U">
        <x>633134</x>
        <y>5528193</y>
      </utm>
      <geographic>
        <latitude>49.89131</latitude>
        <longitude>-97.14645</longitude>
      </geographic>
    </centre>
  </stop>
  <stop xlink:href="stops/10619">
    <key>10619</key>
    <name>Westbound Graham at Vaughan (The Bay)</name>
    <number>10619</number>
    <direction abbr="WB">Westbound</direction>
    <side abbr="NS">Nearside</side>
    <street xlink:href="streets/1533">
      <key>1533</key>
      <name>Graham Avenue</name>
      <type abbr="Ave">Avenue</type>
    </street>
    <cross-street xlink:href="streets/3716">
      <key>3716</key>
      <name>Vaughan Street</name>
      <type abbr="St">Street</type>
    </cross-street>
    <centre>
      <utm zone="14U">
        <x>632952</x>
        <y>5528122</y>
      </utm>
      <geographic>
        <latitude>49.89071</latitude>
        <longitude>-97.149</longitude>
      </geographic>
    </centre>
  </stop>
  <stop xlink:href="stops/10632">
    <key>10632</key>
    <name>Southbound Main at Henry</name>
    <number>10632</number>
    <direction abbr="SB">Southbound</direction>
    <side abbr="FS">Farside</side>
    <street xlink:href="streets/2265">
      <key>2265</key>
      <name>Main Street</name>
      <type abbr="St">Street</type>
    </street>
    <cross-street xlink:href="streets/1720">
      <key>1720</key>
      <name>Henry Avenue</name>
      <type abbr="Ave">Avenue</type>
    </cross-street>
    <centre>
      <utm zone="14U">
        <x>633896</x>
        <y>5529559</y>
      </utm>
      <geographic>
        <latitude>49.90342</latitude>
        <longitude>-97.13537</longitude>
      </geographic>
    </centre>
  </stop>
  <stop xlink:href="stops/10633">
    <key>10633</key>
    <name>Southbound Main at Alexander</name>
    <number>10633</number>
    <direction abbr="SB">Southbound</direction>
    <side abbr="NS">Nearside</side>
    <street xlink:href="streets/2265">
      <key>2265</key>
      <name>Main Street</name>
      <type abbr="St">Street</type>
    </street>
    <cross-street xlink:href="streets/57">
      <key>57</key>
      <name>Alexander Avenue</name>
      <type abbr="Ave">Avenue</type>
    </cross-street>
    <centre>
      <utm zone="14U">
        <x>633807</x>
        <y>5529376</y>
      </utm>
      <geographic>
        <latitude>49.90179</latitude>
        <longitude>-97.13667</longitude>
      </geographic>
    </centre>
  </stop>
  <stop xlink:href="stops/10634">
    <key>10634</key>
    <name>Southbound Main at James</name>
    <number>10634</number>
    <direction abbr="SB">Southbound</direction>
    <side abbr="NS">Nearside</side>
    <street xlink:href="streets/2265">
      <key>2265</key>
      <name>Main Street</name>
      <type abbr="St">Street</type>
    </street>
    <cross-street xlink:href="streets/1862">
      <key>1862</key>
      <name>James Avenue</name>
      <type abbr="Ave">Avenue</type>
    </cross-street>
    <centre>
      <utm zone="14U">
        <x>633713</x>
        <y>5529201</y>
      </utm>
      <geographic>
        <latitude>49.90024</latitude>
        <longitude>-97.13804</longitude>
      </geographic>
    </centre>
  </stop>
  <stop xlink:href="stops/10635">
    <key>10635</key>
    <name>Southbound Main at William (City Hall)</name>
    <number>10635</number>
    <direction abbr="SB">Southbound</direction>
    <side abbr="NS">Nearside</side>
    <street xlink:href="streets/2265">
      <key>2265</key>
      <name>Main Street</name>
      <type abbr="St">Street</type>
    </street>
    <cross-street xlink:href="streets/3905">
      <key>3905</key>
      <name>William Avenue</name>
      <type abbr="Ave">Avenue</type>
    </cross-street>
    <centre>
      <utm zone="14U">
        <x>633642</x>
        <y>5529066</y>
      </utm>
      <geographic>
        <latitude>49.89904</latitude>
        <longitude>-97.13908</longitude>
      </geographic>
    </centre>
  </stop>
  <stop xlink:href="stops/10636">
    <key>10636</key>
    <name>Southbound Main at McDermot</name>
    <number>10636</number>
    <direction abbr="SB">Southbound</direction>
    <side abbr="NS">Nearside</side>
    <street xlink:href="streets/2265">
      <key>2265</key>
      <name>Main Street</name>
      <type abbr="St">Street</type>
    </street>
    <cross-street xlink:href="streets/2400">
      <key>2400</key>
      <name>McDermot Avenue</name>
      <type abbr="Ave">Avenue</type>
    </cross-street>
    <centre>
      <utm zone="14U">
        <x>633646</x>
        <y>5528853</y>
      </utm>
      <geographic>
        <latitude>49.89712</latitude>
        <longitude>-97.1391</longitude>
      </geographic>
    </centre>
  </stop>
  <stop xlink:href="stops/10638">
    <key>10638</key>
    <name>Southbound Main at Pioneer</name>
    <number>10638</number>
    <direction abbr="SB">Southbound</direction>
    <side abbr="FSO">Farside Opposite</side>
    <street xlink:href="streets/2265">
      <key>2265</key>
      <name>Main Street</name>
      <type abbr="St">Street</type>
    </street>
    <cross-street xlink:href="streets/2871">
      <key>2871</key>
      <name>Pioneer Avenue</name>
      <type abbr="Ave">Avenue</type>
    </cross-street>
    <centre>
      <utm zone="14U">
        <x>633739</x>
        <y>5528516</y>
      </utm>
      <geographic>
        <latitude>49.89407</latitude>
        <longitude>-97.13792</longitude>
      </geographic>
    </centre>
  </stop>
  <stop xlink:href="stops/10840">
    <key>10840</key>
    <name>Southbound Vaughan at St. Mary</name>
    <number>10840</number>
    <direction abbr="SB">Southbound</direction>
    <side abbr="NS">Nearside</side>
    <street xlink:href="streets/3716">
      <key>3716</key>
      <name>Vaughan Street</name>
      <type abbr="St">Street</type>
    </street>
    <cross-street xlink:href="streets/3452">
      <key>3452</key>
      <name>St Mary Avenue</name>
      <type abbr="Ave">Avenue</type>
    </cross-street>
    <centre>
      <utm zone="14U">
        <x>632987</x>
        <y>5527963</y>
      </utm>
      <geographic>
        <latitude>49.88927</latitude>
        <longitude>-97.14857</longitude>
      </geographic>
    </centre>
  </stop>
  <stop xlink:href="stops/10911">
    <key>10911</key>
    <name>Southbound Osborne at Osborne Station</name>
    <number>10911</number>
    <direction abbr="SB">Southbound</direction>
    <side abbr="NS">Nearside</side>
    <street xlink:href="streets/2715">
      <key>2715</key>
      <name>Osborne Street</name>
      <type abbr="St">Street</type>
    </street>
    <cross-street xlink:href="streets/1876">
      <key>1876</key>
      <name>Jessie Avenue</name>
      <type abbr="Ave">Avenue</type>
    </cross-street>
    <centre>
      <utm zone="14U">
        <x>633533</x>
        <y>5526261</y>
      </utm>
      <geographic>
        <latitude>49.87385</latitude>
        <longitude>-97.14156</longitude>
      </geographic>
    </centre>
  </stop>
  <stop xlink:href="stops/30093">
    <key>30093</key>
    <name>Eastbound Selkirk at Main</name>
    <number>30093</number>
    <direction abbr="EB">Eastbound</direction>
    <side abbr="NS">Nearside</side>
    <street xlink:href="streets/3259">
      <key>3259</key>
      <name>Selkirk Avenue</name>
      <type abbr="Ave">Avenue</type>
    </street>
    <cross-street xlink:href="streets/2265">
      <key>2265</key>
      <name>Main Street</name>
      <type abbr="St">Street</type>
    </cross-street>
    <centre>
      <utm zone="14U">
        <x>634032</x>
        <y>5530491</y>
      </utm>
      <geographic>
        <latitude>49.91176</latitude>
        <longitude>-97.13316</longitude>
      </geographic>
    </centre>
  </stop>
  <stop xlink:href="stops/30094">
    <key>30094</key>
    <name>Southbound Main at Dufferin</name>
    <number>30094</number>
    <direction abbr="SB">Southbound</direction>
    <side abbr="NS">Nearside</side>
    <street xlink:href="streets/2265">
      <key>2265</key>
      <name>Main Street</name>
      <type abbr="St">Street</type>
    </street>
    <cross-street xlink:href="streets/1118">
      <key>1118</key>
      <name>Dufferin Avenue</name>
      <type abbr="Ave">Avenue</type>
    </cross-street>
    <centre>
      <utm zone="14U">
        <x>634004</x>
        <y>5530161</y>
      </utm>
      <geographic>
        <latitude>49.9088</latitude>
        <longitude>-97.13366</longitude>
      </geographic>
    </centre>
  </stop>
  <stop xlink:href="stops/30096">
    <key>30096</key>
    <name>Southbound Main at Jarvis</name>
    <number>30096</number>
    <direction abbr="SB">Southbound</direction>
    <side abbr="FS">Farside</side>
    <street xlink:href="streets/2265">
      <key>2265</key>
      <name>Main Street</name>
      <type abbr="St">Street</type>
    </street>
    <cross-street xlink:href="streets/1867">
      <key>1867</key>
      <name>Jarvis Avenue</name>
      <type abbr="Ave">Avenue</type>
    </cross-street>
    <centre>
      <utm zone="14U">
        <x>633984</x>
        <y>5530011</y>
      </utm>
      <geographic>
        <latitude>49.90746</latitude>
        <longitude>-97.13399</longitude>
      </geographic>
    </centre>
  </stop>
  <stop xlink:href="stops/30119">
    <key>30119</key>
    <name>Eastbound Selkirk at Aikins</name>
    <number>30119</number>
    <direction abbr="EB">Eastbound</direction>
    <side abbr="FS">Farside</side>
    <street xlink:href="streets/3259">
      <key>3259</key>
      <name>Selkirk Avenue</name>
      <type abbr="Ave">Avenue</type>
    </street>
    <cross-street xlink:href="streets/29">
      <key>29</key>
      <name>Aikins Street</name>
      <type abbr="St">Street</type>
    </cross-street>
    <centre>
      <utm zone="14U">
        <x>633640</x>
        <y>5530673</y>
      </utm>
      <geographic>
        <latitude>49.91349</latitude>
        <longitude>-97.13855</longitude>
      </geographic>
    </centre>
  </stop>
  <stop xlink:href="stops/30120">
    <key>30120</key>
    <name>Eastbound Selkirk at Charles</name>
    <number>30120</number>
    <direction abbr="EB">Eastbound</direction>
    <side abbr="NS">Nearside</side>
    <street xlink:href="streets/3259">
      <key>3259</key>
      <name>Selkirk Avenue</name>
      <type abbr="Ave">Avenue</type>
    </street>
    <cross-street xlink:href="streets/725">
      <key>725</key>
      <name>Charles Street</name>
      <type abbr="St">Street</type>
    </cross-street>
    <centre>
      <utm zone="14U">
        <x>633780</x>
        <y>5530608</y>
      </utm>
      <geographic>
        <latitude>49.91287</latitude>
        <longitude>-97.13662</longitude>
      </geographic>
    </centre>
  </stop>
  <stop xlink:href="stops/30176">
    <key>30176</key>
    <name>Eastbound Selkirk at Salter</name>
    <number>30176</number>
    <direction abbr="EB">Eastbound</direction>
    <side abbr="NS">Nearside</side>
    <street xlink:href="streets/3259">
      <key>3259</key>
      <name>Selkirk Avenue</name>
      <type abbr="Ave">Avenue</type>
    </street>
    <cross-street xlink:href="streets/3181">
      <key>3181</key>
      <name>Salter Street</name>
      <type abbr="St">Street</type>
    </cross-street>
    <centre>
      <utm zone="14U">
        <x>633388</x>
        <y>5530790</y>
      </utm>
      <geographic>
        <latitude>49.91459</latitude>
        <longitude>-97.14202</longitude>
      </geographic>
    </centre>
  </stop>
  <stop xlink:href="stops/30198">
    <key>30198</key>
    <name>Eastbound Selkirk at Salter West</name>
    <number>30198</number>
    <direction abbr="EB">Eastbound</direction>
    <side abbr="NS">Nearside</side>
    <street xlink:href="streets/3259">
      <key>3259</key>
      <name>Selkirk Avenue</name>
      <type abbr="Ave">Avenue</type>
    </street>
    <cross-street xlink:href="streets/3181">
      <key>3181</key>
      <name>Salter Street</name>
      <type abbr="St">Street</type>
    </cross-street>
    <centre>
      <utm zone="14U">
        <x>633226</x>
        <y>5530866</y>
      </utm>
      <geographic>
        <latitude>49.91531</latitude>
        <longitude>-97.14425</longitude>
      </geographic>
    </centre>
  </stop>
  <stop xlink:href="stops/30200">
    <key>30200</key>
    <name>Eastbound Selkirk at Andrews</name>
    <number>30200</number>
    <direction abbr="EB">Eastbound</direction>
    <side abbr="NS">Nearside</side>
    <street xlink:href="streets/3259">
      <key>3259</key>
      <name>Selkirk Avenue</name>
      <type abbr="Ave">Avenue</type>
    </street>
    <cross-street xlink:href="streets/104">
      <key>104</key>
      <name>Andrews Street</name>
      <type abbr="St">Street</type>
    </cross-street>
    <centre>
      <utm zone="14U">
        <x>633035</x>
        <y>5530955</y>
      </utm>
      <geographic>
        <latitude>49.91616</latitude>
        <longitude>-97.14687</longitude>
      </geographic>
    </centre>
  </stop>
  <stop xlink:href="stops/30261">
    <key>30261</key>
    <name>Eastbound Selkirk at McGregor</name>
    <number>30261</number>
    <direction abbr="EB">Eastbound</direction>
    <side abbr="NS">Nearside</side>
    <street xlink:href="streets/3259">
      <key>3259</key>
      <name>Selkirk Avenue</name>
      <type abbr="Ave">Avenue</type>
    </street>
    <cross-street xlink:href="streets/2412">
      <key>2412</key>
      <name>McGregor Street</name>
      <type abbr="St">Street</type>
    </cross-street>
    <centre>
      <utm zone="14U">
        <x>632867</x>
        <y>5531034</y>
      </utm>
      <geographic>
        <latitude>49.9169</latitude>
        <longitude>-97.14919</longitude>
      </geographic>
    </centre>
  </stop>
  <stop xlink:href="stops/30277">
    <key>30277</key>
    <name>Eastbound Selkirk at McKenzie</name>
    <number>30277</number>
    <direction abbr="EB">Eastbound</direction>
    <side abbr="NS">Nearside</side>
    <street xlink:href="streets/3259">
      <key>3259</key>
      <name>Selkirk Avenue</name>
      <type abbr="Ave">Avenue</type>
    </street>
    <cross-street xlink:href="streets/2422">
      <key>2422</key>
      <name>McKenzie Street</name>
      <type abbr="St">Street</type>
    </cross-street>
    <centre>
      <utm zone="14U">
        <x>632690</x>
        <y>5531119</y>
      </utm>
      <geographic>
        <latitude>49.91771</latitude>
        <longitude>-97.15162</longitude>
      </geographic>
    </centre>
  </stop>
  <stop xlink:href="stops/30279">
    <key>30279</key>
    <name>Eastbound Selkirk at Parr</name>
    <number>30279</number>
    <direction abbr="EB">Eastbound</direction>
    <side abbr="NS">Nearside</side>
    <street xlink:href="streets/3259">
      <key>3259</key>
      <name>Selkirk Avenue</name>
      <type abbr="Ave">Avenue</type>
    </street>
    <cross-street xlink:href="streets/2784">
      <key>2784</key>
      <name>Parr Street</name>
      <type abbr="St">Street</type>
    </cross-street>
    <centre>
      <utm zone="14U">
        <x>632507</x>
        <y>5531204</y>
      </utm>
      <geographic>
        <latitude>49.91851</latitude>
        <longitude>-97.15414</longitude>
      </geographic>
    </centre>
  </stop>
  <stop xlink:href="stops/30311">
    <key>30311</key>
    <name>Eastbound Selkirk at Arlington</name>
    <number>30311</number>
    <direction abbr="EB">Eastbound</direction>
    <side abbr="NS">Nearside</side>
    <street xlink:href="streets/3259">
      <key>3259</key>
      <name>Selkirk Avenue</name>
      <type abbr="Ave">Avenue</type>
    </street>
    <cross-street xlink:href="streets/141">
      <key>141</key>
      <name>Arlington Street</name>
      <type abbr="St">Street</type>
    </cross-street>
    <centre>
      <utm zone="14U">
        <x>632317</x>
        <y>5531292</y>
      </utm>
      <geographic>
        <latitude>49.91935</latitude>
        <longitude>-97.15675</longitude>
      </geographic>
    </centre>
  </stop>
  <stop xlink:href="stops/30321">
    <key>30321</key>
    <name>Eastbound Selkirk at Sinclair</name>
    <number>30321</number>
    <direction abbr="EB">Eastbound</direction>
    <side abbr="FS">Farside</side>
    <street xlink:href="streets/3259">
      <key>3259</key>
      <name>Selkirk Avenue</name>
      <type abbr="Ave">Avenue</type>
    </street>
    <cross-street xlink:href="streets/3358">
      <key>3358</key>
      <name>Sinclair Street</name>
      <type abbr="St">Street</type>
    </cross-street>
    <centre>
      <utm zone="14U">
        <x>632192</x>
        <y>5531351</y>
      </utm>
      <geographic>
        <latitude>49.9199</latitude>
        <longitude>-97.15847</longitude>
      </geographic>
    </centre>
  </stop>
  <stop xlink:href="stops/30326">
    <key>30326</key>
    <name>Eastbound Selkirk at Sinclair West</name>
    <number>30326</number>
    <direction abbr="EB">Eastbound</direction>
    <side abbr="NS">Nearside</side>
    <street xlink:href="streets/3259">
      <key>3259</key>
      <name>Selkirk Avenue</name>
      <type abbr="Ave">Avenue</type>
    </street>
    <cross-street xlink:href="streets/3358">
      <key>3358</key>
      <name>Sinclair Street</name>
      <type abbr="St">Street</type>
    </cross-street>
    <centre>
      <utm zone="14U">
        <x>631942</x>
        <y>5531467</y>
      </utm>
      <geographic>
        <latitude>49.921</latitude>
        <longitude>-97.16192</longitude>
      </geographic>
    </centre>
  </stop>
  <stop xlink:href="stops/30331">
    <key>30331</key>
    <name>Eastbound Selkirk at Battery</name>
    <number>30331</number>
    <direction abbr="EB">Eastbound</direction>
    <side abbr="NS">Nearside</side>
    <street xlink:href="streets/3259">
      <key>3259</key>
      <name>Selkirk Avenue</name>
      <type abbr="Ave">Avenue</type>
    </street>
    <cross-street xlink:href="streets/265">
      <key>265</key>
      <name>Battery Street</name>
      <type abbr="St">Street</type>
    </cross-street>
    <centre>
      <utm zone="14U">
        <x>631772</x>
        <y>5531545</y>
      </utm>
      <geographic>
        <latitude>49.92174</latitude>
        <longitude>-97.16426</longitude>
      </geographic>
    </centre>
  </stop>
  <stop xlink:href="stops/30489">
    <key>30489</key>
    <name>Eastbound Burrows at McPhillips</name>
    <number>30489</number>
    <direction abbr="EB">Eastbound</direction>
    <side abbr="NS">Nearside</side>
    <street xlink:href="streets/576">
      <key>576</key>
      <name>Burrows Avenue</name>
      <type abbr="Ave">Avenue</type>
    </street>
    <cross-street xlink:href="streets/2443">
      <key>2443</key>
      <name>McPhillips Street</name>
      <type abbr="St">Street</type>
    </cross-street>
    <centre>
      <utm zone="14U">
        <x>631380</x>
        <y>5532109</y>
      </utm>
      <geographic>
        <latitude>49.9269</latitude>
        <longitude>-97.16952</longitude>
      </geographic>
    </centre>
  </stop>
  <stop xlink:href="stops/30491">
    <key>30491</key>
    <name>Southbound McPhillips at Manitoba</name>
    <number>30491</number>
    <direction abbr="SB">Southbound</direction>
    <side abbr="NS">Nearside</side>
    <street xlink:href="streets/2443">
      <key>2443</key>
      <name>McPhillips Street</name>
      <type abbr="St">Street</type>
    </street>
    <cross-street xlink:href="streets/2290">
      <key>2290</key>
      <name>Manitoba Avenue</name>
      <type abbr="Ave">Avenue</type>
    </cross-street>
    <centre>
      <utm zone="14U">
        <x>631388</x>
        <y>5531943</y>
      </utm>
      <geographic>
        <latitude>49.9254</latitude>
        <longitude>-97.16947</longitude>
      </geographic>
    </centre>
  </stop>
  <stop xlink:href="stops/30498">
    <key>30498</key>
    <name>Eastbound Selkirk at Sgt Tommy Prince</name>
    <number>30498</number>
    <direction abbr="EB">Eastbound</direction>
    <side abbr="FSO">Farside Opposite</side>
    <street xlink:href="streets/3259">
      <key>3259</key>
      <name>Selkirk Avenue</name>
      <type abbr="Ave">Avenue</type>
    </street>
    <cross-street xlink:href="streets/3295">
      <key>3295</key>
      <name>Sgt Tommy Prince Street</name>
      <type abbr="St">Street</type>
    </cross-street>
    <centre>
      <utm zone="14U">
        <x>631558</x>
        <y>5531646</y>
      </utm>
      <geographic>
        <latitude>49.9227</latitude>
        <longitude>-97.1672</longitude>
      </geographic>
    </centre>
  </stop>
  <stop xlink:href="stops/30499">
    <key>30499</key>
    <name>Eastbound Selkirk at McPhillips</name>
    <number>30499</number>
    <direction abbr="EB">Eastbound</direction>
    <side abbr="FS">Farside</side>
    <street xlink:href="streets/3259">
      <key>3259</key>
      <name>Selkirk Avenue</name>
      <type abbr="Ave">Avenue</type>
    </street>
    <cross-street xlink:href="streets/2443">
      <key>2443</key>
      <name>McPhillips Street</name>
      <type abbr="St">Street</type>
    </cross-street>
    <centre>
      <utm zone="14U">
        <x>631428</x>
        <y>5531688</y>
      </utm>
      <geographic>
        <latitude>49.9231</latitude>
        <longitude>-97.169</longitude>
      </geographic>
    </centre>
  </stop>
  <stop xlink:href="stops/30540">
    <key>30540</key>
    <name>Eastbound Burrows at McNichol</name>
    <number>30540</number>
    <direction abbr="EB">Eastbound</direction>
    <side abbr="NS">Nearside</side>
    <street xlink:href="streets/576">
      <key>576</key>
      <name>Burrows Avenue</name>
      <type abbr="Ave">Avenue</type>
    </street>
    <cross-street xlink:href="streets/2438">
      <key>2438</key>
      <name>McNichol Street</name>
      <type abbr="St">Street</type>
    </cross-street>
    <centre>
      <utm zone="14U">
        <x>631049</x>
        <y>5532263</y>
      </utm>
      <geographic>
        <latitude>49.92835</latitude>
        <longitude>-97.17408</longitude>
      </geographic>
    </centre>
  </stop>
  <stop xlink:href="stops/30543">
    <key>30543</key>
    <name>Eastbound Burrows at Shaughnessy</name>
    <number>30543</number>
    <direction abbr="EB">Eastbound</direction>
    <side abbr="FS">Farside</side>
    <street xlink:href="streets/576">
      <key>576</key>
      <name>Burrows Avenue</name>
      <type abbr="Ave">Avenue</type>
    </street>
    <cross-street xlink:href="streets/3303">
      <key>3303</key>
      <name>Shaughnessy Street</name>
      <type abbr="St">Street</type>
    </cross-street>
    <centre>
      <utm zone="14U">
        <x>630855</x>
        <y>5532359</y>
      </utm>
      <geographic>
        <latitude>49.92926</latitude>
        <longitude>-97.17675</longitude>
      </geographic>
    </centre>
  </stop>
  <stop xlink:href="stops/30548">
    <key>30548</key>
    <name>Eastbound Burrows at Lawrence</name>
    <number>30548</number>
    <direction abbr="EB">Eastbound</direction>
    <side abbr="FS">Farside</side>
    <street xlink:href="streets/576">
      <key>576</key>
      <name>Burrows Avenue</name>
      <type abbr="Ave">Avenue</type>
    </street>
    <cross-street xlink:href="streets/2108">
      <key>2108</key>
      <name>Lawrence Street</name>
      <type abbr="St">Street</type>
    </cross-street>
    <centre>
      <utm zone="14U">
        <x>630647</x>
        <y>5532450</y>
      </utm>
      <geographic>
        <latitude>49.93012</latitude>
        <longitude>-97.17961</longitude>
      </geographic>
    </centre>
  </stop>
  <stop xlink:href="stops/30665">
    <key>30665</key>
    <name>Eastbound Burrows at Railway</name>
    <number>30665</number>
    <direction abbr="EB">Eastbound</direction>
    <side abbr="NS">Nearside</side>
    <street xlink:href="streets/576">
      <key>576</key>
      <name>Burrows Avenue</name>
      <type abbr="Ave">Avenue</type>
    </street>
    <cross-street xlink:href="streets/2974">
      <key>2974</key>
      <name>Railway Street</name>
      <type abbr="St">Street</type>
    </cross-street>
    <centre>
      <utm zone="14U">
        <x>630335</x>
        <y>5532593</y>
      </utm>
      <geographic>
        <latitude>49.93148</latitude>
        <longitude>-97.18391</longitude>
      </geographic>
    </centre>
  </stop>
  <stop xlink:href="stops/30667">
    <key>30667</key>
    <name>Eastbound Burrows at Gilbert</name>
    <number>30667</number>
    <direction abbr="EB">Eastbound</direction>
    <side abbr="FS">Farside</side>
    <street xlink:href="streets/576">
      <key>576</key>
      <name>Burrows Avenue</name>
      <type abbr="Ave">Avenue</type>
    </street>
    <cross-street xlink:href="streets/1472">
      <key>1472</key>
      <name>Gilbert Avenue</name>
      <type abbr="Ave">Avenue</type>
    </cross-street>
    <centre>
      <utm zone="14U">
        <x>630246</x>
        <y>5532686</y>
      </utm>
      <geographic>
        <latitude>49.93233</latitude>
        <longitude>-97.18512</longitude>
      </geographic>
    </centre>
  </stop>
  <stop xlink:href="stops/30668">
    <key>30668</key>
    <name>Eastbound Burrows at Keewatin West</name>
    <number>30668</number>
    <direction abbr="EB">Eastbound</direction>
    <side abbr="NS">Nearside</side>
    <street xlink:href="streets/576">
      <key>576</key>
      <name>Burrows Avenue</name>
      <type abbr="Ave">Avenue</type>
    </street>
    <cross-street xlink:href="streets/1925">
      <key>1925</key>
      <name>Keewatin Street</name>
      <type abbr="St">Street</type>
    </cross-street>
    <centre>
      <utm zone="14U">
        <x>629471</x>
        <y>5533347</y>
      </utm>
      <geographic>
        <latitude>49.93844</latitude>
        <longitude>-97.19569</longitude>
      </geographic>
    </centre>
  </stop>
  <stop xlink:href="stops/30669">
    <key>30669</key>
    <name>Eastbound Tyndall at Burrows</name>
    <number>30669</number>
    <direction abbr="EB">Eastbound</direction>
    <side abbr="NS">Nearside</side>
    <street xlink:href="streets/3682">
      <key>3682</key>
      <name>Tyndall Avenue</name>
      <type abbr="Ave">Avenue</type>
    </street>
    <cross-street xlink:href="streets/576">
      <key>576</key>
      <name>Burrows Avenue</name>
      <type abbr="Ave">Avenue</type>
    </cross-street>
    <centre>
      <utm zone="14U">
        <x>630156</x>
        <y>5532915</y>
      </utm>
      <geographic>
        <latitude>49.93441</latitude>
        <longitude>-97.18629</longitude>
      </geographic>
    </centre>
  </stop>
  <stop xlink:href="stops/30677">
    <key>30677</key>
    <name>Eastbound Burrows at Keewatin East</name>
    <number>30677</number>
    <direction abbr="EB">Eastbound</direction>
    <side abbr="FS">Farside</side>
    <street xlink:href="streets/576">
      <key>576</key>
      <name>Burrows Avenue</name>
      <type abbr="Ave">Avenue</type>
    </street>
    <cross-street xlink:href="streets/1925">
      <key>1925</key>
      <name>Keewatin Street</name>
      <type abbr="St">Street</type>
    </cross-street>
    <centre>
      <utm zone="14U">
        <x>629559</x>
        <y>5533349</y>
      </utm>
      <geographic>
        <latitude>49.93844</latitude>
        <longitude>-97.19446</longitude>
      </geographic>
    </centre>
  </stop>
  <stop xlink:href="stops/30678">
    <key>30678</key>
    <name>Southbound Dorset at Burrows</name>
    <number>30678</number>
    <direction abbr="SB">Southbound</direction>
    <side abbr="FS">Farside</side>
    <street xlink:href="streets/1085">
      <key>1085</key>
      <name>Dorset Street</name>
      <type abbr="St">Street</type>
    </street>
    <cross-street xlink:href="streets/576">
      <key>576</key>
      <name>Burrows Avenue</name>
      <type abbr="Ave">Avenue</type>
    </cross-street>
    <centre>
      <utm zone="14U">
        <x>629731</x>
        <y>5533305</y>
      </utm>
      <geographic>
        <latitude>49.93801</latitude>
        <longitude>-97.19208</longitude>
      </geographic>
    </centre>
  </stop>
  <stop xlink:href="stops/30681">
    <key>30681</key>
    <name>Southbound Dorset at Tyndall</name>
    <number>30681</number>
    <direction abbr="SB">Southbound</direction>
    <side abbr="NSO">Nearside Opposite</side>
    <street xlink:href="streets/1085">
      <key>1085</key>
      <name>Dorset Street</name>
      <type abbr="St">Street</type>
    </street>
    <cross-street xlink:href="streets/3682">
      <key>3682</key>
      <name>Tyndall Avenue</name>
      <type abbr="Ave">Avenue</type>
    </cross-street>
    <centre>
      <utm zone="14U">
        <x>629675</x>
        <y>5533168</y>
      </utm>
      <geographic>
        <latitude>49.93679</latitude>
        <longitude>-97.19291</longitude>
      </geographic>
    </centre>
  </stop>
  <stop xlink:href="stops/30684">
    <key>30684</key>
    <name>Eastbound Tyndall at Dorset</name>
    <number>30684</number>
    <direction abbr="EB">Eastbound</direction>
    <side abbr="FSO">Farside Opposite</side>
    <street xlink:href="streets/3682">
      <key>3682</key>
      <name>Tyndall Avenue</name>
      <type abbr="Ave">Avenue</type>
    </street>
    <cross-street xlink:href="streets/1085">
      <key>1085</key>
      <name>Dorset Street</name>
      <type abbr="St">Street</type>
    </cross-street>
    <centre>
      <utm zone="14U">
        <x>629806</x>
        <y>5533000</y>
      </utm>
      <geographic>
        <latitude>49.93525</latitude>
        <longitude>-97.19114</longitude>
      </geographic>
    </centre>
  </stop>
  <stop xlink:href="stops/30685">
    <key>30685</key>
    <name>Eastbound Tyndall at Chudley</name>
    <number>30685</number>
    <direction abbr="EB">Eastbound</direction>
    <side abbr="NS">Nearside</side>
    <street xlink:href="streets/3682">
      <key>3682</key>
      <name>Tyndall Avenue</name>
      <type abbr="Ave">Avenue</type>
    </street>
    <cross-street xlink:href="streets/772">
      <key>772</key>
      <name>Chudley Street</name>
      <type abbr="St">Street</type>
    </cross-street>
    <centre>
      <utm zone="14U">
        <x>629980</x>
        <y>5532968</y>
      </utm>
      <geographic>
        <latitude>49.93493</latitude>
        <longitude>-97.18873</longitude>
      </geographic>
    </centre>
  </stop>
  <stop xlink:href="stops/30687">
    <key>30687</key>
    <name>Eastbound Burrows at Smithurst</name>
    <number>30687</number>
    <direction abbr="EB">Eastbound</direction>
    <side abbr="FS">Farside</side>
    <street xlink:href="streets/576">
      <key>576</key>
      <name>Burrows Avenue</name>
      <type abbr="Ave">Avenue</type>
    </street>
    <cross-street xlink:href="streets/3373">
      <key>3373</key>
      <name>Smithurst Street</name>
      <type abbr="St">Street</type>
    </cross-street>
    <centre>
      <utm zone="14U">
        <x>629363</x>
        <y>5533344</y>
      </utm>
      <geographic>
        <latitude>49.93844</latitude>
        <longitude>-97.1972</longitude>
      </geographic>
    </centre>
  </stop>
  <stop xlink:href="stops/30690">
    <key>30690</key>
    <name>Eastbound Burrows at Avery</name>
    <number>30690</number>
    <direction abbr="EB">Eastbound</direction>
    <side abbr="FS">Farside</side>
    <street xlink:href="streets/576">
      <key>576</key>
      <name>Burrows Avenue</name>
      <type abbr="Ave">Avenue</type>
    </street>
    <cross-street xlink:href="streets/203">
      <key>203</key>
      <name>Avery Drive</name>
      <type abbr="Dr">Drive</type>
    </cross-street>
    <centre>
      <utm zone="14U">
        <x>629131</x>
        <y>5533338</y>
      </utm>
      <geographic>
        <latitude>49.93844</latitude>
        <longitude>-97.20043</longitude>
      </geographic>
    </centre>
  </stop>
  <stop xlink:href="stops/30692">
    <key>30692</key>
    <name>Eastbound Burrows at Albina</name>
    <number>30692</number>
    <direction abbr="EB">Eastbound</direction>
    <side abbr="FSO">Farside Opposite</side>
    <street xlink:href="streets/576">
      <key>576</key>
      <name>Burrows Avenue</name>
      <type abbr="Ave">Avenue</type>
    </street>
    <cross-street xlink:href="streets/42">
      <key>42</key>
      <name>Albina Way</name>
      <type abbr="Way">Way</type>
    </cross-street>
    <centre>
      <utm zone="14U">
        <x>628896</x>
        <y>5533332</y>
      </utm>
      <geographic>
        <latitude>49.93843</latitude>
        <longitude>-97.2037</longitude>
      </geographic>
    </centre>
  </stop>
  <stop xlink:href="stops/30693">
    <key>30693</key>
    <name>Eastbound Burrows at King Edward</name>
    <number>30693</number>
    <direction abbr="EB">Eastbound</direction>
    <side abbr="FS">Farside</side>
    <street xlink:href="streets/576">
      <key>576</key>
      <name>Burrows Avenue</name>
      <type abbr="Ave">Avenue</type>
    </street>
    <cross-street xlink:href="streets/1973">
      <key>1973</key>
      <name>King Edward Street</name>
      <type abbr="St">Street</type>
    </cross-street>
    <centre>
      <utm zone="14U">
        <x>628723</x>
        <y>5533347</y>
      </utm>
      <geographic>
        <latitude>49.9386</latitude>
        <longitude>-97.20611</longitude>
      </geographic>
    </centre>
  </stop>
  <stop xlink:href="stops/30702">
    <key>30702</key>
    <name>Eastbound Burrows at Sumter</name>
    <number>30702</number>
    <direction abbr="EB">Eastbound</direction>
    <side abbr="NSO">Nearside Opposite</side>
    <street xlink:href="streets/576">
      <key>576</key>
      <name>Burrows Avenue</name>
      <type abbr="Ave">Avenue</type>
    </street>
    <cross-street xlink:href="streets/3526">
      <key>3526</key>
      <name>Sumter Crescent</name>
      <type abbr="Cres">Crescent</type>
    </cross-street>
    <centre>
      <utm zone="14U">
        <x>628525</x>
        <y>5533344</y>
      </utm>
      <geographic>
        <latitude>49.93862</latitude>
        <longitude>-97.20887</longitude>
      </geographic>
    </centre>
  </stop>
  <stop xlink:href="stops/30703">
    <key>30703</key>
    <name>Eastbound Burrows at Palms</name>
    <number>30703</number>
    <direction abbr="EB">Eastbound</direction>
    <side abbr="NSO">Nearside Opposite</side>
    <street xlink:href="streets/576">
      <key>576</key>
      <name>Burrows Avenue</name>
      <type abbr="Ave">Avenue</type>
    </street>
    <cross-street xlink:href="streets/2743">
      <key>2743</key>
      <name>Palms Boulevard</name>
      <type abbr="Blvd">Boulevard</type>
    </cross-street>
    <centre>
      <utm zone="14U">
        <x>628264</x>
        <y>5533342</y>
      </utm>
      <geographic>
        <latitude>49.93866</latitude>
        <longitude>-97.2125</longitude>
      </geographic>
    </centre>
  </stop>
  <stop xlink:href="stops/30765">
    <key>30765</key>
    <name>Eastbound Burrows at Benbow</name>
    <number>30765</number>
    <direction abbr="EB">Eastbound</direction>
    <side abbr="NS">Nearside</side>
    <street xlink:href="streets/576">
      <key>576</key>
      <name>Burrows Avenue</name>
      <type abbr="Ave">Avenue</type>
    </street>
    <cross-street xlink:href="streets/325">
      <key>325</key>
      <name>Benbow Road</name>
      <type abbr="Rd">Road</type>
    </cross-street>
    <centre>
      <utm zone="14U">
        <x>628140</x>
        <y>5533417</y>
      </utm>
      <geographic>
        <latitude>49.93936</latitude>
        <longitude>-97.21421</longitude>
      </geographic>
    </centre>
  </stop>
  <stop xlink:href="stops/30853">
    <key>30853</key>
    <name>Eastbound Burrows at Garden Grove</name>
    <number>30853</number>
    <direction abbr="EB">Eastbound</direction>
    <side abbr="NSO">Nearside Opposite</side>
    <street xlink:href="streets/576">
      <key>576</key>
      <name>Burrows Avenue</name>
      <type abbr="Ave">Avenue</type>
    </street>
    <cross-street xlink:href="streets/1425">
      <key>1425</key>
      <name>Garden Grove Drive</name>
      <type abbr="Dr">Drive</type>
    </cross-street>
    <centre>
      <utm zone="14U">
        <x>627970</x>
        <y>5533580</y>
      </utm>
      <geographic>
        <latitude>49.94086</latitude>
        <longitude>-97.21652</longitude>
      </geographic>
    </centre>
  </stop>
  <stop xlink:href="stops/30913">
    <key>30913</key>
    <name>Southbound Main at Stella</name>
    <number>30913</number>
    <direction abbr="SB">Southbound</direction>
    <side abbr="NS">Nearside</side>
    <street xlink:href="streets/2265">
      <key>2265</key>
      <name>Main Street</name>
      <type abbr="St">Street</type>
    </street>
    <cross-street xlink:href="streets/3479">
      <key>3479</key>
      <name>Stella Avenue</name>
      <type abbr="Ave">Avenue</type>
    </cross-street>
    <centre>
      <utm zone="14U">
        <x>634024</x>
        <y>5530293</y>
      </utm>
      <geographic>
        <latitude>49.90998</latitude>
        <longitude>-97.13334</longitude>
      </geographic>
    </centre>
  </stop>
  <stop xlink:href="stops/50466">
    <key>50466</key>
    <name>Southbound Dunkirk Ramp SB to Dunkirk SB at Kingston Row</name>
    <number>50466</number>
    <direction abbr="SB">Southbound</direction>
    <side abbr="FS">Farside</side>
    <street xlink:href="streets/50000001">
      <key>50000001</key>
      <name>Dunkirk Ramp SB to Dunkirk SB Drive</name>
    </street>
    <cross-street xlink:href="streets/50000007">
      <key>50000007</key>
      <name>Kingston Ramp to Dunkirk SB</name>
    </cross-street>
    <centre>
      <utm zone="14U">
        <x>634729</x>
        <y>5523963</y>
      </utm>
      <geographic>
        <latitude>49.85292</latitude>
        <longitude>-97.12573</longitude>
      </geographic>
    </centre>
  </stop>
  <stop xlink:href="stops/50470">
    <key>50470</key>
    <name>Southbound Dunkirk at West Fernwood</name>
    <number>50470</number>
    <direction abbr="SB">Southbound</direction>
    <side abbr="DO">Direct Opposite</side>
    <street xlink:href="streets/1144">
      <key>1144</key>
      <name>Dunkirk Drive</name>
      <type abbr="Dr">Drive</type>
    </street>
    <cross-street xlink:href="streets/3834">
      <key>3834</key>
      <name>West Fernwood Avenue</name>
      <type abbr="Ave">Avenue</type>
    </cross-street>
    <centre>
      <utm zone="14U">
        <x>635353</x>
        <y>5523213</y>
      </utm>
      <geographic>
        <latitude>49.84604</latitude>
        <longitude>-97.11731</longitude>
      </geographic>
    </centre>
  </stop>
  <stop xlink:href="stops/50473">
    <key>50473</key>
    <name>Southbound Dunkirk at St. Vital</name>
    <number>50473</number>
    <direction abbr="SB">Southbound</direction>
    <side abbr="FS">Farside</side>
    <street xlink:href="streets/1144">
      <key>1144</key>
      <name>Dunkirk Drive</name>
      <type abbr="Dr">Drive</type>
    </street>
    <cross-street xlink:href="streets/3461">
      <key>3461</key>
      <name>St Vital Road</name>
      <type abbr="Rd">Road</type>
    </cross-street>
    <centre>
      <utm zone="14U">
        <x>635340</x>
        <y>5522595</y>
      </utm>
      <geographic>
        <latitude>49.84049</latitude>
        <longitude>-97.11771</longitude>
      </geographic>
    </centre>
  </stop>
  <stop xlink:href="stops/50475">
    <key>50475</key>
    <name>Southbound Dunkirk at Moore</name>
    <number>50475</number>
    <direction abbr="SB">Southbound</direction>
    <side abbr="FS">Farside</side>
    <street xlink:href="streets/1144">
      <key>1144</key>
      <name>Dunkirk Drive</name>
      <type abbr="Dr">Drive</type>
    </street>
    <cross-street xlink:href="streets/2544">
      <key>2544</key>
      <name>Moore Avenue</name>
      <type abbr="Ave">Avenue</type>
    </cross-street>
    <centre>
      <utm zone="14U">
        <x>635447</x>
        <y>5522404</y>
      </utm>
      <geographic>
        <latitude>49.83875</latitude>
        <longitude>-97.11629</longitude>
      </geographic>
    </centre>
  </stop>
  <stop xlink:href="stops/50479">
    <key>50479</key>
    <name>Southbound Dunkirk at Parkville</name>
    <number>50479</number>
    <direction abbr="SB">Southbound</direction>
    <side abbr="NS">Nearside</side>
    <street xlink:href="streets/1144">
      <key>1144</key>
      <name>Dunkirk Drive</name>
      <type abbr="Dr">Drive</type>
    </street>
    <cross-street xlink:href="streets/2780">
      <key>2780</key>
      <name>Parkville Drive</name>
      <type abbr="Dr">Drive</type>
    </cross-street>
    <centre>
      <utm zone="14U">
        <x>635580</x>
        <y>5522167</y>
      </utm>
      <geographic>
        <latitude>49.83659</latitude>
        <longitude>-97.11452</longitude>
      </geographic>
    </centre>
  </stop>
  <stop xlink:href="stops/50482">
    <key>50482</key>
    <name>Southbound Dakota at St. Mary's</name>
    <number>50482</number>
    <direction abbr="SB">Southbound</direction>
    <side abbr="FS">Farside</side>
    <street xlink:href="streets/954">
      <key>954</key>
      <name>Dakota Street</name>
      <type abbr="St">Street</type>
    </street>
    <cross-street xlink:href="streets/3453">
      <key>3453</key>
      <name>St Mary's Road</name>
      <type abbr="Rd">Road</type>
    </cross-street>
    <centre>
      <utm zone="14U">
        <x>635734</x>
        <y>5522063</y>
      </utm>
      <geographic>
        <latitude>49.83562</latitude>
        <longitude>-97.11242</longitude>
      </geographic>
    </centre>
  </stop>
  <stop xlink:href="stops/50484">
    <key>50484</key>
    <name>Southbound Dakota at Chesterfield</name>
    <number>50484</number>
    <direction abbr="SB">Southbound</direction>
    <side abbr="FS">Farside</side>
    <street xlink:href="streets/954">
      <key>954</key>
      <name>Dakota Street</name>
      <type abbr="St">Street</type>
    </street>
    <cross-street xlink:href="streets/754">
      <key>754</key>
      <name>Chesterfield Avenue</name>
      <type abbr="Ave">Avenue</type>
    </cross-street>
    <centre>
      <utm zone="14U">
        <x>635878</x>
        <y>5521939</y>
      </utm>
      <geographic>
        <latitude>49.83447</latitude>
        <longitude>-97.11046</longitude>
      </geographic>
    </centre>
  </stop>
  <stop xlink:href="stops/50485">
    <key>50485</key>
    <name>Southbound Dakota at Abinojii Mikanah</name>
    <number>50485</number>
    <direction abbr="SB">Southbound</direction>
    <side abbr="NS">Nearside</side>
    <street xlink:href="streets/954">
      <key>954</key>
      <name>Dakota Street</name>
      <type abbr="St">Street</type>
    </street>
    <cross-street xlink:href="streets/378">
      <key>378</key>
      <name>Abinojii Mikanah</name>
      <type abbr="Blvd">Boulevard</type>
    </cross-street>
    <centre>
      <utm zone="14U">
        <x>635977</x>
        <y>5521758</y>
      </utm>
      <geographic>
        <latitude>49.83282</latitude>
        <longitude>-97.10915</longitude>
      </geographic>
    </centre>
  </stop>
  <stop xlink:href="stops/50487">
    <key>50487</key>
    <name>Southbound Dakota at Abinojii Mikanah South</name>
    <number>50487</number>
    <direction abbr="SB">Southbound</direction>
    <side abbr="FS">Farside</side>
    <street xlink:href="streets/954">
      <key>954</key>
      <name>Dakota Street</name>
      <type abbr="St">Street</type>
    </street>
    <cross-street xlink:href="streets/378">
      <key>378</key>
      <name>Abinojii Mikanah</name>
      <type abbr="Blvd">Boulevard</type>
    </cross-street>
    <centre>
      <utm zone="14U">
        <x>636089</x>
        <y>5521563</y>
      </utm>
      <geographic>
        <latitude>49.83104</latitude>
        <longitude>-97.10766</longitude>
      </geographic>
    </centre>
  </stop>
  <stop xlink:href="stops/50599">
    <key>50599</key>
    <name>Southbound Dakota at St. Vital Centre</name>
    <number>50599</number>
    <direction abbr="SB">Southbound</direction>
    <side abbr="NS">Nearside</side>
    <street xlink:href="streets/954">
      <key>954</key>
      <name>Dakota Street</name>
      <type abbr="St">Street</type>
    </street>
    <cross-street xlink:href="streets/2456">
      <key>2456</key>
      <name>Meadowood Drive</name>
      <type abbr="Dr">Drive</type>
    </cross-street>
    <centre>
      <utm zone="14U">
        <x>636170</x>
        <y>5521424</y>
      </utm>
      <geographic>
        <latitude>49.82977</latitude>
        <longitude>-97.10658</longitude>
      </geographic>
    </centre>
  </stop>
  <stop xlink:href="stops/50616">
    <key>50616</key>
    <name>Westbound Meadowood at Dakota</name>
    <number>50616</number>
    <direction abbr="WB">Westbound</direction>
    <side abbr="FS">Farside</side>
    <street xlink:href="streets/2456">
      <key>2456</key>
      <name>Meadowood Drive</name>
      <type abbr="Dr">Drive</type>
    </street>
    <cross-street xlink:href="streets/954">
      <key>954</key>
      <name>Dakota Street</name>
      <type abbr="St">Street</type>
    </cross-street>
    <centre>
      <utm zone="14U">
        <x>636218</x>
        <y>5521226</y>
      </utm>
      <geographic>
        <latitude>49.82798</latitude>
        <longitude>-97.10599</longitude>
      </geographic>
    </centre>
  </stop>
  <stop xlink:href="stops/50724">
    <key>50724</key>
    <name>Southbound Dakota at Meadowood</name>
    <number>50724</number>
    <direction abbr="SB">Southbound</direction>
    <side abbr="NS">Nearside</side>
    <street xlink:href="streets/954">
      <key>954</key>
      <name>Dakota Street</name>
      <type abbr="St">Street</type>
    </street>
    <cross-street xlink:href="streets/2456">
      <key>2456</key>
      <name>Meadowood Drive</name>
      <type abbr="Dr">Drive</type>
    </cross-street>
    <centre>
      <utm zone="14U">
        <x>636246</x>
        <y>5521289</y>
      </utm>
      <geographic>
        <latitude>49.82854</latitude>
        <longitude>-97.10557</longitude>
      </geographic>
    </centre>
  </stop>
  <stop xlink:href="stops/50878">
    <key>50878</key>
    <name>Westbound St Vital Centre Terminal at St. Vital Centre (16 Osborne, 676, 96)</name>
    <number>50878</number>
    <direction abbr="WB">Westbound</direction>
    <side abbr="FS">Farside</side>
    <street xlink:href="streets/50000270">
      <key>50000270</key>
      <name>St Vital Centre Terminal</name>
      <type abbr="Term">Terminal</type>
    </street>
    <cross-street xlink:href="streets/2456">
      <key>2456</key>
      <name>Meadowood Drive</name>
      <type abbr="Dr">Drive</type>
    </cross-street>
    <centre>
      <utm zone="14U">
        <x>635880</x>
        <y>5521056</y>
      </utm>
      <geographic>
        <latitude>49.82653</latitude>
        <longitude>-97.11074</longitude>
      </geographic>
    </centre>
  </stop>
</stops>
