<?xml version="1.0" encoding="UTF-8"?>
<stops xmlns:utm="http://winnipegtransit.com/coordinates/utm" xmlns:ang="http://winnipegtransit.com/coordinates/angular" xmlns:xlink="http://www.w3.org/1999/xlink" xlink:base="" query-time="2024-07-11T14:45:30">
  <stop xlink:href="stops/30426">
    <key>30426</key>
    <name>Southbound McPhillips at Dafoe</name>
    <number>30426</number>
    <direction abbr="SB">Southbound</direction>
    <side abbr="FSO">Farside Opposite</side>
    <street xlink:href="streets/2443">
      <key>2443</key>
      <name>McPhillips Street</name>
      <type abbr="St">Street</type>
    </street>
    <cross-street xlink:href="streets/949">
      <key>949</key>
      <name>Dafoe Boulevard</name>
      <type abbr="Blvd">Boulevard</type>
    </cross-street>
    <centre>
      <utm zone="14U">
        <x>632234</x>
        <y>5533916</y>
      </utm>
      <geographic>
        <latitude>49.94295</latitude>
        <longitude>-97.15701</longitude>
      </geographic>
    </centre>
  </stop>
  <stop xlink:href="stops/30437">
    <key>30437</key>
    <name>Southbound McPhillips at Mapleglen</name>
    <number>30437</number>
    <direction abbr="SB">Southbound</direction>
    <side abbr="NS">Nearside</side>
    <street xlink:href="streets/2443">
      <key>2443</key>
      <name>McPhillips Street</name>
      <type abbr="St">Street</type>
    </street>
    <cross-street xlink:href="streets/2306">
      <key>2306</key>
      <name>Mapleglen Drive</name>
      <type abbr="Dr">Drive</type>
    </cross-street>
    <centre>
      <utm zone="14U">
        <x>632177</x>
        <y>5533810</y>
      </utm>
      <geographic>
        <latitude>49.94201</latitude>
        <longitude>-97.15784</longitude>
      </geographic>
    </centre>
  </stop>
  <stop xlink:href="stops/30509">
    <key>30509</key>
    <name>Eastbound Jefferson at Pipeline</name>
    <number>30509</number>
    <direction abbr="EB">Eastbound</direction>
    <side abbr="NSO">Nearside Opposite</side>
    <street xlink:href="streets/1874">
      <key>1874</key>
      <name>Jefferson Avenue</name>
      <type abbr="Ave">Avenue</type>
    </street>
    <cross-street xlink:href="streets/2873">
      <key>2873</key>
      <name>Pipeline Road</name>
      <type abbr="Rd">Road</type>
    </cross-street>
    <centre>
      <utm zone="14U">
        <x>631895</x>
        <y>5534377</y>
      </utm>
      <geographic>
        <latitude>49.94717</latitude>
        <longitude>-97.16157</longitude>
      </geographic>
    </centre>
  </stop>
  <stop xlink:href="stops/30510">
    <key>30510</key>
    <name>Eastbound Jefferson at Watson</name>
    <number>30510</number>
    <direction abbr="EB">Eastbound</direction>
    <side abbr="NSO">Nearside Opposite</side>
    <street xlink:href="streets/1874">
      <key>1874</key>
      <name>Jefferson Avenue</name>
      <type abbr="Ave">Avenue</type>
    </street>
    <cross-street xlink:href="streets/3801">
      <key>3801</key>
      <name>Watson Street</name>
      <type abbr="St">Street</type>
    </cross-street>
    <centre>
      <utm zone="14U">
        <x>632025</x>
        <y>5534317</y>
      </utm>
      <geographic>
        <latitude>49.9466</latitude>
        <longitude>-97.15978</longitude>
      </geographic>
    </centre>
  </stop>
  <stop xlink:href="stops/30582">
    <key>30582</key>
    <name>Eastbound Jefferson at Maberley</name>
    <number>30582</number>
    <direction abbr="EB">Eastbound</direction>
    <side abbr="FS">Farside</side>
    <street xlink:href="streets/1874">
      <key>1874</key>
      <name>Jefferson Avenue</name>
      <type abbr="Ave">Avenue</type>
    </street>
    <cross-street xlink:href="streets/2235">
      <key>2235</key>
      <name>Maberley Road</name>
      <type abbr="Rd">Road</type>
    </cross-street>
    <centre>
      <utm zone="14U">
        <x>631830</x>
        <y>5534408</y>
      </utm>
      <geographic>
        <latitude>49.94746</latitude>
        <longitude>-97.16247</longitude>
      </geographic>
    </centre>
  </stop>
  <stop xlink:href="stops/30585">
    <key>30585</key>
    <name>Eastbound Jefferson at Mansard</name>
    <number>30585</number>
    <direction abbr="EB">Eastbound</direction>
    <side abbr="NS">Nearside</side>
    <street xlink:href="streets/1874">
      <key>1874</key>
      <name>Jefferson Avenue</name>
      <type abbr="Ave">Avenue</type>
    </street>
    <cross-street xlink:href="streets/2301">
      <key>2301</key>
      <name>Mansard Close</name>
      <type abbr="Close">Close</type>
    </cross-street>
    <centre>
      <utm zone="14U">
        <x>631697</x>
        <y>5534470</y>
      </utm>
      <geographic>
        <latitude>49.94805</latitude>
        <longitude>-97.1643</longitude>
      </geographic>
    </centre>
  </stop>
  <stop xlink:href="stops/30586">
    <key>30586</key>
    <name>Eastbound Jefferson at Marbury</name>
    <number>30586</number>
    <direction abbr="EB">Eastbound</direction>
    <side abbr="FS">Farside</side>
    <street xlink:href="streets/1874">
      <key>1874</key>
      <name>Jefferson Avenue</name>
      <type abbr="Ave">Avenue</type>
    </street>
    <cross-street xlink:href="streets/2316">
      <key>2316</key>
      <name>Marbury Road</name>
      <type abbr="Rd">Road</type>
    </cross-street>
    <centre>
      <utm zone="14U">
        <x>631597</x>
        <y>5534517</y>
      </utm>
      <geographic>
        <latitude>49.9485</latitude>
        <longitude>-97.16568</longitude>
      </geographic>
    </centre>
  </stop>
  <stop xlink:href="stops/30587">
    <key>30587</key>
    <name>Eastbound Mapleglen at Manor House</name>
    <number>30587</number>
    <direction abbr="EB">Eastbound</direction>
    <side abbr="NS">Nearside</side>
    <street xlink:href="streets/2306">
      <key>2306</key>
      <name>Mapleglen Drive</name>
      <type abbr="Dr">Drive</type>
    </street>
    <cross-street xlink:href="streets/2296">
      <key>2296</key>
      <name>Manor House Court</name>
      <type abbr="Crt">Court</type>
    </cross-street>
    <centre>
      <utm zone="14U">
        <x>631378</x>
        <y>5534099</y>
      </utm>
      <geographic>
        <latitude>49.94479</latitude>
        <longitude>-97.16887</longitude>
      </geographic>
    </centre>
  </stop>
  <stop xlink:href="stops/30589">
    <key>30589</key>
    <name>Eastbound Jefferson at Sheppard</name>
    <number>30589</number>
    <direction abbr="EB">Eastbound</direction>
    <side abbr="FS">Farside</side>
    <street xlink:href="streets/1874">
      <key>1874</key>
      <name>Jefferson Avenue</name>
      <type abbr="Ave">Avenue</type>
    </street>
    <cross-street xlink:href="streets/3316">
      <key>3316</key>
      <name>Sheppard Street</name>
      <type abbr="St">Street</type>
    </cross-street>
    <centre>
      <utm zone="14U">
        <x>631358</x>
        <y>5534703</y>
      </utm>
      <geographic>
        <latitude>49.95022</latitude>
        <longitude>-97.16894</longitude>
      </geographic>
    </centre>
  </stop>
  <stop xlink:href="stops/30595">
    <key>30595</key>
    <name>Eastbound Mapleglen at Marlow</name>
    <number>30595</number>
    <direction abbr="EB">Eastbound</direction>
    <side abbr="NS">Nearside</side>
    <street xlink:href="streets/2306">
      <key>2306</key>
      <name>Mapleglen Drive</name>
      <type abbr="Dr">Drive</type>
    </street>
    <cross-street xlink:href="streets/2339">
      <key>2339</key>
      <name>Marlow Court</name>
      <type abbr="Crt">Court</type>
    </cross-street>
    <centre>
      <utm zone="14U">
        <x>631098</x>
        <y>5534229</y>
      </utm>
      <geographic>
        <latitude>49.94602</latitude>
        <longitude>-97.17273</longitude>
      </geographic>
    </centre>
  </stop>
  <stop xlink:href="stops/30598">
    <key>30598</key>
    <name>Eastbound Mapleton at Sheppard</name>
    <number>30598</number>
    <direction abbr="EB">Eastbound</direction>
    <side abbr="NS">Nearside</side>
    <street xlink:href="streets/2310">
      <key>2310</key>
      <name>Mapleton Drive</name>
      <type abbr="Dr">Drive</type>
    </street>
    <cross-street xlink:href="streets/3316">
      <key>3316</key>
      <name>Sheppard Street</name>
      <type abbr="St">Street</type>
    </cross-street>
    <centre>
      <utm zone="14U">
        <x>631026</x>
        <y>5534355</y>
      </utm>
      <geographic>
        <latitude>49.94717</latitude>
        <longitude>-97.17369</longitude>
      </geographic>
    </centre>
  </stop>
  <stop xlink:href="stops/30600">
    <key>30600</key>
    <name>Eastbound Jefferson at Maevista</name>
    <number>30600</number>
    <direction abbr="EB">Eastbound</direction>
    <side abbr="NSO">Nearside Opposite</side>
    <street xlink:href="streets/1874">
      <key>1874</key>
      <name>Jefferson Avenue</name>
      <type abbr="Ave">Avenue</type>
    </street>
    <cross-street xlink:href="streets/2253">
      <key>2253</key>
      <name>Maevista Place</name>
      <type abbr="Pl">Place</type>
    </cross-street>
    <centre>
      <utm zone="14U">
        <x>631207</x>
        <y>5534955</y>
      </utm>
      <geographic>
        <latitude>49.95252</latitude>
        <longitude>-97.17096</longitude>
      </geographic>
    </centre>
  </stop>
  <stop xlink:href="stops/30601">
    <key>30601</key>
    <name>Eastbound Jefferson at Adsum</name>
    <number>30601</number>
    <direction abbr="EB">Eastbound</direction>
    <side abbr="FS">Farside</side>
    <street xlink:href="streets/1874">
      <key>1874</key>
      <name>Jefferson Avenue</name>
      <type abbr="Ave">Avenue</type>
    </street>
    <cross-street xlink:href="streets/22">
      <key>22</key>
      <name>Adsum Drive</name>
      <type abbr="Dr">Drive</type>
    </cross-street>
    <centre>
      <utm zone="14U">
        <x>631176</x>
        <y>5535147</y>
      </utm>
      <geographic>
        <latitude>49.95425</latitude>
        <longitude>-97.17133</longitude>
      </geographic>
    </centre>
  </stop>
  <stop xlink:href="stops/30604">
    <key>30604</key>
    <name>Eastbound Jefferson at Hiddleston</name>
    <number>30604</number>
    <direction abbr="EB">Eastbound</direction>
    <side abbr="NSO">Nearside Opposite</side>
    <street xlink:href="streets/1874">
      <key>1874</key>
      <name>Jefferson Avenue</name>
      <type abbr="Ave">Avenue</type>
    </street>
    <cross-street xlink:href="streets/1735">
      <key>1735</key>
      <name>Hiddleston Crescent</name>
      <type abbr="Cres">Crescent</type>
    </cross-street>
    <centre>
      <utm zone="14U">
        <x>631162</x>
        <y>5535431</y>
      </utm>
      <geographic>
        <latitude>49.95681</latitude>
        <longitude>-97.17143</longitude>
      </geographic>
    </centre>
  </stop>
  <stop xlink:href="stops/30614">
    <key>30614</key>
    <name>Southbound Mandalay at Jefferson</name>
    <number>30614</number>
    <direction abbr="SB">Southbound</direction>
    <side abbr="FS">Farside</side>
    <street xlink:href="streets/2283">
      <key>2283</key>
      <name>Mandalay Drive</name>
      <type abbr="Dr">Drive</type>
    </street>
    <cross-street xlink:href="streets/1874">
      <key>1874</key>
      <name>Jefferson Avenue</name>
      <type abbr="Ave">Avenue</type>
    </cross-street>
    <centre>
      <utm zone="14U">
        <x>630328</x>
        <y>5535771</y>
      </utm>
      <geographic>
        <latitude>49.96005</latitude>
        <longitude>-97.18293</longitude>
      </geographic>
    </centre>
  </stop>
  <stop xlink:href="stops/30616">
    <key>30616</key>
    <name>Southbound Mandalay at Playgreen</name>
    <number>30616</number>
    <direction abbr="SB">Southbound</direction>
    <side abbr="NSO">Nearside Opposite</side>
    <street xlink:href="streets/2283">
      <key>2283</key>
      <name>Mandalay Drive</name>
      <type abbr="Dr">Drive</type>
    </street>
    <cross-street xlink:href="streets/2881">
      <key>2881</key>
      <name>Playgreen Crescent</name>
      <type abbr="Cres">Crescent</type>
    </cross-street>
    <centre>
      <utm zone="14U">
        <x>630266</x>
        <y>5535542</y>
      </utm>
      <geographic>
        <latitude>49.958</latitude>
        <longitude>-97.18387</longitude>
      </geographic>
    </centre>
  </stop>
  <stop xlink:href="stops/30618">
    <key>30618</key>
    <name>Southbound Mandalay at Anglia</name>
    <number>30618</number>
    <direction abbr="SB">Southbound</direction>
    <side abbr="FS">Farside</side>
    <street xlink:href="streets/2283">
      <key>2283</key>
      <name>Mandalay Drive</name>
      <type abbr="Dr">Drive</type>
    </street>
    <cross-street xlink:href="streets/107">
      <key>107</key>
      <name>Anglia Avenue</name>
      <type abbr="Ave">Avenue</type>
    </cross-street>
    <centre>
      <utm zone="14U">
        <x>630261</x>
        <y>5535374</y>
      </utm>
      <geographic>
        <latitude>49.95649</latitude>
        <longitude>-97.184</longitude>
      </geographic>
    </centre>
  </stop>
  <stop xlink:href="stops/30626">
    <key>30626</key>
    <name>Southbound Mandalay at Adsum</name>
    <number>30626</number>
    <direction abbr="SB">Southbound</direction>
    <side abbr="FS">Farside</side>
    <street xlink:href="streets/2283">
      <key>2283</key>
      <name>Mandalay Drive</name>
      <type abbr="Dr">Drive</type>
    </street>
    <cross-street xlink:href="streets/22">
      <key>22</key>
      <name>Adsum Drive</name>
      <type abbr="Dr">Drive</type>
    </cross-street>
    <centre>
      <utm zone="14U">
        <x>630268</x>
        <y>5535161</y>
      </utm>
      <geographic>
        <latitude>49.95458</latitude>
        <longitude>-97.18398</longitude>
      </geographic>
    </centre>
  </stop>
  <stop xlink:href="stops/30630">
    <key>30630</key>
    <name>Southbound Mandalay at Margate</name>
    <number>30630</number>
    <direction abbr="SB">Southbound</direction>
    <side abbr="FS">Farside</side>
    <street xlink:href="streets/2283">
      <key>2283</key>
      <name>Mandalay Drive</name>
      <type abbr="Dr">Drive</type>
    </street>
    <cross-street xlink:href="streets/2322">
      <key>2322</key>
      <name>Margate Road</name>
      <type abbr="Rd">Road</type>
    </cross-street>
    <centre>
      <utm zone="14U">
        <x>630284</x>
        <y>5534827</y>
      </utm>
      <geographic>
        <latitude>49.95157</latitude>
        <longitude>-97.18387</longitude>
      </geographic>
    </centre>
  </stop>
  <stop xlink:href="stops/30632">
    <key>30632</key>
    <name>Southbound Mandalay at Mapleton</name>
    <number>30632</number>
    <direction abbr="SB">Southbound</direction>
    <side abbr="NSO">Nearside Opposite</side>
    <street xlink:href="streets/2283">
      <key>2283</key>
      <name>Mandalay Drive</name>
      <type abbr="Dr">Drive</type>
    </street>
    <cross-street xlink:href="streets/2310">
      <key>2310</key>
      <name>Mapleton Drive</name>
      <type abbr="Dr">Drive</type>
    </cross-street>
    <centre>
      <utm zone="14U">
        <x>630374</x>
        <y>5534568</y>
      </utm>
      <geographic>
        <latitude>49.94922</latitude>
        <longitude>-97.1827</longitude>
      </geographic>
    </centre>
  </stop>
  <stop xlink:href="stops/30636">
    <key>30636</key>
    <name>Eastbound Mapleton at Madrill</name>
    <number>30636</number>
    <direction abbr="EB">Eastbound</direction>
    <side abbr="FS">Farside</side>
    <street xlink:href="streets/2310">
      <key>2310</key>
      <name>Mapleton Drive</name>
      <type abbr="Dr">Drive</type>
    </street>
    <cross-street xlink:href="streets/2252">
      <key>2252</key>
      <name>Madrill Close</name>
      <type abbr="Close">Close</type>
    </cross-street>
    <centre>
      <utm zone="14U">
        <x>630779</x>
        <y>5534471</y>
      </utm>
      <geographic>
        <latitude>49.94826</latitude>
        <longitude>-97.17709</longitude>
      </geographic>
    </centre>
  </stop>
  <stop xlink:href="stops/30637">
    <key>30637</key>
    <name>Eastbound Mapleton at Rozmus East</name>
    <number>30637</number>
    <direction abbr="EB">Eastbound</direction>
    <side abbr="NS">Nearside</side>
    <street xlink:href="streets/2310">
      <key>2310</key>
      <name>Mapleton Drive</name>
      <type abbr="Dr">Drive</type>
    </street>
    <cross-street xlink:href="streets/3154">
      <key>3154</key>
      <name>Rozmus Bay</name>
      <type abbr="Bay">Bay</type>
    </cross-street>
    <centre>
      <utm zone="14U">
        <x>630652</x>
        <y>5534523</y>
      </utm>
      <geographic>
        <latitude>49.94876</latitude>
        <longitude>-97.17884</longitude>
      </geographic>
    </centre>
  </stop>
  <stop xlink:href="stops/30638">
    <key>30638</key>
    <name>Eastbound Mapleton at Rozmus West</name>
    <number>30638</number>
    <direction abbr="EB">Eastbound</direction>
    <side abbr="NS">Nearside</side>
    <street xlink:href="streets/2310">
      <key>2310</key>
      <name>Mapleton Drive</name>
      <type abbr="Dr">Drive</type>
    </street>
    <cross-street xlink:href="streets/3154">
      <key>3154</key>
      <name>Rozmus Bay</name>
      <type abbr="Bay">Bay</type>
    </cross-street>
    <centre>
      <utm zone="14U">
        <x>630480</x>
        <y>5534535</y>
      </utm>
      <geographic>
        <latitude>49.9489</latitude>
        <longitude>-97.18123</longitude>
      </geographic>
    </centre>
  </stop>
  <stop xlink:href="stops/30754">
    <key>30754</key>
    <name>Eastbound Jefferson at McPhillips West</name>
    <number>30754</number>
    <direction abbr="EB">Eastbound</direction>
    <side abbr="NS">Nearside</side>
    <street xlink:href="streets/1874">
      <key>1874</key>
      <name>Jefferson Avenue</name>
      <type abbr="Ave">Avenue</type>
    </street>
    <cross-street xlink:href="streets/2443">
      <key>2443</key>
      <name>McPhillips Street</name>
      <type abbr="St">Street</type>
    </cross-street>
    <centre>
      <utm zone="14U">
        <x>632356</x>
        <y>5534164</y>
      </utm>
      <geographic>
        <latitude>49.94515</latitude>
        <longitude>-97.15523</longitude>
      </geographic>
    </centre>
  </stop>
  <stop xlink:href="stops/30782">
    <key>30782</key>
    <name>Eastbound Jefferson at Watson East</name>
    <number>30782</number>
    <direction abbr="EB">Eastbound</direction>
    <side abbr="FSO">Farside Opposite</side>
    <street xlink:href="streets/1874">
      <key>1874</key>
      <name>Jefferson Avenue</name>
      <type abbr="Ave">Avenue</type>
    </street>
    <cross-street xlink:href="streets/3801">
      <key>3801</key>
      <name>Watson Street</name>
      <type abbr="St">Street</type>
    </cross-street>
    <centre>
      <utm zone="14U">
        <x>632244</x>
        <y>5534215</y>
      </utm>
      <geographic>
        <latitude>49.94564</latitude>
        <longitude>-97.15677</longitude>
      </geographic>
    </centre>
  </stop>
  <stop xlink:href="stops/30841">
    <key>30841</key>
    <name>Eastbound Mapleglen at Maberley</name>
    <number>30841</number>
    <direction abbr="EB">Eastbound</direction>
    <side abbr="FS">Farside</side>
    <street xlink:href="streets/2306">
      <key>2306</key>
      <name>Mapleglen Drive</name>
      <type abbr="Dr">Drive</type>
    </street>
    <cross-street xlink:href="streets/2296">
      <key>2296</key>
      <name>Manor House Court</name>
      <type abbr="Crt">Court</type>
    </cross-street>
    <centre>
      <utm zone="14U">
        <x>631623</x>
        <y>5533986</y>
      </utm>
      <geographic>
        <latitude>49.94372</latitude>
        <longitude>-97.1655</longitude>
      </geographic>
    </centre>
  </stop>
  <stop xlink:href="stops/30842">
    <key>30842</key>
    <name>Eastbound Mapleglen at Bender</name>
    <number>30842</number>
    <direction abbr="EB">Eastbound</direction>
    <side abbr="NS">Nearside</side>
    <street xlink:href="streets/2306">
      <key>2306</key>
      <name>Mapleglen Drive</name>
      <type abbr="Dr">Drive</type>
    </street>
    <cross-street xlink:href="streets/326">
      <key>326</key>
      <name>Bender Bay</name>
      <type abbr="Bay">Bay</type>
    </cross-street>
    <centre>
      <utm zone="14U">
        <x>631919</x>
        <y>5533900</y>
      </utm>
      <geographic>
        <latitude>49.94288</latitude>
        <longitude>-97.1614</longitude>
      </geographic>
    </centre>
  </stop>
  <stop xlink:href="stops/30843">
    <key>30843</key>
    <name>Eastbound Mapleglen at McPhillips</name>
    <number>30843</number>
    <direction abbr="EB">Eastbound</direction>
    <side abbr="NS">Nearside</side>
    <street xlink:href="streets/2306">
      <key>2306</key>
      <name>Mapleglen Drive</name>
      <type abbr="Dr">Drive</type>
    </street>
    <cross-street xlink:href="streets/2443">
      <key>2443</key>
      <name>McPhillips Street</name>
      <type abbr="St">Street</type>
    </cross-street>
    <centre>
      <utm zone="14U">
        <x>632109</x>
        <y>5533766</y>
      </utm>
      <geographic>
        <latitude>49.94163</latitude>
        <longitude>-97.1588</longitude>
      </geographic>
    </centre>
  </stop>
  <stop xlink:href="stops/30898">
    <key>30898</key>
    <name>Westbound Ambergate at Pipeline</name>
    <number>30898</number>
    <direction abbr="WB">Westbound</direction>
    <side abbr="FS">Farside</side>
    <street xlink:href="streets/92">
      <key>92</key>
      <name>Ambergate Drive</name>
      <type abbr="Dr">Drive</type>
    </street>
    <cross-street xlink:href="streets/2873">
      <key>2873</key>
      <name>Pipeline Road</name>
      <type abbr="Rd">Road</type>
    </cross-street>
    <centre>
      <utm zone="14U">
        <x>631843</x>
        <y>5535851</y>
      </utm>
      <geographic>
        <latitude>49.96043</latitude>
        <longitude>-97.16179</longitude>
      </geographic>
    </centre>
  </stop>
  <stop xlink:href="stops/30900">
    <key>30900</key>
    <name>Westbound Amber TL at Ambergate</name>
    <number>30900</number>
    <direction abbr="WB">Westbound</direction>
    <side abbr="FSO">Farside Opposite</side>
    <street xlink:href="streets/91">
      <key>91</key>
      <name>Amber Trail</name>
      <type abbr="Trail">Trail</type>
    </street>
    <cross-street xlink:href="streets/92">
      <key>92</key>
      <name>Ambergate Drive</name>
      <type abbr="Dr">Drive</type>
    </cross-street>
    <centre>
      <utm zone="14U">
        <x>631594</x>
        <y>5535985</y>
      </utm>
      <geographic>
        <latitude>49.96169</latitude>
        <longitude>-97.16522</longitude>
      </geographic>
    </centre>
  </stop>
  <stop xlink:href="stops/30901">
    <key>30901</key>
    <name>Westbound Amber at Brenner</name>
    <number>30901</number>
    <direction abbr="WB">Westbound</direction>
    <side abbr="NS">Nearside</side>
    <street xlink:href="streets/91">
      <key>91</key>
      <name>Amber Trail</name>
      <type abbr="Trail">Trail</type>
    </street>
    <cross-street xlink:href="streets/485">
      <key>485</key>
      <name>Brenner Bay</name>
      <type abbr="Bay">Bay</type>
    </cross-street>
    <centre>
      <utm zone="14U">
        <x>631321</x>
        <y>5536084</y>
      </utm>
      <geographic>
        <latitude>49.96264</latitude>
        <longitude>-97.16899</longitude>
      </geographic>
    </centre>
  </stop>
  <stop xlink:href="stops/30907">
    <key>30907</key>
    <name>Southbound Allan Blye at Amber</name>
    <number>30907</number>
    <direction abbr="SB">Southbound</direction>
    <side abbr="FS">Farside</side>
    <street xlink:href="streets/63">
      <key>63</key>
      <name>Allan Blye Drive</name>
      <type abbr="Dr">Drive</type>
    </street>
    <cross-street xlink:href="streets/91">
      <key>91</key>
      <name>Amber Trail</name>
      <type abbr="Trail">Trail</type>
    </cross-street>
    <centre>
      <utm zone="14U">
        <x>631173</x>
        <y>5536143</y>
      </utm>
      <geographic>
        <latitude>49.96321</latitude>
        <longitude>-97.17103</longitude>
      </geographic>
    </centre>
  </stop>
  <stop xlink:href="stops/30908">
    <key>30908</key>
    <name>Southbound Allan Blye at Leila</name>
    <number>30908</number>
    <direction abbr="SB">Southbound</direction>
    <side abbr="NS">Nearside</side>
    <street xlink:href="streets/63">
      <key>63</key>
      <name>Allan Blye Drive</name>
      <type abbr="Dr">Drive</type>
    </street>
    <cross-street xlink:href="streets/2132">
      <key>2132</key>
      <name>Leila Avenue</name>
      <type abbr="Ave">Avenue</type>
    </cross-street>
    <centre>
      <utm zone="14U">
        <x>631090</x>
        <y>5536000</y>
      </utm>
      <geographic>
        <latitude>49.96194</latitude>
        <longitude>-97.17224</longitude>
      </geographic>
    </centre>
  </stop>
  <stop xlink:href="stops/30909">
    <key>30909</key>
    <name>Southbound Manila at Cartwright</name>
    <number>30909</number>
    <direction abbr="SB">Southbound</direction>
    <side abbr="FS">Farside</side>
    <street xlink:href="streets/2289">
      <key>2289</key>
      <name>Manila Road</name>
      <type abbr="Rd">Road</type>
    </street>
    <cross-street xlink:href="streets/667">
      <key>667</key>
      <name>Cartwright Road</name>
      <type abbr="Rd">Road</type>
    </cross-street>
    <centre>
      <utm zone="14U">
        <x>631012</x>
        <y>5535824</y>
      </utm>
      <geographic>
        <latitude>49.96037</latitude>
        <longitude>-97.17338</longitude>
      </geographic>
    </centre>
  </stop>
  <stop xlink:href="stops/30942">
    <key>30942</key>
    <name>Westbound Templeton at Innsbruck</name>
    <number>30942</number>
    <direction abbr="WB">Westbound</direction>
    <side abbr="FS">Farside</side>
    <street xlink:href="streets/3584">
      <key>3584</key>
      <name>Templeton Avenue</name>
      <type abbr="Ave">Avenue</type>
    </street>
    <cross-street xlink:href="streets/4491">
      <key>4491</key>
      <name>Innsbruck Way</name>
      <type abbr="Way">Way</type>
    </cross-street>
    <centre>
      <utm zone="14U">
        <x>631642</x>
        <y>5536409</y>
      </utm>
      <geographic>
        <latitude>49.96549</latitude>
        <longitude>-97.1644</longitude>
      </geographic>
    </centre>
  </stop>
  <stop xlink:href="stops/30943">
    <key>30943</key>
    <name>Eastbound Templeton at Innsbruck</name>
    <number>30943</number>
    <direction abbr="EB">Eastbound</direction>
    <side abbr="FS">Farside</side>
    <street xlink:href="streets/3584">
      <key>3584</key>
      <name>Templeton Avenue</name>
      <type abbr="Ave">Avenue</type>
    </street>
    <cross-street xlink:href="streets/4491">
      <key>4491</key>
      <name>Innsbruck Way</name>
      <type abbr="Way">Way</type>
    </cross-street>
    <centre>
      <utm zone="14U">
        <x>631721</x>
        <y>5536359</y>
      </utm>
      <geographic>
        <latitude>49.96503</latitude>
        <longitude>-97.16332</longitude>
      </geographic>
    </centre>
  </stop>
  <stop xlink:href="stops/30944">
    <key>30944</key>
    <name>Westbound Templeton at Novara</name>
    <number>30944</number>
    <direction abbr="WB">Westbound</direction>
    <side abbr="FSO">Farside Opposite</side>
    <street xlink:href="streets/3584">
      <key>3584</key>
      <name>Templeton Avenue</name>
      <type abbr="Ave">Avenue</type>
    </street>
    <cross-street xlink:href="streets/4073">
      <key>4073</key>
      <name>Novara Drive</name>
      <type abbr="Dr">Drive</type>
    </cross-street>
    <centre>
      <utm zone="14U">
        <x>631385</x>
        <y>5536530</y>
      </utm>
      <geographic>
        <latitude>49.96664</latitude>
        <longitude>-97.16795</longitude>
      </geographic>
    </centre>
  </stop>
  <stop xlink:href="stops/30946">
    <key>30946</key>
    <name>Westbound Templeton at Barneveld</name>
    <number>30946</number>
    <direction abbr="WB">Westbound</direction>
    <side abbr="NS">Nearside</side>
    <street xlink:href="streets/3584">
      <key>3584</key>
      <name>Templeton Avenue</name>
      <type abbr="Ave">Avenue</type>
    </street>
    <cross-street xlink:href="streets/4603">
      <key>4603</key>
      <name>Barneveld Road</name>
      <type abbr="Rd">Road</type>
    </cross-street>
    <centre>
      <utm zone="14U">
        <x>631108</x>
        <y>5536657</y>
      </utm>
      <geographic>
        <latitude>49.96784</latitude>
        <longitude>-97.17176</longitude>
      </geographic>
    </centre>
  </stop>
  <stop xlink:href="stops/30948">
    <key>30948</key>
    <name>Westbound Templeton at Bitterfield</name>
    <number>30948</number>
    <direction abbr="WB">Westbound</direction>
    <side abbr="FS">Farside</side>
    <street xlink:href="streets/3584">
      <key>3584</key>
      <name>Templeton Avenue</name>
      <type abbr="Ave">Avenue</type>
    </street>
    <cross-street xlink:href="streets/4644">
      <key>4644</key>
      <name>Bitterfield Drive</name>
      <type abbr="Dr">Drive</type>
    </cross-street>
    <centre>
      <utm zone="14U">
        <x>630741</x>
        <y>5536829</y>
      </utm>
      <geographic>
        <latitude>49.96947</latitude>
        <longitude>-97.17682</longitude>
      </geographic>
    </centre>
  </stop>
  <stop xlink:href="stops/30950">
    <key>30950</key>
    <name>Southbound Strasbourg at Thorn</name>
    <number>30950</number>
    <direction abbr="SB">Southbound</direction>
    <side abbr="FS">Farside</side>
    <street xlink:href="streets/4230">
      <key>4230</key>
      <name>Strasbourg Drive</name>
      <type abbr="Dr">Drive</type>
    </street>
    <cross-street xlink:href="streets/4212">
      <key>4212</key>
      <name>Thorn Drive</name>
      <type abbr="Dr">Drive</type>
    </cross-street>
    <centre>
      <utm zone="14U">
        <x>630593</x>
        <y>5536603</y>
      </utm>
      <geographic>
        <latitude>49.96747</latitude>
        <longitude>-97.17896</longitude>
      </geographic>
    </centre>
  </stop>
  <stop xlink:href="stops/30952">
    <key>30952</key>
    <name>Southbound Strasbourg at Morava</name>
    <number>30952</number>
    <direction abbr="SB">Southbound</direction>
    <side abbr="FS">Farside</side>
    <street xlink:href="streets/4230">
      <key>4230</key>
      <name>Strasbourg Drive</name>
      <type abbr="Dr">Drive</type>
    </street>
    <cross-street xlink:href="streets/4334">
      <key>4334</key>
      <name>Morava Way</name>
      <type abbr="Way">Way</type>
    </cross-street>
    <centre>
      <utm zone="14U">
        <x>630596</x>
        <y>5536408</y>
      </utm>
      <geographic>
        <latitude>49.96571</latitude>
        <longitude>-97.17898</longitude>
      </geographic>
    </centre>
  </stop>
  <stop xlink:href="stops/30955">
    <key>30955</key>
    <name>Southbound Strasbourg at Leila</name>
    <number>30955</number>
    <direction abbr="SB">Southbound</direction>
    <side abbr="NS">Nearside</side>
    <street xlink:href="streets/4230">
      <key>4230</key>
      <name>Strasbourg Drive</name>
      <type abbr="Dr">Drive</type>
    </street>
    <cross-street xlink:href="streets/2132">
      <key>2132</key>
      <name>Leila Avenue</name>
      <type abbr="Ave">Avenue</type>
    </cross-street>
    <centre>
      <utm zone="14U">
        <x>630518</x>
        <y>5536235</y>
      </utm>
      <geographic>
        <latitude>49.96418</latitude>
        <longitude>-97.18013</longitude>
      </geographic>
    </centre>
  </stop>
  <stop xlink:href="stops/30968">
    <key>30968</key>
    <name>Southbound Mandalay at Olford</name>
    <number>30968</number>
    <direction abbr="SB">Southbound</direction>
    <side abbr="NS">Nearside</side>
    <street xlink:href="streets/2283">
      <key>2283</key>
      <name>Mandalay Drive</name>
      <type abbr="Dr">Drive</type>
    </street>
    <cross-street xlink:href="streets/2696">
      <key>2696</key>
      <name>Olford Crescent</name>
      <type abbr="Cres">Crescent</type>
    </cross-street>
    <centre>
      <utm zone="14U">
        <x>630418</x>
        <y>5536064</y>
      </utm>
      <geographic>
        <latitude>49.96266</latitude>
        <longitude>-97.18158</longitude>
      </geographic>
    </centre>
  </stop>
  <stop xlink:href="stops/30969">
    <key>30969</key>
    <name>Southbound Manila at Jefferson</name>
    <number>30969</number>
    <direction abbr="SB">Southbound</direction>
    <side abbr="NS">Nearside</side>
    <street xlink:href="streets/2289">
      <key>2289</key>
      <name>Manila Road</name>
      <type abbr="Rd">Road</type>
    </street>
    <cross-street xlink:href="streets/1874">
      <key>1874</key>
      <name>Jefferson Avenue</name>
      <type abbr="Ave">Avenue</type>
    </cross-street>
    <centre>
      <utm zone="14U">
        <x>630926</x>
        <y>5535647</y>
      </utm>
      <geographic>
        <latitude>49.9588</latitude>
        <longitude>-97.17464</longitude>
      </geographic>
    </centre>
  </stop>
  <stop xlink:href="stops/30979">
    <key>30979</key>
    <name>Southbound Pipeline at Templeton</name>
    <number>30979</number>
    <direction abbr="SB">Southbound</direction>
    <side abbr="FS">Farside</side>
    <street xlink:href="streets/2873">
      <key>2873</key>
      <name>Pipeline Road</name>
      <type abbr="Rd">Road</type>
    </street>
    <cross-street xlink:href="streets/3584">
      <key>3584</key>
      <name>Templeton Avenue</name>
      <type abbr="Ave">Avenue</type>
    </cross-street>
    <centre>
      <utm zone="14U">
        <x>631885</x>
        <y>5536242</y>
      </utm>
      <geographic>
        <latitude>49.96394</latitude>
        <longitude>-97.16108</longitude>
      </geographic>
    </centre>
  </stop>
</stops>
