<?xml version="1.0" encoding="UTF-8"?>
<stops xmlns:utm="http://winnipegtransit.com/coordinates/utm" xmlns:ang="http://winnipegtransit.com/coordinates/angular" xmlns:xlink="http://www.w3.org/1999/xlink" xlink:base="" query-time="2024-07-11T14:48:39">
  <stop xlink:href="stops/10068">
    <key>10068</key>
    <name>Southbound Pembina at Osborne Junction</name>
    <number>10068</number>
    <direction abbr="SB">Southbound</direction>
    <side abbr="NS">Nearside</side>
    <street xlink:href="streets/2818">
      <key>2818</key>
      <name>Pembina Highway</name>
      <type abbr="Hwy">Highway</type>
    </street>
    <cross-street xlink:href="streets/882">
      <key>882</key>
      <name>Corydon Avenue</name>
      <type abbr="Ave">Avenue</type>
    </cross-street>
    <centre>
      <utm zone="14U">
        <x>633442</x>
        <y>5526340</y>
      </utm>
      <geographic>
        <latitude>49.87458</latitude>
        <longitude>-97.1428</longitude>
      </geographic>
    </centre>
  </stop>
  <stop xlink:href="stops/10070">
    <key>10070</key>
    <name>Southbound Pembina at Warsaw</name>
    <number>10070</number>
    <direction abbr="SB">Southbound</direction>
    <side abbr="FS">Farside</side>
    <street xlink:href="streets/2818">
      <key>2818</key>
      <name>Pembina Highway</name>
      <type abbr="Hwy">Highway</type>
    </street>
    <cross-street xlink:href="streets/3786">
      <key>3786</key>
      <name>Warsaw Avenue</name>
      <type abbr="Ave">Avenue</type>
    </cross-street>
    <centre>
      <utm zone="14U">
        <x>633364</x>
        <y>5526038</y>
      </utm>
      <geographic>
        <latitude>49.87188</latitude>
        <longitude>-97.14399</longitude>
      </geographic>
    </centre>
  </stop>
  <stop xlink:href="stops/10072">
    <key>10072</key>
    <name>Southbound Pembina at Fleet</name>
    <number>10072</number>
    <direction abbr="SB">Southbound</direction>
    <side abbr="FS">Farside</side>
    <street xlink:href="streets/2818">
      <key>2818</key>
      <name>Pembina Highway</name>
      <type abbr="Hwy">Highway</type>
    </street>
    <cross-street xlink:href="streets/1337">
      <key>1337</key>
      <name>Fleet Avenue</name>
      <type abbr="Ave">Avenue</type>
    </cross-street>
    <centre>
      <utm zone="14U">
        <x>633286</x>
        <y>5525783</y>
      </utm>
      <geographic>
        <latitude>49.86961</latitude>
        <longitude>-97.14516</longitude>
      </geographic>
    </centre>
  </stop>
  <stop xlink:href="stops/10075">
    <key>10075</key>
    <name>Southbound Pembina at Scotland</name>
    <number>10075</number>
    <direction abbr="SB">Southbound</direction>
    <side abbr="FS">Farside</side>
    <street xlink:href="streets/2818">
      <key>2818</key>
      <name>Pembina Highway</name>
      <type abbr="Hwy">Highway</type>
    </street>
    <cross-street xlink:href="streets/3241">
      <key>3241</key>
      <name>Scotland Avenue</name>
      <type abbr="Ave">Avenue</type>
    </cross-street>
    <centre>
      <utm zone="14U">
        <x>633152</x>
        <y>5525352</y>
      </utm>
      <geographic>
        <latitude>49.86576</latitude>
        <longitude>-97.14718</longitude>
      </geographic>
    </centre>
  </stop>
  <stop xlink:href="stops/10078">
    <key>10078</key>
    <name>Southbound Pembina at Grant</name>
    <number>10078</number>
    <direction abbr="SB">Southbound</direction>
    <side abbr="NS">Nearside</side>
    <street xlink:href="streets/2818">
      <key>2818</key>
      <name>Pembina Highway</name>
      <type abbr="Hwy">Highway</type>
    </street>
    <cross-street xlink:href="streets/3807">
      <key>3807</key>
      <name>Weatherdon Avenue</name>
      <type abbr="Ave">Avenue</type>
    </cross-street>
    <centre>
      <utm zone="14U">
        <x>633112</x>
        <y>5525182</y>
      </utm>
      <geographic>
        <latitude>49.86424</latitude>
        <longitude>-97.14779</longitude>
      </geographic>
    </centre>
  </stop>
  <stop xlink:href="stops/10079">
    <key>10079</key>
    <name>Southbound Pembina at Arbuthnot</name>
    <number>10079</number>
    <direction abbr="SB">Southbound</direction>
    <side abbr="NS">Nearside</side>
    <street xlink:href="streets/2818">
      <key>2818</key>
      <name>Pembina Highway</name>
      <type abbr="Hwy">Highway</type>
    </street>
    <cross-street xlink:href="streets/126">
      <key>126</key>
      <name>Arbuthnot Street</name>
      <type abbr="St">Street</type>
    </cross-street>
    <centre>
      <utm zone="14U">
        <x>633042</x>
        <y>5524995</y>
      </utm>
      <geographic>
        <latitude>49.86258</latitude>
        <longitude>-97.14883</longitude>
      </geographic>
    </centre>
  </stop>
  <stop xlink:href="stops/10081">
    <key>10081</key>
    <name>Southbound Pembina at Ebby</name>
    <number>10081</number>
    <direction abbr="SB">Southbound</direction>
    <side abbr="NS">Nearside</side>
    <street xlink:href="streets/2818">
      <key>2818</key>
      <name>Pembina Highway</name>
      <type abbr="Hwy">Highway</type>
    </street>
    <cross-street xlink:href="streets/1185">
      <key>1185</key>
      <name>Ebby Avenue</name>
      <type abbr="Ave">Avenue</type>
    </cross-street>
    <centre>
      <utm zone="14U">
        <x>632968</x>
        <y>5524806</y>
      </utm>
      <geographic>
        <latitude>49.8609</latitude>
        <longitude>-97.14992</longitude>
      </geographic>
    </centre>
  </stop>
  <stop xlink:href="stops/10086">
    <key>10086</key>
    <name>Southbound Pembina at Stafford</name>
    <number>10086</number>
    <direction abbr="SB">Southbound</direction>
    <side abbr="NS">Nearside</side>
    <street xlink:href="streets/2818">
      <key>2818</key>
      <name>Pembina Highway</name>
      <type abbr="Hwy">Highway</type>
    </street>
    <cross-street xlink:href="streets/3465">
      <key>3465</key>
      <name>Stafford Street</name>
      <type abbr="St">Street</type>
    </cross-street>
    <centre>
      <utm zone="14U">
        <x>632810</x>
        <y>5524358</y>
      </utm>
      <geographic>
        <latitude>49.8569</latitude>
        <longitude>-97.15227</longitude>
      </geographic>
    </centre>
  </stop>
  <stop xlink:href="stops/10172">
    <key>10172</key>
    <name>Southbound Osborne at River</name>
    <number>10172</number>
    <direction abbr="SB">Southbound</direction>
    <side abbr="NS">Nearside</side>
    <street xlink:href="streets/2715">
      <key>2715</key>
      <name>Osborne Street</name>
      <type abbr="St">Street</type>
    </street>
    <cross-street xlink:href="streets/3057">
      <key>3057</key>
      <name>River Avenue</name>
      <type abbr="Ave">Avenue</type>
    </cross-street>
    <centre>
      <utm zone="14U">
        <x>633161</x>
        <y>5526845</y>
      </utm>
      <geographic>
        <latitude>49.87918</latitude>
        <longitude>-97.14654</longitude>
      </geographic>
    </centre>
  </stop>
  <stop xlink:href="stops/10185">
    <key>10185</key>
    <name>Southbound Osborne at Wardlaw</name>
    <number>10185</number>
    <direction abbr="SB">Southbound</direction>
    <side abbr="NS">Nearside</side>
    <street xlink:href="streets/2715">
      <key>2715</key>
      <name>Osborne Street</name>
      <type abbr="St">Street</type>
    </street>
    <cross-street xlink:href="streets/3781">
      <key>3781</key>
      <name>Wardlaw Avenue</name>
      <type abbr="Ave">Avenue</type>
    </cross-street>
    <centre>
      <utm zone="14U">
        <x>633339</x>
        <y>5526606</y>
      </utm>
      <geographic>
        <latitude>49.87699</latitude>
        <longitude>-97.14414</longitude>
      </geographic>
    </centre>
  </stop>
  <stop xlink:href="stops/10598">
    <key>10598</key>
    <name>Southbound Osborne at York</name>
    <number>10598</number>
    <direction abbr="SB">Southbound</direction>
    <side abbr="NS">Nearside</side>
    <street xlink:href="streets/2716">
      <key>2716</key>
      <name>Osborne Street</name>
      <type abbr="St">Street</type>
      <leg abbr="N">North</leg>
    </street>
    <cross-street xlink:href="streets/4014">
      <key>4014</key>
      <name>York Avenue</name>
      <type abbr="Ave">Avenue</type>
    </cross-street>
    <centre>
      <utm zone="14U">
        <x>632886</x>
        <y>5527814</y>
      </utm>
      <geographic>
        <latitude>49.88795</latitude>
        <longitude>-97.15003</longitude>
      </geographic>
    </centre>
  </stop>
  <stop xlink:href="stops/10599">
    <key>10599</key>
    <name>Southbound Osborne at Broadway (Legislature)</name>
    <number>10599</number>
    <direction abbr="SB">Southbound</direction>
    <side abbr="NS">Nearside</side>
    <street xlink:href="streets/2716">
      <key>2716</key>
      <name>Osborne Street</name>
      <type abbr="St">Street</type>
      <leg abbr="N">North</leg>
    </street>
    <cross-street xlink:href="streets/519">
      <key>519</key>
      <name>Broadway</name>
    </cross-street>
    <centre>
      <utm zone="14U">
        <x>632895</x>
        <y>5527558</y>
      </utm>
      <geographic>
        <latitude>49.88565</latitude>
        <longitude>-97.14999</longitude>
      </geographic>
    </centre>
  </stop>
  <stop xlink:href="stops/10600">
    <key>10600</key>
    <name>Southbound Osborne at Granite</name>
    <number>10600</number>
    <direction abbr="SB">Southbound</direction>
    <side abbr="NS">Nearside</side>
    <street xlink:href="streets/2716">
      <key>2716</key>
      <name>Osborne Street</name>
      <type abbr="St">Street</type>
      <leg abbr="N">North</leg>
    </street>
    <cross-street xlink:href="streets/4653">
      <key>4653</key>
      <name>Granite Way</name>
      <type abbr="Way">Way</type>
    </cross-street>
    <centre>
      <utm zone="14U">
        <x>632983</x>
        <y>5527301</y>
      </utm>
      <geographic>
        <latitude>49.88332</latitude>
        <longitude>-97.14886</longitude>
      </geographic>
    </centre>
  </stop>
  <stop xlink:href="stops/10614">
    <key>10614</key>
    <name>Westbound Graham at Donald (Canada Life Centre)</name>
    <number>10614</number>
    <direction abbr="WB">Westbound</direction>
    <side abbr="NS">Nearside</side>
    <street xlink:href="streets/1533">
      <key>1533</key>
      <name>Graham Avenue</name>
      <type abbr="Ave">Avenue</type>
    </street>
    <cross-street xlink:href="streets/1070">
      <key>1070</key>
      <name>Donald Street</name>
      <type abbr="St">Street</type>
    </cross-street>
    <centre>
      <utm zone="14U">
        <x>633417</x>
        <y>5528300</y>
      </utm>
      <geographic>
        <latitude>49.8922</latitude>
        <longitude>-97.14247</longitude>
      </geographic>
    </centre>
  </stop>
  <stop xlink:href="stops/10617">
    <key>10617</key>
    <name>Westbound Graham at Edmonton (RWB)</name>
    <number>10617</number>
    <direction abbr="WB">Westbound</direction>
    <side abbr="NS">Nearside</side>
    <street xlink:href="streets/1533">
      <key>1533</key>
      <name>Graham Avenue</name>
      <type abbr="Ave">Avenue</type>
    </street>
    <cross-street xlink:href="streets/1201">
      <key>1201</key>
      <name>Edmonton Street</name>
      <type abbr="St">Street</type>
    </cross-street>
    <centre>
      <utm zone="14U">
        <x>633134</x>
        <y>5528193</y>
      </utm>
      <geographic>
        <latitude>49.89131</latitude>
        <longitude>-97.14645</longitude>
      </geographic>
    </centre>
  </stop>
  <stop xlink:href="stops/10619">
    <key>10619</key>
    <name>Westbound Graham at Vaughan (The Bay)</name>
    <number>10619</number>
    <direction abbr="WB">Westbound</direction>
    <side abbr="NS">Nearside</side>
    <street xlink:href="streets/1533">
      <key>1533</key>
      <name>Graham Avenue</name>
      <type abbr="Ave">Avenue</type>
    </street>
    <cross-street xlink:href="streets/3716">
      <key>3716</key>
      <name>Vaughan Street</name>
      <type abbr="St">Street</type>
    </cross-street>
    <centre>
      <utm zone="14U">
        <x>632952</x>
        <y>5528122</y>
      </utm>
      <geographic>
        <latitude>49.89071</latitude>
        <longitude>-97.149</longitude>
      </geographic>
    </centre>
  </stop>
  <stop xlink:href="stops/10648">
    <key>10648</key>
    <name>Southbound Garry at Portage North</name>
    <number>10648</number>
    <direction abbr="SB">Southbound</direction>
    <side abbr="NS">Nearside</side>
    <street xlink:href="streets/1437">
      <key>1437</key>
      <name>Garry Street</name>
      <type abbr="St">Street</type>
    </street>
    <cross-street xlink:href="streets/2903">
      <key>2903</key>
      <name>Portage Avenue</name>
      <type abbr="Ave">Avenue</type>
    </cross-street>
    <centre>
      <utm zone="14U">
        <x>633494</x>
        <y>5528589</y>
      </utm>
      <geographic>
        <latitude>49.89479</latitude>
        <longitude>-97.1413</longitude>
      </geographic>
    </centre>
  </stop>
  <stop xlink:href="stops/10649">
    <key>10649</key>
    <name>Southbound Garry at Portage South</name>
    <number>10649</number>
    <direction abbr="SB">Southbound</direction>
    <side abbr="FS">Farside</side>
    <street xlink:href="streets/1437">
      <key>1437</key>
      <name>Garry Street</name>
      <type abbr="St">Street</type>
    </street>
    <cross-street xlink:href="streets/2903">
      <key>2903</key>
      <name>Portage Avenue</name>
      <type abbr="Ave">Avenue</type>
    </cross-street>
    <centre>
      <utm zone="14U">
        <x>633524</x>
        <y>5528509</y>
      </utm>
      <geographic>
        <latitude>49.89406</latitude>
        <longitude>-97.14091</longitude>
      </geographic>
    </centre>
  </stop>
  <stop xlink:href="stops/10650">
    <key>10650</key>
    <name>Southbound Garry at Graham</name>
    <number>10650</number>
    <direction abbr="SB">Southbound</direction>
    <side abbr="NS">Nearside</side>
    <street xlink:href="streets/1437">
      <key>1437</key>
      <name>Garry Street</name>
      <type abbr="St">Street</type>
    </street>
    <cross-street xlink:href="streets/1533">
      <key>1533</key>
      <name>Graham Avenue</name>
      <type abbr="Ave">Avenue</type>
    </cross-street>
    <centre>
      <utm zone="14U">
        <x>633577</x>
        <y>5528372</y>
      </utm>
      <geographic>
        <latitude>49.89282</latitude>
        <longitude>-97.14022</longitude>
      </geographic>
    </centre>
  </stop>
  <stop xlink:href="stops/10808">
    <key>10808</key>
    <name>Southbound Pembina at Taylor</name>
    <number>10808</number>
    <direction abbr="SB">Southbound</direction>
    <side abbr="NS">Nearside</side>
    <street xlink:href="streets/2818">
      <key>2818</key>
      <name>Pembina Highway</name>
      <type abbr="Hwy">Highway</type>
    </street>
    <cross-street xlink:href="streets/3827">
      <key>3827</key>
      <name>Wentworth Street</name>
      <type abbr="St">Street</type>
    </cross-street>
    <centre>
      <utm zone="14U">
        <x>632888</x>
        <y>5524579</y>
      </utm>
      <geographic>
        <latitude>49.85887</latitude>
        <longitude>-97.15111</longitude>
      </geographic>
    </centre>
  </stop>
  <stop xlink:href="stops/10840">
    <key>10840</key>
    <name>Southbound Vaughan at St. Mary</name>
    <number>10840</number>
    <direction abbr="SB">Southbound</direction>
    <side abbr="NS">Nearside</side>
    <street xlink:href="streets/3716">
      <key>3716</key>
      <name>Vaughan Street</name>
      <type abbr="St">Street</type>
    </street>
    <cross-street xlink:href="streets/3452">
      <key>3452</key>
      <name>St Mary Avenue</name>
      <type abbr="Ave">Avenue</type>
    </cross-street>
    <centre>
      <utm zone="14U">
        <x>632987</x>
        <y>5527963</y>
      </utm>
      <geographic>
        <latitude>49.88927</latitude>
        <longitude>-97.14857</longitude>
      </geographic>
    </centre>
  </stop>
  <stop xlink:href="stops/60096">
    <key>60096</key>
    <name>Eastbound Chancellor Matheson at Pembina</name>
    <number>60096</number>
    <direction abbr="EB">Eastbound</direction>
    <side abbr="FS">Farside</side>
    <street xlink:href="streets/715">
      <key>715</key>
      <name>Chancellor Matheson Road</name>
      <type abbr="Rd">Road</type>
    </street>
    <cross-street xlink:href="streets/2818">
      <key>2818</key>
      <name>Pembina Highway</name>
      <type abbr="Hwy">Highway</type>
    </cross-street>
    <centre>
      <utm zone="14U">
        <x>632729</x>
        <y>5518224</y>
      </utm>
      <geographic>
        <latitude>49.80178</latitude>
        <longitude>-97.1555</longitude>
      </geographic>
    </centre>
  </stop>
  <stop xlink:href="stops/60115">
    <key>60115</key>
    <name>Southbound Pembina at Bison North</name>
    <number>60115</number>
    <direction abbr="SB">Southbound</direction>
    <side abbr="NS">Nearside</side>
    <street xlink:href="streets/2818">
      <key>2818</key>
      <name>Pembina Highway</name>
      <type abbr="Hwy">Highway</type>
    </street>
    <cross-street xlink:href="streets/381">
      <key>381</key>
      <name>Bison Drive</name>
      <type abbr="Dr">Drive</type>
    </cross-street>
    <centre>
      <utm zone="14U">
        <x>632621</x>
        <y>5518385</y>
      </utm>
      <geographic>
        <latitude>49.80325</latitude>
        <longitude>-97.15694</longitude>
      </geographic>
    </centre>
  </stop>
  <stop xlink:href="stops/60118">
    <key>60118</key>
    <name>Southbound Pembina at Dartmouth (Victoria Hospital)</name>
    <number>60118</number>
    <direction abbr="SB">Southbound</direction>
    <side abbr="DO">Direct Opposite</side>
    <street xlink:href="streets/2818">
      <key>2818</key>
      <name>Pembina Highway</name>
      <type abbr="Hwy">Highway</type>
    </street>
    <cross-street xlink:href="streets/974">
      <key>974</key>
      <name>Dartmouth Drive</name>
      <type abbr="Dr">Drive</type>
    </cross-street>
    <centre>
      <utm zone="14U">
        <x>632734</x>
        <y>5518755</y>
      </utm>
      <geographic>
        <latitude>49.80655</latitude>
        <longitude>-97.15525</longitude>
      </geographic>
    </centre>
  </stop>
  <stop xlink:href="stops/60123">
    <key>60123</key>
    <name>Southbound Pembina at Markham</name>
    <number>60123</number>
    <direction abbr="SB">Southbound</direction>
    <side abbr="NS">Nearside</side>
    <street xlink:href="streets/2818">
      <key>2818</key>
      <name>Pembina Highway</name>
      <type abbr="Hwy">Highway</type>
    </street>
    <cross-street xlink:href="streets/2335">
      <key>2335</key>
      <name>Markham Road</name>
      <type abbr="Rd">Road</type>
    </cross-street>
    <centre>
      <utm zone="14U">
        <x>632831</x>
        <y>5519072</y>
      </utm>
      <geographic>
        <latitude>49.80938</latitude>
        <longitude>-97.15379</longitude>
      </geographic>
    </centre>
  </stop>
  <stop xlink:href="stops/60125">
    <key>60125</key>
    <name>Southbound Pembina at Southpark South</name>
    <number>60125</number>
    <direction abbr="SB">Southbound</direction>
    <side abbr="FS">Farside</side>
    <street xlink:href="streets/2818">
      <key>2818</key>
      <name>Pembina Highway</name>
      <type abbr="Hwy">Highway</type>
    </street>
    <cross-street xlink:href="streets/3402">
      <key>3402</key>
      <name>Southpark Drive</name>
      <type abbr="Dr">Drive</type>
    </cross-street>
    <centre>
      <utm zone="14U">
        <x>632868</x>
        <y>5519190</y>
      </utm>
      <geographic>
        <latitude>49.81043</latitude>
        <longitude>-97.15324</longitude>
      </geographic>
    </centre>
  </stop>
  <stop xlink:href="stops/60128">
    <key>60128</key>
    <name>Southbound Pembina at Southpark (Park &amp; Ride)</name>
    <number>60128</number>
    <direction abbr="SB">Southbound</direction>
    <side abbr="NS">Nearside</side>
    <street xlink:href="streets/2818">
      <key>2818</key>
      <name>Pembina Highway</name>
      <type abbr="Hwy">Highway</type>
    </street>
    <cross-street xlink:href="streets/3402">
      <key>3402</key>
      <name>Southpark Drive</name>
      <type abbr="Dr">Drive</type>
    </cross-street>
    <centre>
      <utm zone="14U">
        <x>632909</x>
        <y>5519361</y>
      </utm>
      <geographic>
        <latitude>49.81196</latitude>
        <longitude>-97.15261</longitude>
      </geographic>
    </centre>
  </stop>
  <stop xlink:href="stops/60130">
    <key>60130</key>
    <name>Southbound Pembina at Thatcher</name>
    <number>60130</number>
    <direction abbr="SB">Southbound</direction>
    <side abbr="NSO">Nearside Opposite</side>
    <street xlink:href="streets/2818">
      <key>2818</key>
      <name>Pembina Highway</name>
      <type abbr="Hwy">Highway</type>
    </street>
    <cross-street xlink:href="streets/3589">
      <key>3589</key>
      <name>Thatcher Drive</name>
      <type abbr="Dr">Drive</type>
    </cross-street>
    <centre>
      <utm zone="14U">
        <x>632929</x>
        <y>5519544</y>
      </utm>
      <geographic>
        <latitude>49.8136</latitude>
        <longitude>-97.15227</longitude>
      </geographic>
    </centre>
  </stop>
  <stop xlink:href="stops/60131">
    <key>60131</key>
    <name>Southbound Pembina at Chancellor</name>
    <number>60131</number>
    <direction abbr="SB">Southbound</direction>
    <side abbr="FS">Farside</side>
    <street xlink:href="streets/2818">
      <key>2818</key>
      <name>Pembina Highway</name>
      <type abbr="Hwy">Highway</type>
    </street>
    <cross-street xlink:href="streets/714">
      <key>714</key>
      <name>Chancellor Drive</name>
      <type abbr="Dr">Drive</type>
    </cross-street>
    <centre>
      <utm zone="14U">
        <x>632949</x>
        <y>5519722</y>
      </utm>
      <geographic>
        <latitude>49.8152</latitude>
        <longitude>-97.15193</longitude>
      </geographic>
    </centre>
  </stop>
  <stop xlink:href="stops/60138">
    <key>60138</key>
    <name>Southbound Pembina at University Crescent</name>
    <number>60138</number>
    <direction abbr="SB">Southbound</direction>
    <side abbr="FSO">Farside Opposite</side>
    <street xlink:href="streets/2818">
      <key>2818</key>
      <name>Pembina Highway</name>
      <type abbr="Hwy">Highway</type>
    </street>
    <cross-street xlink:href="streets/3689">
      <key>3689</key>
      <name>University Crescent</name>
      <type abbr="Cres">Crescent</type>
    </cross-street>
    <centre>
      <utm zone="14U">
        <x>632897</x>
        <y>5520021</y>
      </utm>
      <geographic>
        <latitude>49.8179</latitude>
        <longitude>-97.15255</longitude>
      </geographic>
    </centre>
  </stop>
  <stop xlink:href="stops/60144">
    <key>60144</key>
    <name>Southbound Pembina at Plaza</name>
    <number>60144</number>
    <direction abbr="SB">Southbound</direction>
    <side abbr="FSO">Farside Opposite</side>
    <street xlink:href="streets/2818">
      <key>2818</key>
      <name>Pembina Highway</name>
      <type abbr="Hwy">Highway</type>
    </street>
    <cross-street xlink:href="streets/2882">
      <key>2882</key>
      <name>Plaza Drive</name>
      <type abbr="Dr">Drive</type>
    </cross-street>
    <centre>
      <utm zone="14U">
        <x>632854</x>
        <y>5520491</y>
      </utm>
      <geographic>
        <latitude>49.82213</latitude>
        <longitude>-97.15299</longitude>
      </geographic>
    </centre>
  </stop>
  <stop xlink:href="stops/60148">
    <key>60148</key>
    <name>Southbound Pembina at Adamar</name>
    <number>60148</number>
    <direction abbr="SB">Southbound</direction>
    <side abbr="FSO">Farside Opposite</side>
    <street xlink:href="streets/2818">
      <key>2818</key>
      <name>Pembina Highway</name>
      <type abbr="Hwy">Highway</type>
    </street>
    <cross-street xlink:href="streets/13">
      <key>13</key>
      <name>Adamar Road</name>
      <type abbr="Rd">Road</type>
    </cross-street>
    <centre>
      <utm zone="14U">
        <x>632842</x>
        <y>5520735</y>
      </utm>
      <geographic>
        <latitude>49.82433</latitude>
        <longitude>-97.15307</longitude>
      </geographic>
    </centre>
  </stop>
  <stop xlink:href="stops/60150">
    <key>60150</key>
    <name>Southbound Pembina at Adamar North</name>
    <number>60150</number>
    <direction abbr="SB">Southbound</direction>
    <side abbr="NSO">Nearside Opposite</side>
    <street xlink:href="streets/2818">
      <key>2818</key>
      <name>Pembina Highway</name>
      <type abbr="Hwy">Highway</type>
    </street>
    <cross-street xlink:href="streets/13">
      <key>13</key>
      <name>Adamar Road</name>
      <type abbr="Rd">Road</type>
    </cross-street>
    <centre>
      <utm zone="14U">
        <x>632856</x>
        <y>5520865</y>
      </utm>
      <geographic>
        <latitude>49.82549</latitude>
        <longitude>-97.15283</longitude>
      </geographic>
    </centre>
  </stop>
  <stop xlink:href="stops/60151">
    <key>60151</key>
    <name>Southbound Pembina at Manahan South</name>
    <number>60151</number>
    <direction abbr="SB">Southbound</direction>
    <side abbr="NSO">Nearside Opposite</side>
    <street xlink:href="streets/2818">
      <key>2818</key>
      <name>Pembina Highway</name>
      <type abbr="Hwy">Highway</type>
    </street>
    <cross-street xlink:href="streets/13">
      <key>13</key>
      <name>Adamar Road</name>
      <type abbr="Rd">Road</type>
    </cross-street>
    <centre>
      <utm zone="14U">
        <x>632876</x>
        <y>5521064</y>
      </utm>
      <geographic>
        <latitude>49.82728</latitude>
        <longitude>-97.15248</longitude>
      </geographic>
    </centre>
  </stop>
  <stop xlink:href="stops/60154">
    <key>60154</key>
    <name>Southbound Pembina at Manahan</name>
    <number>60154</number>
    <direction abbr="SB">Southbound</direction>
    <side abbr="FS">Farside</side>
    <street xlink:href="streets/2818">
      <key>2818</key>
      <name>Pembina Highway</name>
      <type abbr="Hwy">Highway</type>
    </street>
    <cross-street xlink:href="streets/2278">
      <key>2278</key>
      <name>Manahan Avenue</name>
      <type abbr="Ave">Avenue</type>
    </cross-street>
    <centre>
      <utm zone="14U">
        <x>632895</x>
        <y>5521234</y>
      </utm>
      <geographic>
        <latitude>49.8288</latitude>
        <longitude>-97.15216</longitude>
      </geographic>
    </centre>
  </stop>
  <stop xlink:href="stops/60155">
    <key>60155</key>
    <name>Southbound Pembina at Chevrier</name>
    <number>60155</number>
    <direction abbr="SB">Southbound</direction>
    <side abbr="NS">Nearside</side>
    <street xlink:href="streets/2818">
      <key>2818</key>
      <name>Pembina Highway</name>
      <type abbr="Hwy">Highway</type>
    </street>
    <cross-street xlink:href="streets/756">
      <key>756</key>
      <name>Chevrier Boulevard</name>
      <type abbr="Blvd">Boulevard</type>
    </cross-street>
    <centre>
      <utm zone="14U">
        <x>632969</x>
        <y>5521654</y>
      </utm>
      <geographic>
        <latitude>49.83256</latitude>
        <longitude>-97.15099</longitude>
      </geographic>
    </centre>
  </stop>
  <stop xlink:href="stops/60239">
    <key>60239</key>
    <name>Southbound Pembina at Clarence</name>
    <number>60239</number>
    <direction abbr="SB">Southbound</direction>
    <side abbr="NS">Nearside</side>
    <street xlink:href="streets/2818">
      <key>2818</key>
      <name>Pembina Highway</name>
      <type abbr="Hwy">Highway</type>
    </street>
    <cross-street xlink:href="streets/783">
      <key>783</key>
      <name>Clarence Avenue</name>
      <type abbr="Ave">Avenue</type>
    </cross-street>
    <centre>
      <utm zone="14U">
        <x>632953</x>
        <y>5522112</y>
      </utm>
      <geographic>
        <latitude>49.83668</latitude>
        <longitude>-97.15105</longitude>
      </geographic>
    </centre>
  </stop>
  <stop xlink:href="stops/60243">
    <key>60243</key>
    <name>Southbound Pembina at Waller</name>
    <number>60243</number>
    <direction abbr="SB">Southbound</direction>
    <side abbr="FS">Farside</side>
    <street xlink:href="streets/2818">
      <key>2818</key>
      <name>Pembina Highway</name>
      <type abbr="Hwy">Highway</type>
    </street>
    <cross-street xlink:href="streets/3772">
      <key>3772</key>
      <name>Waller Avenue</name>
      <type abbr="Ave">Avenue</type>
    </cross-street>
    <centre>
      <utm zone="14U">
        <x>632870</x>
        <y>5522402</y>
      </utm>
      <geographic>
        <latitude>49.83931</latitude>
        <longitude>-97.15211</longitude>
      </geographic>
    </centre>
  </stop>
  <stop xlink:href="stops/60246">
    <key>60246</key>
    <name>Southbound Pembina at McGillivray</name>
    <number>60246</number>
    <direction abbr="SB">Southbound</direction>
    <side abbr="FS">Farside</side>
    <street xlink:href="streets/2818">
      <key>2818</key>
      <name>Pembina Highway</name>
      <type abbr="Hwy">Highway</type>
    </street>
    <cross-street xlink:href="streets/2410">
      <key>2410</key>
      <name>McGillivray Boulevard</name>
      <type abbr="Blvd">Boulevard</type>
    </cross-street>
    <centre>
      <utm zone="14U">
        <x>632785</x>
        <y>5522559</y>
      </utm>
      <geographic>
        <latitude>49.84074</latitude>
        <longitude>-97.15324</longitude>
      </geographic>
    </centre>
  </stop>
  <stop xlink:href="stops/60248">
    <key>60248</key>
    <name>Southbound Pembina at Southwood</name>
    <number>60248</number>
    <direction abbr="SB">Southbound</direction>
    <side abbr="FS">Farside</side>
    <street xlink:href="streets/2818">
      <key>2818</key>
      <name>Pembina Highway</name>
      <type abbr="Hwy">Highway</type>
    </street>
    <cross-street xlink:href="streets/3407">
      <key>3407</key>
      <name>Southwood Avenue</name>
      <type abbr="Ave">Avenue</type>
    </cross-street>
    <centre>
      <utm zone="14U">
        <x>632755</x>
        <y>5522805</y>
      </utm>
      <geographic>
        <latitude>49.84295</latitude>
        <longitude>-97.15357</longitude>
      </geographic>
    </centre>
  </stop>
  <stop xlink:href="stops/60249">
    <key>60249</key>
    <name>Southbound Pembina at North Drive</name>
    <number>60249</number>
    <direction abbr="SB">Southbound</direction>
    <side abbr="NSO">Nearside Opposite</side>
    <street xlink:href="streets/2818">
      <key>2818</key>
      <name>Pembina Highway</name>
      <type abbr="Hwy">Highway</type>
    </street>
    <cross-street xlink:href="streets/2650">
      <key>2650</key>
      <name>North Drive</name>
      <type abbr="Dr">Drive</type>
    </cross-street>
    <centre>
      <utm zone="14U">
        <x>632763</x>
        <y>5523106</y>
      </utm>
      <geographic>
        <latitude>49.84566</latitude>
        <longitude>-97.15335</longitude>
      </geographic>
    </centre>
  </stop>
  <stop xlink:href="stops/60251">
    <key>60251</key>
    <name>Southbound Pembina at Windermere</name>
    <number>60251</number>
    <direction abbr="SB">Southbound</direction>
    <side abbr="FS">Farside</side>
    <street xlink:href="streets/2818">
      <key>2818</key>
      <name>Pembina Highway</name>
      <type abbr="Hwy">Highway</type>
    </street>
    <cross-street xlink:href="streets/3933">
      <key>3933</key>
      <name>Windermere Avenue</name>
      <type abbr="Ave">Avenue</type>
    </cross-street>
    <centre>
      <utm zone="14U">
        <x>632772</x>
        <y>5523355</y>
      </utm>
      <geographic>
        <latitude>49.84789</latitude>
        <longitude>-97.15314</longitude>
      </geographic>
    </centre>
  </stop>
  <stop xlink:href="stops/60259">
    <key>60259</key>
    <name>Southbound Pembina at Calrossie</name>
    <number>60259</number>
    <direction abbr="SB">Southbound</direction>
    <side abbr="DO">Direct Opposite</side>
    <street xlink:href="streets/2818">
      <key>2818</key>
      <name>Pembina Highway</name>
      <type abbr="Hwy">Highway</type>
    </street>
    <cross-street xlink:href="streets/605">
      <key>605</key>
      <name>Calrossie Boulevard</name>
      <type abbr="Blvd">Boulevard</type>
    </cross-street>
    <centre>
      <utm zone="14U">
        <x>632782</x>
        <y>5523599</y>
      </utm>
      <geographic>
        <latitude>49.85009</latitude>
        <longitude>-97.15292</longitude>
      </geographic>
    </centre>
  </stop>
  <stop xlink:href="stops/60718">
    <key>60718</key>
    <name>Southbound Pembina at Royse</name>
    <number>60718</number>
    <direction abbr="SB">Southbound</direction>
    <side abbr="FS">Farside</side>
    <street xlink:href="streets/2818">
      <key>2818</key>
      <name>Pembina Highway</name>
      <type abbr="Hwy">Highway</type>
    </street>
    <cross-street xlink:href="streets/3153">
      <key>3153</key>
      <name>Royse Avenue</name>
      <type abbr="Ave">Avenue</type>
    </cross-street>
    <centre>
      <utm zone="14U">
        <x>632997</x>
        <y>5521876</y>
      </utm>
      <geographic>
        <latitude>49.83455</latitude>
        <longitude>-97.15052</longitude>
      </geographic>
    </centre>
  </stop>
  <stop xlink:href="stops/61113">
    <key>61113</key>
    <name>Southbound Research at Chancellor Matheson</name>
    <number>61113</number>
    <direction abbr="SB">Southbound</direction>
    <side abbr="FS">Farside</side>
    <street xlink:href="streets/4145">
      <key>4145</key>
      <name>Research Road</name>
      <type abbr="Rd">Road</type>
    </street>
    <cross-street xlink:href="streets/715">
      <key>715</key>
      <name>Chancellor Matheson Road</name>
      <type abbr="Rd">Road</type>
    </cross-street>
    <centre>
      <utm zone="14U">
        <x>633154</x>
        <y>5518408</y>
      </utm>
      <geographic>
        <latitude>49.80334</latitude>
        <longitude>-97.14953</longitude>
      </geographic>
    </centre>
  </stop>
  <stop xlink:href="stops/61114">
    <key>61114</key>
    <name>Eastbound Innovation at Research</name>
    <number>61114</number>
    <direction abbr="EB">Eastbound</direction>
    <side abbr="FSO">Farside Opposite</side>
    <street xlink:href="streets/4144">
      <key>4144</key>
      <name>Innovation Drive</name>
      <type abbr="Dr">Drive</type>
    </street>
    <cross-street xlink:href="streets/4145">
      <key>4145</key>
      <name>Research Road</name>
      <type abbr="Rd">Road</type>
    </cross-street>
    <centre>
      <utm zone="14U">
        <x>633343</x>
        <y>5518369</y>
      </utm>
      <geographic>
        <latitude>49.80295</latitude>
        <longitude>-97.14692</longitude>
      </geographic>
    </centre>
  </stop>
  <stop xlink:href="stops/61115">
    <key>61115</key>
    <name>Eastbound Innovation at RH Way</name>
    <number>61115</number>
    <direction abbr="EB">Eastbound</direction>
    <side abbr="NS">Nearside</side>
    <street xlink:href="streets/4144">
      <key>4144</key>
      <name>Innovation Drive</name>
      <type abbr="Dr">Drive</type>
    </street>
    <cross-street xlink:href="streets/3278">
      <key>3278</key>
      <name>Service 2 Street</name>
      <type abbr="St">Street</type>
      <leg abbr="SW">Southwest</leg>
    </cross-street>
    <centre>
      <utm zone="14U">
        <x>633608</x>
        <y>5518535</y>
      </utm>
      <geographic>
        <latitude>49.80438</latitude>
        <longitude>-97.14318</longitude>
      </geographic>
    </centre>
  </stop>
  <stop xlink:href="stops/61116">
    <key>61116</key>
    <name>Eastbound Dafoe at University</name>
    <number>61116</number>
    <direction abbr="EB">Eastbound</direction>
    <side abbr="NS">Nearside</side>
    <street xlink:href="streets/951">
      <key>951</key>
      <name>Dafoe Road</name>
      <type abbr="Rd">Road</type>
      <leg abbr="W">West</leg>
    </street>
    <cross-street xlink:href="streets/3689">
      <key>3689</key>
      <name>University Crescent</name>
      <type abbr="Cres">Crescent</type>
    </cross-street>
    <centre>
      <utm zone="14U">
        <x>633893</x>
        <y>5518696</y>
      </utm>
      <geographic>
        <latitude>49.80576</latitude>
        <longitude>-97.13917</longitude>
      </geographic>
    </centre>
  </stop>
  <stop xlink:href="stops/61253">
    <key>61253</key>
    <name>Eastbound Dafoe at Agriculture</name>
    <number>61253</number>
    <direction abbr="EB">Eastbound</direction>
    <side abbr="FS">Farside</side>
    <street xlink:href="streets/950">
      <key>950</key>
      <name>Dafoe Road</name>
      <type abbr="Rd">Road</type>
    </street>
    <cross-street xlink:href="streets/3283">
      <key>3283</key>
      <name>Service 3 Street</name>
      <type abbr="St">Street</type>
      <leg abbr="S">South</leg>
    </cross-street>
    <centre>
      <utm zone="14U">
        <x>634113</x>
        <y>5518816</y>
      </utm>
      <geographic>
        <latitude>49.80679</latitude>
        <longitude>-97.13607</longitude>
      </geographic>
    </centre>
  </stop>
  <stop xlink:href="stops/61254">
    <key>61254</key>
    <name>Eastbound Dafoe at U of M Station</name>
    <number>61254</number>
    <direction abbr="EB">Eastbound</direction>
    <side abbr="NS">Nearside</side>
    <street xlink:href="streets/950">
      <key>950</key>
      <name>Dafoe Road</name>
      <type abbr="Rd">Road</type>
    </street>
    <cross-street xlink:href="streets/4423">
      <key>4423</key>
      <name>Alumni Lane</name>
      <type abbr="Lane">Lane</type>
    </cross-street>
    <centre>
      <utm zone="14U">
        <x>634493</x>
        <y>5519026</y>
      </utm>
      <geographic>
        <latitude>49.8086</latitude>
        <longitude>-97.13072</longitude>
      </geographic>
    </centre>
  </stop>
</stops>
