<?xml version="1.0" encoding="UTF-8"?>
<stops xmlns:utm="http://winnipegtransit.com/coordinates/utm" xmlns:ang="http://winnipegtransit.com/coordinates/angular" xmlns:xlink="http://www.w3.org/1999/xlink" xlink:base="" query-time="2024-07-11T14:41:11">
  <stop xlink:href="stops/10066">
    <key>10066</key>
    <name>Northbound Osborne at Osborne Junction</name>
    <number>10066</number>
    <direction abbr="NB">Northbound</direction>
    <side abbr="NS">Nearside</side>
    <street xlink:href="streets/2715">
      <key>2715</key>
      <name>Osborne Street</name>
      <type abbr="St">Street</type>
    </street>
    <cross-street xlink:href="streets/2434">
      <key>2434</key>
      <name>McMillan Avenue</name>
      <type abbr="Ave">Avenue</type>
    </cross-street>
    <centre>
      <utm zone="14U">
        <x>633477</x>
        <y>5526403</y>
      </utm>
      <geographic>
        <latitude>49.87514</latitude>
        <longitude>-97.14229</longitude>
      </geographic>
    </centre>
  </stop>
  <stop xlink:href="stops/10126">
    <key>10126</key>
    <name>Eastbound Corydon at Stafford</name>
    <number>10126</number>
    <direction abbr="EB">Eastbound</direction>
    <side abbr="NS">Nearside</side>
    <street xlink:href="streets/882">
      <key>882</key>
      <name>Corydon Avenue</name>
      <type abbr="Ave">Avenue</type>
    </street>
    <cross-street xlink:href="streets/3465">
      <key>3465</key>
      <name>Stafford Street</name>
      <type abbr="St">Street</type>
    </cross-street>
    <centre>
      <utm zone="14U">
        <x>632113</x>
        <y>5525571</y>
      </utm>
      <geographic>
        <latitude>49.86796</latitude>
        <longitude>-97.16155</longitude>
      </geographic>
    </centre>
  </stop>
  <stop xlink:href="stops/10128">
    <key>10128</key>
    <name>Eastbound Corydon at Wentworth</name>
    <number>10128</number>
    <direction abbr="EB">Eastbound</direction>
    <side abbr="NS">Nearside</side>
    <street xlink:href="streets/882">
      <key>882</key>
      <name>Corydon Avenue</name>
      <type abbr="Ave">Avenue</type>
    </street>
    <cross-street xlink:href="streets/3827">
      <key>3827</key>
      <name>Wentworth Street</name>
      <type abbr="St">Street</type>
    </cross-street>
    <centre>
      <utm zone="14U">
        <x>632265</x>
        <y>5525655</y>
      </utm>
      <geographic>
        <latitude>49.86868</latitude>
        <longitude>-97.15941</longitude>
      </geographic>
    </centre>
  </stop>
  <stop xlink:href="stops/10130">
    <key>10130</key>
    <name>Eastbound Corydon at Lilac</name>
    <number>10130</number>
    <direction abbr="EB">Eastbound</direction>
    <side abbr="NS">Nearside</side>
    <street xlink:href="streets/882">
      <key>882</key>
      <name>Corydon Avenue</name>
      <type abbr="Ave">Avenue</type>
    </street>
    <cross-street xlink:href="streets/2154">
      <key>2154</key>
      <name>Lilac Street</name>
      <type abbr="St">Street</type>
    </cross-street>
    <centre>
      <utm zone="14U">
        <x>632415</x>
        <y>5525737</y>
      </utm>
      <geographic>
        <latitude>49.86939</latitude>
        <longitude>-97.15729</longitude>
      </geographic>
    </centre>
  </stop>
  <stop xlink:href="stops/10141">
    <key>10141</key>
    <name>Eastbound Corydon at Arbuthnot</name>
    <number>10141</number>
    <direction abbr="EB">Eastbound</direction>
    <side abbr="NS">Nearside</side>
    <street xlink:href="streets/882">
      <key>882</key>
      <name>Corydon Avenue</name>
      <type abbr="Ave">Avenue</type>
    </street>
    <cross-street xlink:href="streets/126">
      <key>126</key>
      <name>Arbuthnot Street</name>
      <type abbr="St">Street</type>
    </cross-street>
    <centre>
      <utm zone="14U">
        <x>632573</x>
        <y>5525823</y>
      </utm>
      <geographic>
        <latitude>49.87013</latitude>
        <longitude>-97.15507</longitude>
      </geographic>
    </centre>
  </stop>
  <stop xlink:href="stops/10143">
    <key>10143</key>
    <name>Eastbound Corydon at Cockburn</name>
    <number>10143</number>
    <direction abbr="EB">Eastbound</direction>
    <side abbr="NS">Nearside</side>
    <street xlink:href="streets/882">
      <key>882</key>
      <name>Corydon Avenue</name>
      <type abbr="Ave">Avenue</type>
    </street>
    <cross-street xlink:href="streets/805">
      <key>805</key>
      <name>Cockburn Street</name>
      <type abbr="St">Street</type>
      <leg abbr="N">North</leg>
    </cross-street>
    <centre>
      <utm zone="14U">
        <x>632715</x>
        <y>5525901</y>
      </utm>
      <geographic>
        <latitude>49.87079</latitude>
        <longitude>-97.15306</longitude>
      </geographic>
    </centre>
  </stop>
  <stop xlink:href="stops/10145">
    <key>10145</key>
    <name>Eastbound Corydon at Hugo</name>
    <number>10145</number>
    <direction abbr="EB">Eastbound</direction>
    <side abbr="NS">Nearside</side>
    <street xlink:href="streets/882">
      <key>882</key>
      <name>Corydon Avenue</name>
      <type abbr="Ave">Avenue</type>
    </street>
    <cross-street xlink:href="streets/1809">
      <key>1809</key>
      <name>Hugo Street</name>
      <type abbr="St">Street</type>
      <leg abbr="N">North</leg>
    </cross-street>
    <centre>
      <utm zone="14U">
        <x>632879</x>
        <y>5525990</y>
      </utm>
      <geographic>
        <latitude>49.87156</latitude>
        <longitude>-97.15075</longitude>
      </geographic>
    </centre>
  </stop>
  <stop xlink:href="stops/10147">
    <key>10147</key>
    <name>Eastbound Corydon at Daly</name>
    <number>10147</number>
    <direction abbr="EB">Eastbound</direction>
    <side abbr="NS">Nearside</side>
    <street xlink:href="streets/882">
      <key>882</key>
      <name>Corydon Avenue</name>
      <type abbr="Ave">Avenue</type>
    </street>
    <cross-street xlink:href="streets/963">
      <key>963</key>
      <name>Daly Street</name>
      <type abbr="St">Street</type>
      <leg abbr="N">North</leg>
    </cross-street>
    <centre>
      <utm zone="14U">
        <x>633027</x>
        <y>5526072</y>
      </utm>
      <geographic>
        <latitude>49.87226</latitude>
        <longitude>-97.14867</longitude>
      </geographic>
    </centre>
  </stop>
  <stop xlink:href="stops/10150">
    <key>10150</key>
    <name>Eastbound Corydon at Nassau</name>
    <number>10150</number>
    <direction abbr="EB">Eastbound</direction>
    <side abbr="FS">Farside</side>
    <street xlink:href="streets/882">
      <key>882</key>
      <name>Corydon Avenue</name>
      <type abbr="Ave">Avenue</type>
    </street>
    <cross-street xlink:href="streets/2593">
      <key>2593</key>
      <name>Nassau Street</name>
      <type abbr="St">Street</type>
      <leg abbr="N">North</leg>
    </cross-street>
    <centre>
      <utm zone="14U">
        <x>633278</x>
        <y>5526210</y>
      </utm>
      <geographic>
        <latitude>49.87345</latitude>
        <longitude>-97.14513</longitude>
      </geographic>
    </centre>
  </stop>
  <stop xlink:href="stops/10171">
    <key>10171</key>
    <name>Northbound Osborne at River</name>
    <number>10171</number>
    <direction abbr="NB">Northbound</direction>
    <side abbr="FS">Farside</side>
    <street xlink:href="streets/2715">
      <key>2715</key>
      <name>Osborne Street</name>
      <type abbr="St">Street</type>
    </street>
    <cross-street xlink:href="streets/3057">
      <key>3057</key>
      <name>River Avenue</name>
      <type abbr="Ave">Avenue</type>
    </cross-street>
    <centre>
      <utm zone="14U">
        <x>633163</x>
        <y>5526878</y>
      </utm>
      <geographic>
        <latitude>49.87948</latitude>
        <longitude>-97.1465</longitude>
      </geographic>
    </centre>
  </stop>
  <stop xlink:href="stops/10186">
    <key>10186</key>
    <name>Northbound Osborne at Stradbrook</name>
    <number>10186</number>
    <direction abbr="NB">Northbound</direction>
    <side abbr="NS">Nearside</side>
    <street xlink:href="streets/2715">
      <key>2715</key>
      <name>Osborne Street</name>
      <type abbr="St">Street</type>
    </street>
    <cross-street xlink:href="streets/3503">
      <key>3503</key>
      <name>Stradbrook Avenue</name>
      <type abbr="Ave">Avenue</type>
    </cross-street>
    <centre>
      <utm zone="14U">
        <x>633305</x>
        <y>5526681</y>
      </utm>
      <geographic>
        <latitude>49.87768</latitude>
        <longitude>-97.14459</longitude>
      </geographic>
    </centre>
  </stop>
  <stop xlink:href="stops/10595">
    <key>10595</key>
    <name>Northbound Osborne at Assiniboine</name>
    <number>10595</number>
    <direction abbr="NB">Northbound</direction>
    <side abbr="FSO">Farside Opposite</side>
    <street xlink:href="streets/2716">
      <key>2716</key>
      <name>Osborne Street</name>
      <type abbr="St">Street</type>
      <leg abbr="N">North</leg>
    </street>
    <cross-street xlink:href="streets/4653">
      <key>4653</key>
      <name>Granite Way</name>
      <type abbr="Way">Way</type>
    </cross-street>
    <centre>
      <utm zone="14U">
        <x>633012</x>
        <y>5527290</y>
      </utm>
      <geographic>
        <latitude>49.88322</latitude>
        <longitude>-97.14846</longitude>
      </geographic>
    </centre>
  </stop>
  <stop xlink:href="stops/10596">
    <key>10596</key>
    <name>Northbound Osborne at Broadway (Legislature)</name>
    <number>10596</number>
    <direction abbr="NB">Northbound</direction>
    <side abbr="NS">Nearside</side>
    <street xlink:href="streets/2716">
      <key>2716</key>
      <name>Osborne Street</name>
      <type abbr="St">Street</type>
      <leg abbr="N">North</leg>
    </street>
    <cross-street xlink:href="streets/519">
      <key>519</key>
      <name>Broadway</name>
    </cross-street>
    <centre>
      <utm zone="14U">
        <x>632933</x>
        <y>5527509</y>
      </utm>
      <geographic>
        <latitude>49.8852</latitude>
        <longitude>-97.14948</longitude>
      </geographic>
    </centre>
  </stop>
  <stop xlink:href="stops/10607">
    <key>10607</key>
    <name>Northbound Osborne at York</name>
    <number>10607</number>
    <direction abbr="NB">Northbound</direction>
    <side abbr="NS">Nearside</side>
    <street xlink:href="streets/2716">
      <key>2716</key>
      <name>Osborne Street</name>
      <type abbr="St">Street</type>
      <leg abbr="N">North</leg>
    </street>
    <cross-street xlink:href="streets/4014">
      <key>4014</key>
      <name>York Avenue</name>
      <type abbr="Ave">Avenue</type>
    </cross-street>
    <centre>
      <utm zone="14U">
        <x>632907</x>
        <y>5527740</y>
      </utm>
      <geographic>
        <latitude>49.88728</latitude>
        <longitude>-97.14976</longitude>
      </geographic>
    </centre>
  </stop>
  <stop xlink:href="stops/10611">
    <key>10611</key>
    <name>Eastbound Graham at Fort (Wpg Square)</name>
    <number>10611</number>
    <direction abbr="EB">Eastbound</direction>
    <side abbr="NS">Nearside</side>
    <street xlink:href="streets/1533">
      <key>1533</key>
      <name>Graham Avenue</name>
      <type abbr="Ave">Avenue</type>
    </street>
    <cross-street xlink:href="streets/1365">
      <key>1365</key>
      <name>Fort Street</name>
      <type abbr="St">Street</type>
    </cross-street>
    <centre>
      <utm zone="14U">
        <x>633667</x>
        <y>5528384</y>
      </utm>
      <geographic>
        <latitude>49.8929</latitude>
        <longitude>-97.13897</longitude>
      </geographic>
    </centre>
  </stop>
  <stop xlink:href="stops/10615">
    <key>10615</key>
    <name>Eastbound Graham at Smith</name>
    <number>10615</number>
    <direction abbr="EB">Eastbound</direction>
    <side abbr="NS">Nearside</side>
    <street xlink:href="streets/1533">
      <key>1533</key>
      <name>Graham Avenue</name>
      <type abbr="Ave">Avenue</type>
    </street>
    <cross-street xlink:href="streets/3371">
      <key>3371</key>
      <name>Smith Street</name>
      <type abbr="St">Street</type>
    </cross-street>
    <centre>
      <utm zone="14U">
        <x>633485</x>
        <y>5528315</y>
      </utm>
      <geographic>
        <latitude>49.89232</latitude>
        <longitude>-97.14152</longitude>
      </geographic>
    </centre>
  </stop>
  <stop xlink:href="stops/10616">
    <key>10616</key>
    <name>Eastbound Graham at Hargrave</name>
    <number>10616</number>
    <direction abbr="EB">Eastbound</direction>
    <side abbr="NS">Nearside</side>
    <street xlink:href="streets/1533">
      <key>1533</key>
      <name>Graham Avenue</name>
      <type abbr="Ave">Avenue</type>
    </street>
    <cross-street xlink:href="streets/1644">
      <key>1644</key>
      <name>Hargrave Street</name>
      <type abbr="St">Street</type>
    </cross-street>
    <centre>
      <utm zone="14U">
        <x>633299</x>
        <y>5528243</y>
      </utm>
      <geographic>
        <latitude>49.89172</latitude>
        <longitude>-97.14413</longitude>
      </geographic>
    </centre>
  </stop>
  <stop xlink:href="stops/10618">
    <key>10618</key>
    <name>Eastbound Graham at Edmonton (RWB)</name>
    <number>10618</number>
    <direction abbr="EB">Eastbound</direction>
    <side abbr="NS">Nearside</side>
    <street xlink:href="streets/1533">
      <key>1533</key>
      <name>Graham Avenue</name>
      <type abbr="Ave">Avenue</type>
    </street>
    <cross-street xlink:href="streets/1201">
      <key>1201</key>
      <name>Edmonton Street</name>
      <type abbr="St">Street</type>
    </cross-street>
    <centre>
      <utm zone="14U">
        <x>633114</x>
        <y>5528174</y>
      </utm>
      <geographic>
        <latitude>49.89114</latitude>
        <longitude>-97.14673</longitude>
      </geographic>
    </centre>
  </stop>
  <stop xlink:href="stops/10627">
    <key>10627</key>
    <name>Northbound Main at Pioneer</name>
    <number>10627</number>
    <direction abbr="NB">Northbound</direction>
    <side abbr="FS">Farside</side>
    <street xlink:href="streets/2265">
      <key>2265</key>
      <name>Main Street</name>
      <type abbr="St">Street</type>
    </street>
    <cross-street xlink:href="streets/2871">
      <key>2871</key>
      <name>Pioneer Avenue</name>
      <type abbr="Ave">Avenue</type>
    </cross-street>
    <centre>
      <utm zone="14U">
        <x>633738</x>
        <y>5528609</y>
      </utm>
      <geographic>
        <latitude>49.89491</latitude>
        <longitude>-97.1379</longitude>
      </geographic>
    </centre>
  </stop>
  <stop xlink:href="stops/10628">
    <key>10628</key>
    <name>Northbound Main at McDermot</name>
    <number>10628</number>
    <direction abbr="NB">Northbound</direction>
    <side abbr="NS">Nearside</side>
    <street xlink:href="streets/2265">
      <key>2265</key>
      <name>Main Street</name>
      <type abbr="St">Street</type>
    </street>
    <cross-street xlink:href="streets/2400">
      <key>2400</key>
      <name>McDermot Avenue</name>
      <type abbr="Ave">Avenue</type>
    </cross-street>
    <centre>
      <utm zone="14U">
        <x>633682</x>
        <y>5528839</y>
      </utm>
      <geographic>
        <latitude>49.89699</latitude>
        <longitude>-97.1386</longitude>
      </geographic>
    </centre>
  </stop>
  <stop xlink:href="stops/10629">
    <key>10629</key>
    <name>Northbound Main at James (Concert Hall)</name>
    <number>10629</number>
    <direction abbr="NB">Northbound</direction>
    <side abbr="NSO">Nearside Opposite</side>
    <street xlink:href="streets/2265">
      <key>2265</key>
      <name>Main Street</name>
      <type abbr="St">Street</type>
    </street>
    <cross-street xlink:href="streets/1862">
      <key>1862</key>
      <name>James Avenue</name>
      <type abbr="Ave">Avenue</type>
    </cross-street>
    <centre>
      <utm zone="14U">
        <x>633730</x>
        <y>5529165</y>
      </utm>
      <geographic>
        <latitude>49.89991</latitude>
        <longitude>-97.13782</longitude>
      </geographic>
    </centre>
  </stop>
  <stop xlink:href="stops/10630">
    <key>10630</key>
    <name>Northbound Main at Logan</name>
    <number>10630</number>
    <direction abbr="NB">Northbound</direction>
    <side abbr="NS">Nearside</side>
    <street xlink:href="streets/2265">
      <key>2265</key>
      <name>Main Street</name>
      <type abbr="St">Street</type>
    </street>
    <cross-street xlink:href="streets/2193">
      <key>2193</key>
      <name>Logan Avenue</name>
      <type abbr="Ave">Avenue</type>
    </cross-street>
    <centre>
      <utm zone="14U">
        <x>633871</x>
        <y>5529442</y>
      </utm>
      <geographic>
        <latitude>49.90237</latitude>
        <longitude>-97.13576</longitude>
      </geographic>
    </centre>
  </stop>
  <stop xlink:href="stops/10631">
    <key>10631</key>
    <name>Northbound Main at Higgins</name>
    <number>10631</number>
    <direction abbr="NB">Northbound</direction>
    <side abbr="NS">Nearside</side>
    <street xlink:href="streets/2265">
      <key>2265</key>
      <name>Main Street</name>
      <type abbr="St">Street</type>
    </street>
    <cross-street xlink:href="streets/1736">
      <key>1736</key>
      <name>Higgins Avenue</name>
      <type abbr="Ave">Avenue</type>
    </cross-street>
    <centre>
      <utm zone="14U">
        <x>633963</x>
        <y>5529657</y>
      </utm>
      <geographic>
        <latitude>49.90428</latitude>
        <longitude>-97.1344</longitude>
      </geographic>
    </centre>
  </stop>
  <stop xlink:href="stops/10703">
    <key>10703</key>
    <name>Northbound Vaughan at St. Mary</name>
    <number>10703</number>
    <direction abbr="NB">Northbound</direction>
    <side abbr="NS">Nearside</side>
    <street xlink:href="streets/3716">
      <key>3716</key>
      <name>Vaughan Street</name>
      <type abbr="St">Street</type>
    </street>
    <cross-street xlink:href="streets/3452">
      <key>3452</key>
      <name>St Mary Avenue</name>
      <type abbr="Ave">Avenue</type>
    </cross-street>
    <centre>
      <utm zone="14U">
        <x>633014</x>
        <y>5527932</y>
      </utm>
      <geographic>
        <latitude>49.88899</latitude>
        <longitude>-97.14821</longitude>
      </geographic>
    </centre>
  </stop>
  <stop xlink:href="stops/10704">
    <key>10704</key>
    <name>Northbound Vaughan at Graham (The Bay)</name>
    <number>10704</number>
    <direction abbr="NB">Northbound</direction>
    <side abbr="NS">Nearside</side>
    <street xlink:href="streets/3716">
      <key>3716</key>
      <name>Vaughan Street</name>
      <type abbr="St">Street</type>
    </street>
    <cross-street xlink:href="streets/1533">
      <key>1533</key>
      <name>Graham Avenue</name>
      <type abbr="Ave">Avenue</type>
    </cross-street>
    <centre>
      <utm zone="14U">
        <x>632954</x>
        <y>5528091</y>
      </utm>
      <geographic>
        <latitude>49.89043</latitude>
        <longitude>-97.14899</longitude>
      </geographic>
    </centre>
  </stop>
  <stop xlink:href="stops/30023">
    <key>30023</key>
    <name>Northbound Main at Kildonan Park</name>
    <number>30023</number>
    <direction abbr="NB">Northbound</direction>
    <side abbr="FS">Farside</side>
    <street xlink:href="streets/2265">
      <key>2265</key>
      <name>Main Street</name>
      <type abbr="St">Street</type>
    </street>
    <cross-street xlink:href="streets/4209">
      <key>4209</key>
      <name>McKay Drive</name>
      <type abbr="Dr">Drive</type>
    </cross-street>
    <centre>
      <utm zone="14U">
        <x>635503</x>
        <y>5534201</y>
      </utm>
      <geographic>
        <latitude>49.94478</latitude>
        <longitude>-97.11138</longitude>
      </geographic>
    </centre>
  </stop>
  <stop xlink:href="stops/30025">
    <key>30025</key>
    <name>Northbound Main at Armstrong</name>
    <number>30025</number>
    <direction abbr="NB">Northbound</direction>
    <side abbr="NS">Nearside</side>
    <street xlink:href="streets/2265">
      <key>2265</key>
      <name>Main Street</name>
      <type abbr="St">Street</type>
    </street>
    <cross-street xlink:href="streets/144">
      <key>144</key>
      <name>Armstrong Avenue</name>
      <type abbr="Ave">Avenue</type>
    </cross-street>
    <centre>
      <utm zone="14U">
        <x>635444</x>
        <y>5534068</y>
      </utm>
      <geographic>
        <latitude>49.9436</latitude>
        <longitude>-97.11224</longitude>
      </geographic>
    </centre>
  </stop>
  <stop xlink:href="stops/30028">
    <key>30028</key>
    <name>Northbound Main at Leila</name>
    <number>30028</number>
    <direction abbr="NB">Northbound</direction>
    <side abbr="NS">Nearside</side>
    <street xlink:href="streets/2265">
      <key>2265</key>
      <name>Main Street</name>
      <type abbr="St">Street</type>
    </street>
    <cross-street xlink:href="streets/2132">
      <key>2132</key>
      <name>Leila Avenue</name>
      <type abbr="Ave">Avenue</type>
    </cross-street>
    <centre>
      <utm zone="14U">
        <x>635368</x>
        <y>5533904</y>
      </utm>
      <geographic>
        <latitude>49.94214</latitude>
        <longitude>-97.11336</longitude>
      </geographic>
    </centre>
  </stop>
  <stop xlink:href="stops/30031">
    <key>30031</key>
    <name>Northbound Main at Royal</name>
    <number>30031</number>
    <direction abbr="NB">Northbound</direction>
    <side abbr="NS">Nearside</side>
    <street xlink:href="streets/2265">
      <key>2265</key>
      <name>Main Street</name>
      <type abbr="St">Street</type>
    </street>
    <cross-street xlink:href="streets/3144">
      <key>3144</key>
      <name>Royal Avenue</name>
      <type abbr="Ave">Avenue</type>
    </cross-street>
    <centre>
      <utm zone="14U">
        <x>635275</x>
        <y>5533683</y>
      </utm>
      <geographic>
        <latitude>49.94018</latitude>
        <longitude>-97.11473</longitude>
      </geographic>
    </centre>
  </stop>
  <stop xlink:href="stops/30033">
    <key>30033</key>
    <name>Northbound Main at Burrin</name>
    <number>30033</number>
    <direction abbr="NB">Northbound</direction>
    <side abbr="FS">Farside</side>
    <street xlink:href="streets/2265">
      <key>2265</key>
      <name>Main Street</name>
      <type abbr="St">Street</type>
    </street>
    <cross-street xlink:href="streets/575">
      <key>575</key>
      <name>Burrin Avenue</name>
      <type abbr="Ave">Avenue</type>
    </cross-street>
    <centre>
      <utm zone="14U">
        <x>635226</x>
        <y>5533571</y>
      </utm>
      <geographic>
        <latitude>49.93918</latitude>
        <longitude>-97.11545</longitude>
      </geographic>
    </centre>
  </stop>
  <stop xlink:href="stops/30035">
    <key>30035</key>
    <name>Northbound Main at Kilbride</name>
    <number>30035</number>
    <direction abbr="NB">Northbound</direction>
    <side abbr="FS">Farside</side>
    <street xlink:href="streets/2265">
      <key>2265</key>
      <name>Main Street</name>
      <type abbr="St">Street</type>
    </street>
    <cross-street xlink:href="streets/1956">
      <key>1956</key>
      <name>Kilbride Avenue</name>
      <type abbr="Ave">Avenue</type>
    </cross-street>
    <centre>
      <utm zone="14U">
        <x>635144</x>
        <y>5533389</y>
      </utm>
      <geographic>
        <latitude>49.93756</latitude>
        <longitude>-97.11666</longitude>
      </geographic>
    </centre>
  </stop>
  <stop xlink:href="stops/30038">
    <key>30038</key>
    <name>Northbound Main at Hartford</name>
    <number>30038</number>
    <direction abbr="NB">Northbound</direction>
    <side abbr="NS">Nearside</side>
    <street xlink:href="streets/2265">
      <key>2265</key>
      <name>Main Street</name>
      <type abbr="St">Street</type>
    </street>
    <cross-street xlink:href="streets/1664">
      <key>1664</key>
      <name>Hartford Avenue</name>
      <type abbr="Ave">Avenue</type>
    </cross-street>
    <centre>
      <utm zone="14U">
        <x>635048</x>
        <y>5533206</y>
      </utm>
      <geographic>
        <latitude>49.93594</latitude>
        <longitude>-97.11806</longitude>
      </geographic>
    </centre>
  </stop>
  <stop xlink:href="stops/30040">
    <key>30040</key>
    <name>Northbound Main at St. Anthony</name>
    <number>30040</number>
    <direction abbr="NB">Northbound</direction>
    <side abbr="NS">Nearside</side>
    <street xlink:href="streets/2265">
      <key>2265</key>
      <name>Main Street</name>
      <type abbr="St">Street</type>
    </street>
    <cross-street xlink:href="streets/3428">
      <key>3428</key>
      <name>St Anthony Avenue</name>
      <type abbr="Ave">Avenue</type>
    </cross-street>
    <centre>
      <utm zone="14U">
        <x>634972</x>
        <y>5533065</y>
      </utm>
      <geographic>
        <latitude>49.93469</latitude>
        <longitude>-97.11917</longitude>
      </geographic>
    </centre>
  </stop>
  <stop xlink:href="stops/30044">
    <key>30044</key>
    <name>Northbound Main at Seven Oaks</name>
    <number>30044</number>
    <direction abbr="NB">Northbound</direction>
    <side abbr="NS">Nearside</side>
    <street xlink:href="streets/2265">
      <key>2265</key>
      <name>Main Street</name>
      <type abbr="St">Street</type>
    </street>
    <cross-street xlink:href="streets/3291">
      <key>3291</key>
      <name>Seven Oaks Avenue</name>
      <type abbr="Ave">Avenue</type>
    </cross-street>
    <centre>
      <utm zone="14U">
        <x>634873</x>
        <y>5532882</y>
      </utm>
      <geographic>
        <latitude>49.93307</latitude>
        <longitude>-97.12061</longitude>
      </geographic>
    </centre>
  </stop>
  <stop xlink:href="stops/30045">
    <key>30045</key>
    <name>Northbound Main at Rupertsland</name>
    <number>30045</number>
    <direction abbr="NB">Northbound</direction>
    <side abbr="FS">Farside</side>
    <street xlink:href="streets/2265">
      <key>2265</key>
      <name>Main Street</name>
      <type abbr="St">Street</type>
    </street>
    <cross-street xlink:href="streets/3161">
      <key>3161</key>
      <name>Rupertsland Boulevard</name>
      <type abbr="Blvd">Boulevard</type>
    </cross-street>
    <centre>
      <utm zone="14U">
        <x>634836</x>
        <y>5532788</y>
      </utm>
      <geographic>
        <latitude>49.93223</latitude>
        <longitude>-97.12116</longitude>
      </geographic>
    </centre>
  </stop>
  <stop xlink:href="stops/30047">
    <key>30047</key>
    <name>Northbound Main at McAdam</name>
    <number>30047</number>
    <direction abbr="NB">Northbound</direction>
    <side abbr="NS">Nearside</side>
    <street xlink:href="streets/2265">
      <key>2265</key>
      <name>Main Street</name>
      <type abbr="St">Street</type>
    </street>
    <cross-street xlink:href="streets/2386">
      <key>2386</key>
      <name>McAdam Avenue</name>
      <type abbr="Ave">Avenue</type>
    </cross-street>
    <centre>
      <utm zone="14U">
        <x>634748</x>
        <y>5532527</y>
      </utm>
      <geographic>
        <latitude>49.9299</latitude>
        <longitude>-97.12248</longitude>
      </geographic>
    </centre>
  </stop>
  <stop xlink:href="stops/30051">
    <key>30051</key>
    <name>Northbound Main at Lansdowne</name>
    <number>30051</number>
    <direction abbr="NB">Northbound</direction>
    <side abbr="FS">Farside</side>
    <street xlink:href="streets/2265">
      <key>2265</key>
      <name>Main Street</name>
      <type abbr="St">Street</type>
    </street>
    <cross-street xlink:href="streets/2079">
      <key>2079</key>
      <name>Lansdowne Avenue</name>
      <type abbr="Ave">Avenue</type>
    </cross-street>
    <centre>
      <utm zone="14U">
        <x>634695</x>
        <y>5532367</y>
      </utm>
      <geographic>
        <latitude>49.92848</latitude>
        <longitude>-97.12327</longitude>
      </geographic>
    </centre>
  </stop>
  <stop xlink:href="stops/30055">
    <key>30055</key>
    <name>Northbound Main at Inkster</name>
    <number>30055</number>
    <direction abbr="NB">Northbound</direction>
    <side abbr="NS">Nearside</side>
    <street xlink:href="streets/2265">
      <key>2265</key>
      <name>Main Street</name>
      <type abbr="St">Street</type>
    </street>
    <cross-street xlink:href="streets/1836">
      <key>1836</key>
      <name>Inkster Boulevard</name>
      <type abbr="Blvd">Boulevard</type>
    </cross-street>
    <centre>
      <utm zone="14U">
        <x>634649</x>
        <y>5532232</y>
      </utm>
      <geographic>
        <latitude>49.92727</latitude>
        <longitude>-97.12396</longitude>
      </geographic>
    </centre>
  </stop>
  <stop xlink:href="stops/30056">
    <key>30056</key>
    <name>Northbound Main at Polson</name>
    <number>30056</number>
    <direction abbr="NB">Northbound</direction>
    <side abbr="FS">Farside</side>
    <street xlink:href="streets/2265">
      <key>2265</key>
      <name>Main Street</name>
      <type abbr="St">Street</type>
    </street>
    <cross-street xlink:href="streets/2895">
      <key>2895</key>
      <name>Polson Avenue</name>
      <type abbr="Ave">Avenue</type>
    </cross-street>
    <centre>
      <utm zone="14U">
        <x>634609</x>
        <y>5532111</y>
      </utm>
      <geographic>
        <latitude>49.9262</latitude>
        <longitude>-97.12456</longitude>
      </geographic>
    </centre>
  </stop>
  <stop xlink:href="stops/30062">
    <key>30062</key>
    <name>Northbound Main at Cathedral</name>
    <number>30062</number>
    <direction abbr="NB">Northbound</direction>
    <side abbr="FS">Farside</side>
    <street xlink:href="streets/2265">
      <key>2265</key>
      <name>Main Street</name>
      <type abbr="St">Street</type>
    </street>
    <cross-street xlink:href="streets/677">
      <key>677</key>
      <name>Cathedral Avenue</name>
      <type abbr="Ave">Avenue</type>
    </cross-street>
    <centre>
      <utm zone="14U">
        <x>634533</x>
        <y>5531888</y>
      </utm>
      <geographic>
        <latitude>49.92421</latitude>
        <longitude>-97.12569</longitude>
      </geographic>
    </centre>
  </stop>
  <stop xlink:href="stops/30074">
    <key>30074</key>
    <name>Northbound Main at Church</name>
    <number>30074</number>
    <direction abbr="NB">Northbound</direction>
    <side abbr="FS">Farside</side>
    <street xlink:href="streets/2265">
      <key>2265</key>
      <name>Main Street</name>
      <type abbr="St">Street</type>
    </street>
    <cross-street xlink:href="streets/773">
      <key>773</key>
      <name>Church Avenue</name>
      <type abbr="Ave">Avenue</type>
    </cross-street>
    <centre>
      <utm zone="14U">
        <x>634461</x>
        <y>5531678</y>
      </utm>
      <geographic>
        <latitude>49.92234</latitude>
        <longitude>-97.12677</longitude>
      </geographic>
    </centre>
  </stop>
  <stop xlink:href="stops/30075">
    <key>30075</key>
    <name>Northbound Main at Anderson</name>
    <number>30075</number>
    <direction abbr="NB">Northbound</direction>
    <side abbr="NS">Nearside</side>
    <street xlink:href="streets/2265">
      <key>2265</key>
      <name>Main Street</name>
      <type abbr="St">Street</type>
    </street>
    <cross-street xlink:href="streets/102">
      <key>102</key>
      <name>Anderson Avenue</name>
      <type abbr="Ave">Avenue</type>
    </cross-street>
    <centre>
      <utm zone="14U">
        <x>634397</x>
        <y>5531542</y>
      </utm>
      <geographic>
        <latitude>49.92113</latitude>
        <longitude>-97.12771</longitude>
      </geographic>
    </centre>
  </stop>
  <stop xlink:href="stops/30076">
    <key>30076</key>
    <name>Northbound Main at Mountain</name>
    <number>30076</number>
    <direction abbr="NB">Northbound</direction>
    <side abbr="FSO">Farside Opposite</side>
    <street xlink:href="streets/2265">
      <key>2265</key>
      <name>Main Street</name>
      <type abbr="St">Street</type>
    </street>
    <cross-street xlink:href="streets/2570">
      <key>2570</key>
      <name>Mountain Avenue</name>
      <type abbr="Ave">Avenue</type>
    </cross-street>
    <centre>
      <utm zone="14U">
        <x>634321</x>
        <y>5531384</y>
      </utm>
      <geographic>
        <latitude>49.91973</latitude>
        <longitude>-97.12882</longitude>
      </geographic>
    </centre>
  </stop>
  <stop xlink:href="stops/30081">
    <key>30081</key>
    <name>Northbound Main at Boyd</name>
    <number>30081</number>
    <direction abbr="NB">Northbound</direction>
    <side abbr="FSO">Farside Opposite</side>
    <street xlink:href="streets/2265">
      <key>2265</key>
      <name>Main Street</name>
      <type abbr="St">Street</type>
    </street>
    <cross-street xlink:href="streets/452">
      <key>452</key>
      <name>Boyd Avenue</name>
      <type abbr="Ave">Avenue</type>
    </cross-street>
    <centre>
      <utm zone="14U">
        <x>634229</x>
        <y>5531197</y>
      </utm>
      <geographic>
        <latitude>49.91807</latitude>
        <longitude>-97.13017</longitude>
      </geographic>
    </centre>
  </stop>
  <stop xlink:href="stops/30085">
    <key>30085</key>
    <name>Northbound Main at Aberdeen</name>
    <number>30085</number>
    <direction abbr="NB">Northbound</direction>
    <side abbr="NS">Nearside</side>
    <street xlink:href="streets/2265">
      <key>2265</key>
      <name>Main Street</name>
      <type abbr="St">Street</type>
    </street>
    <cross-street xlink:href="streets/4">
      <key>4</key>
      <name>Aberdeen Avenue</name>
      <type abbr="Ave">Avenue</type>
    </cross-street>
    <centre>
      <utm zone="14U">
        <x>634146</x>
        <y>5530975</y>
      </utm>
      <geographic>
        <latitude>49.91609</latitude>
        <longitude>-97.1314</longitude>
      </geographic>
    </centre>
  </stop>
  <stop xlink:href="stops/30087">
    <key>30087</key>
    <name>Northbound Main at Burrows</name>
    <number>30087</number>
    <direction abbr="NB">Northbound</direction>
    <side abbr="NS">Nearside</side>
    <street xlink:href="streets/2265">
      <key>2265</key>
      <name>Main Street</name>
      <type abbr="St">Street</type>
    </street>
    <cross-street xlink:href="streets/576">
      <key>576</key>
      <name>Burrows Avenue</name>
      <type abbr="Ave">Avenue</type>
    </cross-street>
    <centre>
      <utm zone="14U">
        <x>634129</x>
        <y>5530816</y>
      </utm>
      <geographic>
        <latitude>49.91466</latitude>
        <longitude>-97.13169</longitude>
      </geographic>
    </centre>
  </stop>
  <stop xlink:href="stops/30089">
    <key>30089</key>
    <name>Northbound Main at Manitoba</name>
    <number>30089</number>
    <direction abbr="NB">Northbound</direction>
    <side abbr="NS">Nearside</side>
    <street xlink:href="streets/2265">
      <key>2265</key>
      <name>Main Street</name>
      <type abbr="St">Street</type>
    </street>
    <cross-street xlink:href="streets/2290">
      <key>2290</key>
      <name>Manitoba Avenue</name>
      <type abbr="Ave">Avenue</type>
    </cross-street>
    <centre>
      <utm zone="14U">
        <x>634106</x>
        <y>5530640</y>
      </utm>
      <geographic>
        <latitude>49.91309</latitude>
        <longitude>-97.13207</longitude>
      </geographic>
    </centre>
  </stop>
  <stop xlink:href="stops/30092">
    <key>30092</key>
    <name>Northbound Main at Selkirk</name>
    <number>30092</number>
    <direction abbr="NB">Northbound</direction>
    <side abbr="NSO">Nearside Opposite</side>
    <street xlink:href="streets/2265">
      <key>2265</key>
      <name>Main Street</name>
      <type abbr="St">Street</type>
    </street>
    <cross-street xlink:href="streets/3259">
      <key>3259</key>
      <name>Selkirk Avenue</name>
      <type abbr="Ave">Avenue</type>
    </cross-street>
    <centre>
      <utm zone="14U">
        <x>634079</x>
        <y>5530455</y>
      </utm>
      <geographic>
        <latitude>49.91143</latitude>
        <longitude>-97.13251</longitude>
      </geographic>
    </centre>
  </stop>
  <stop xlink:href="stops/30095">
    <key>30095</key>
    <name>Northbound Main at Euclid</name>
    <number>30095</number>
    <direction abbr="NB">Northbound</direction>
    <side abbr="FS">Farside</side>
    <street xlink:href="streets/2265">
      <key>2265</key>
      <name>Main Street</name>
      <type abbr="St">Street</type>
    </street>
    <cross-street xlink:href="streets/1261">
      <key>1261</key>
      <name>Euclid Avenue</name>
      <type abbr="Ave">Avenue</type>
    </cross-street>
    <centre>
      <utm zone="14U">
        <x>634053</x>
        <y>5530271</y>
      </utm>
      <geographic>
        <latitude>49.90978</latitude>
        <longitude>-97.13294</longitude>
      </geographic>
    </centre>
  </stop>
  <stop xlink:href="stops/30097">
    <key>30097</key>
    <name>Northbound Main at Jarvis</name>
    <number>30097</number>
    <direction abbr="NB">Northbound</direction>
    <side abbr="NS">Nearside</side>
    <street xlink:href="streets/2265">
      <key>2265</key>
      <name>Main Street</name>
      <type abbr="St">Street</type>
    </street>
    <cross-street xlink:href="streets/1867">
      <key>1867</key>
      <name>Jarvis Avenue</name>
      <type abbr="Ave">Avenue</type>
    </cross-street>
    <centre>
      <utm zone="14U">
        <x>634014</x>
        <y>5529996</y>
      </utm>
      <geographic>
        <latitude>49.90732</latitude>
        <longitude>-97.13358</longitude>
      </geographic>
    </centre>
  </stop>
  <stop xlink:href="stops/30748">
    <key>30748</key>
    <name>Southbound Margaret Loop at Margaret</name>
    <number>30748</number>
    <direction abbr="SB">Southbound</direction>
    <side abbr="NS">Nearside</side>
    <street xlink:href="streets/50000286">
      <key>50000286</key>
      <name>Margaret Bus Loop</name>
      <type abbr="Loop">Loop</type>
    </street>
    <cross-street xlink:href="streets/2321">
      <key>2321</key>
      <name>Margaret Avenue</name>
      <type abbr="Ave">Avenue</type>
    </cross-street>
    <centre>
      <utm zone="14U">
        <x>635565</x>
        <y>5534446</y>
      </utm>
      <geographic>
        <latitude>49.94697</latitude>
        <longitude>-97.11043</longitude>
      </geographic>
    </centre>
  </stop>
  <stop xlink:href="stops/60311">
    <key>60311</key>
    <name>Eastbound Corydon at Thurso</name>
    <number>60311</number>
    <direction abbr="EB">Eastbound</direction>
    <side abbr="NS">Nearside</side>
    <street xlink:href="streets/882">
      <key>882</key>
      <name>Corydon Avenue</name>
      <type abbr="Ave">Avenue</type>
    </street>
    <cross-street xlink:href="streets/3615">
      <key>3615</key>
      <name>Thurso Street</name>
      <type abbr="St">Street</type>
    </cross-street>
    <centre>
      <utm zone="14U">
        <x>631358</x>
        <y>5525158</y>
      </utm>
      <geographic>
        <latitude>49.86441</latitude>
        <longitude>-97.17219</longitude>
      </geographic>
    </centre>
  </stop>
  <stop xlink:href="stops/60314">
    <key>60314</key>
    <name>Eastbound Corydon at Rockwood</name>
    <number>60314</number>
    <direction abbr="EB">Eastbound</direction>
    <side abbr="FS">Farside</side>
    <street xlink:href="streets/882">
      <key>882</key>
      <name>Corydon Avenue</name>
      <type abbr="Ave">Avenue</type>
    </street>
    <cross-street xlink:href="streets/3100">
      <key>3100</key>
      <name>Rockwood Street</name>
      <type abbr="St">Street</type>
    </cross-street>
    <centre>
      <utm zone="14U">
        <x>631555</x>
        <y>5525267</y>
      </utm>
      <geographic>
        <latitude>49.86535</latitude>
        <longitude>-97.16941</longitude>
      </geographic>
    </centre>
  </stop>
  <stop xlink:href="stops/60316">
    <key>60316</key>
    <name>Eastbound Corydon at Wilton</name>
    <number>60316</number>
    <direction abbr="EB">Eastbound</direction>
    <side abbr="NS">Nearside</side>
    <street xlink:href="streets/882">
      <key>882</key>
      <name>Corydon Avenue</name>
      <type abbr="Ave">Avenue</type>
    </street>
    <cross-street xlink:href="streets/3928">
      <key>3928</key>
      <name>Wilton Street</name>
      <type abbr="St">Street</type>
    </cross-street>
    <centre>
      <utm zone="14U">
        <x>631658</x>
        <y>5525324</y>
      </utm>
      <geographic>
        <latitude>49.86584</latitude>
        <longitude>-97.16796</longitude>
      </geographic>
    </centre>
  </stop>
  <stop xlink:href="stops/60317">
    <key>60317</key>
    <name>Eastbound Corydon at Guelph</name>
    <number>60317</number>
    <direction abbr="EB">Eastbound</direction>
    <side abbr="NS">Nearside</side>
    <street xlink:href="streets/882">
      <key>882</key>
      <name>Corydon Avenue</name>
      <type abbr="Ave">Avenue</type>
    </street>
    <cross-street xlink:href="streets/1584">
      <key>1584</key>
      <name>Guelph Street</name>
      <type abbr="St">Street</type>
    </cross-street>
    <centre>
      <utm zone="14U">
        <x>631817</x>
        <y>5525411</y>
      </utm>
      <geographic>
        <latitude>49.86659</latitude>
        <longitude>-97.16572</longitude>
      </geographic>
    </centre>
  </stop>
  <stop xlink:href="stops/60319">
    <key>60319</key>
    <name>Eastbound Corydon at Harrow</name>
    <number>60319</number>
    <direction abbr="EB">Eastbound</direction>
    <side abbr="NS">Nearside</side>
    <street xlink:href="streets/882">
      <key>882</key>
      <name>Corydon Avenue</name>
      <type abbr="Ave">Avenue</type>
    </street>
    <cross-street xlink:href="streets/1658">
      <key>1658</key>
      <name>Harrow Street</name>
      <type abbr="St">Street</type>
    </cross-street>
    <centre>
      <utm zone="14U">
        <x>631969</x>
        <y>5525494</y>
      </utm>
      <geographic>
        <latitude>49.8673</latitude>
        <longitude>-97.16358</longitude>
      </geographic>
    </centre>
  </stop>
  <stop xlink:href="stops/60370">
    <key>60370</key>
    <name>Eastbound Corydon at Waverley</name>
    <number>60370</number>
    <direction abbr="EB">Eastbound</direction>
    <side abbr="NS">Nearside</side>
    <street xlink:href="streets/882">
      <key>882</key>
      <name>Corydon Avenue</name>
      <type abbr="Ave">Avenue</type>
    </street>
    <cross-street xlink:href="streets/3804">
      <key>3804</key>
      <name>Waverley Street</name>
      <type abbr="St">Street</type>
    </cross-street>
    <centre>
      <utm zone="14U">
        <x>630945</x>
        <y>5524988</y>
      </utm>
      <geographic>
        <latitude>49.86298</latitude>
        <longitude>-97.17799</longitude>
      </geographic>
    </centre>
  </stop>
  <stop xlink:href="stops/60372">
    <key>60372</key>
    <name>Eastbound Corydon at Elm</name>
    <number>60372</number>
    <direction abbr="EB">Eastbound</direction>
    <side abbr="NS">Nearside</side>
    <street xlink:href="streets/882">
      <key>882</key>
      <name>Corydon Avenue</name>
      <type abbr="Ave">Avenue</type>
    </street>
    <cross-street xlink:href="streets/1222">
      <key>1222</key>
      <name>Elm Street</name>
      <type abbr="St">Street</type>
    </cross-street>
    <centre>
      <utm zone="14U">
        <x>630705</x>
        <y>5524996</y>
      </utm>
      <geographic>
        <latitude>49.8631</latitude>
        <longitude>-97.18133</longitude>
      </geographic>
    </centre>
  </stop>
  <stop xlink:href="stops/60374">
    <key>60374</key>
    <name>Eastbound Corydon at Ash</name>
    <number>60374</number>
    <direction abbr="EB">Eastbound</direction>
    <side abbr="NS">Nearside</side>
    <street xlink:href="streets/882">
      <key>882</key>
      <name>Corydon Avenue</name>
      <type abbr="Ave">Avenue</type>
    </street>
    <cross-street xlink:href="streets/158">
      <key>158</key>
      <name>Ash Street</name>
      <type abbr="St">Street</type>
    </cross-street>
    <centre>
      <utm zone="14U">
        <x>630553</x>
        <y>5525000</y>
      </utm>
      <geographic>
        <latitude>49.86317</latitude>
        <longitude>-97.18344</longitude>
      </geographic>
    </centre>
  </stop>
  <stop xlink:href="stops/60376">
    <key>60376</key>
    <name>Eastbound Corydon at Niagara</name>
    <number>60376</number>
    <direction abbr="EB">Eastbound</direction>
    <side abbr="NS">Nearside</side>
    <street xlink:href="streets/882">
      <key>882</key>
      <name>Corydon Avenue</name>
      <type abbr="Ave">Avenue</type>
    </street>
    <cross-street xlink:href="streets/2622">
      <key>2622</key>
      <name>Niagara Street</name>
      <type abbr="St">Street</type>
    </cross-street>
    <centre>
      <utm zone="14U">
        <x>630356</x>
        <y>5525007</y>
      </utm>
      <geographic>
        <latitude>49.86328</latitude>
        <longitude>-97.18618</longitude>
      </geographic>
    </centre>
  </stop>
  <stop xlink:href="stops/60377">
    <key>60377</key>
    <name>Eastbound Corydon at Brock</name>
    <number>60377</number>
    <direction abbr="EB">Eastbound</direction>
    <side abbr="FSO">Farside Opposite</side>
    <street xlink:href="streets/882">
      <key>882</key>
      <name>Corydon Avenue</name>
      <type abbr="Ave">Avenue</type>
    </street>
    <cross-street xlink:href="streets/521">
      <key>521</key>
      <name>Brock Street</name>
      <type abbr="St">Street</type>
    </cross-street>
    <centre>
      <utm zone="14U">
        <x>630223</x>
        <y>5525011</y>
      </utm>
      <geographic>
        <latitude>49.86334</latitude>
        <longitude>-97.18803</longitude>
      </geographic>
    </centre>
  </stop>
  <stop xlink:href="stops/60380">
    <key>60380</key>
    <name>Eastbound Corydon at Campbell</name>
    <number>60380</number>
    <direction abbr="EB">Eastbound</direction>
    <side abbr="NS">Nearside</side>
    <street xlink:href="streets/882">
      <key>882</key>
      <name>Corydon Avenue</name>
      <type abbr="Ave">Avenue</type>
    </street>
    <cross-street xlink:href="streets/619">
      <key>619</key>
      <name>Campbell Street</name>
      <type abbr="St">Street</type>
    </cross-street>
    <centre>
      <utm zone="14U">
        <x>629988</x>
        <y>5525020</y>
      </utm>
      <geographic>
        <latitude>49.86347</latitude>
        <longitude>-97.19129</longitude>
      </geographic>
    </centre>
  </stop>
  <stop xlink:href="stops/60382">
    <key>60382</key>
    <name>Eastbound Corydon at Lindsay</name>
    <number>60382</number>
    <direction abbr="EB">Eastbound</direction>
    <side abbr="NS">Nearside</side>
    <street xlink:href="streets/882">
      <key>882</key>
      <name>Corydon Avenue</name>
      <type abbr="Ave">Avenue</type>
    </street>
    <cross-street xlink:href="streets/2167">
      <key>2167</key>
      <name>Lindsay Street</name>
      <type abbr="St">Street</type>
    </cross-street>
    <centre>
      <utm zone="14U">
        <x>629789</x>
        <y>5525026</y>
      </utm>
      <geographic>
        <latitude>49.86357</latitude>
        <longitude>-97.19406</longitude>
      </geographic>
    </centre>
  </stop>
  <stop xlink:href="stops/60384">
    <key>60384</key>
    <name>Eastbound Corydon at Lanark</name>
    <number>60384</number>
    <direction abbr="EB">Eastbound</direction>
    <side abbr="NS">Nearside</side>
    <street xlink:href="streets/882">
      <key>882</key>
      <name>Corydon Avenue</name>
      <type abbr="Ave">Avenue</type>
    </street>
    <cross-street xlink:href="streets/2068">
      <key>2068</key>
      <name>Lanark Street</name>
      <type abbr="St">Street</type>
    </cross-street>
    <centre>
      <utm zone="14U">
        <x>629485</x>
        <y>5525037</y>
      </utm>
      <geographic>
        <latitude>49.86373</latitude>
        <longitude>-97.19828</longitude>
      </geographic>
    </centre>
  </stop>
  <stop xlink:href="stops/60386">
    <key>60386</key>
    <name>Eastbound Corydon at Centennial</name>
    <number>60386</number>
    <direction abbr="EB">Eastbound</direction>
    <side abbr="NS">Nearside</side>
    <street xlink:href="streets/882">
      <key>882</key>
      <name>Corydon Avenue</name>
      <type abbr="Ave">Avenue</type>
    </street>
    <cross-street xlink:href="streets/696">
      <key>696</key>
      <name>Centennial Street</name>
      <type abbr="St">Street</type>
    </cross-street>
    <centre>
      <utm zone="14U">
        <x>629260</x>
        <y>5525046</y>
      </utm>
      <geographic>
        <latitude>49.86386</latitude>
        <longitude>-97.20141</longitude>
      </geographic>
    </centre>
  </stop>
  <stop xlink:href="stops/60388">
    <key>60388</key>
    <name>Eastbound Corydon at Lockwood</name>
    <number>60388</number>
    <direction abbr="EB">Eastbound</direction>
    <side abbr="NSO">Nearside Opposite</side>
    <street xlink:href="streets/882">
      <key>882</key>
      <name>Corydon Avenue</name>
      <type abbr="Ave">Avenue</type>
    </street>
    <cross-street xlink:href="streets/2190">
      <key>2190</key>
      <name>Lockwood Street</name>
      <type abbr="St">Street</type>
    </cross-street>
    <centre>
      <utm zone="14U">
        <x>629133</x>
        <y>5525050</y>
      </utm>
      <geographic>
        <latitude>49.86393</latitude>
        <longitude>-97.20317</longitude>
      </geographic>
    </centre>
  </stop>
  <stop xlink:href="stops/60438">
    <key>60438</key>
    <name>Southbound Kenaston at Lockston</name>
    <number>60438</number>
    <direction abbr="SB">Southbound</direction>
    <side abbr="FSO">Farside Opposite</side>
    <street xlink:href="streets/1932">
      <key>1932</key>
      <name>Kenaston Boulevard</name>
      <type abbr="Blvd">Boulevard</type>
    </street>
    <cross-street xlink:href="streets/2189">
      <key>2189</key>
      <name>Lockston Avenue</name>
      <type abbr="Ave">Avenue</type>
    </cross-street>
    <centre>
      <utm zone="14U">
        <x>628928</x>
        <y>5525275</y>
      </utm>
      <geographic>
        <latitude>49.86599</latitude>
        <longitude>-97.20595</longitude>
      </geographic>
    </centre>
  </stop>
  <stop xlink:href="stops/60439">
    <key>60439</key>
    <name>Southbound Kenaston at Tuxedo South</name>
    <number>60439</number>
    <direction abbr="SB">Southbound</direction>
    <side abbr="NSO">Nearside Opposite</side>
    <street xlink:href="streets/1932">
      <key>1932</key>
      <name>Kenaston Boulevard</name>
      <type abbr="Blvd">Boulevard</type>
    </street>
    <cross-street xlink:href="streets/2189">
      <key>2189</key>
      <name>Lockston Avenue</name>
      <type abbr="Ave">Avenue</type>
    </cross-street>
    <centre>
      <utm zone="14U">
        <x>628936</x>
        <y>5525495</y>
      </utm>
      <geographic>
        <latitude>49.86797</latitude>
        <longitude>-97.20576</longitude>
      </geographic>
    </centre>
  </stop>
  <stop xlink:href="stops/60442">
    <key>60442</key>
    <name>Eastbound Tuxedo at Kenaston</name>
    <number>60442</number>
    <direction abbr="EB">Eastbound</direction>
    <side abbr="NS">Nearside</side>
    <street xlink:href="streets/3674">
      <key>3674</key>
      <name>Tuxedo Avenue</name>
      <type abbr="Ave">Avenue</type>
    </street>
    <cross-street xlink:href="streets/1932">
      <key>1932</key>
      <name>Kenaston Boulevard</name>
      <type abbr="Blvd">Boulevard</type>
    </cross-street>
    <centre>
      <utm zone="14U">
        <x>628935</x>
        <y>5525660</y>
      </utm>
      <geographic>
        <latitude>49.86945</latitude>
        <longitude>-97.20572</longitude>
      </geographic>
    </centre>
  </stop>
  <stop xlink:href="stops/60453">
    <key>60453</key>
    <name>Eastbound Tuxedo at Doncaster</name>
    <number>60453</number>
    <direction abbr="EB">Eastbound</direction>
    <side abbr="FS">Farside</side>
    <street xlink:href="streets/3674">
      <key>3674</key>
      <name>Tuxedo Avenue</name>
      <type abbr="Ave">Avenue</type>
    </street>
    <cross-street xlink:href="streets/1074">
      <key>1074</key>
      <name>Doncaster Street</name>
      <type abbr="St">Street</type>
    </cross-street>
    <centre>
      <utm zone="14U">
        <x>628779</x>
        <y>5525666</y>
      </utm>
      <geographic>
        <latitude>49.86954</latitude>
        <longitude>-97.20789</longitude>
      </geographic>
    </centre>
  </stop>
  <stop xlink:href="stops/60458">
    <key>60458</key>
    <name>Westbound Corydon at Edgeland</name>
    <number>60458</number>
    <direction abbr="WB">Westbound</direction>
    <side abbr="FS">Farside</side>
    <street xlink:href="streets/882">
      <key>882</key>
      <name>Corydon Avenue</name>
      <type abbr="Ave">Avenue</type>
    </street>
    <cross-street xlink:href="streets/1193">
      <key>1193</key>
      <name>Edgeland Boulevard</name>
      <type abbr="Blvd">Boulevard</type>
    </cross-street>
    <centre>
      <utm zone="14U">
        <x>628519</x>
        <y>5525327</y>
      </utm>
      <geographic>
        <latitude>49.86655</latitude>
        <longitude>-97.21162</longitude>
      </geographic>
    </centre>
  </stop>
  <stop xlink:href="stops/60460">
    <key>60460</key>
    <name>Westbound Corydon at Southport</name>
    <number>60460</number>
    <direction abbr="WB">Westbound</direction>
    <side abbr="DO">Direct Opposite</side>
    <street xlink:href="streets/882">
      <key>882</key>
      <name>Corydon Avenue</name>
      <type abbr="Ave">Avenue</type>
    </street>
    <cross-street xlink:href="streets/3403">
      <key>3403</key>
      <name>Southport Boulevard</name>
      <type abbr="Blvd">Boulevard</type>
    </cross-street>
    <centre>
      <utm zone="14U">
        <x>628324</x>
        <y>5525334</y>
      </utm>
      <geographic>
        <latitude>49.86665</latitude>
        <longitude>-97.21433</longitude>
      </geographic>
    </centre>
  </stop>
  <stop xlink:href="stops/60691">
    <key>60691</key>
    <name>Eastbound Corydon at Carpathia</name>
    <number>60691</number>
    <direction abbr="EB">Eastbound</direction>
    <side abbr="NS">Nearside</side>
    <street xlink:href="streets/882">
      <key>882</key>
      <name>Corydon Avenue</name>
      <type abbr="Ave">Avenue</type>
    </street>
    <cross-street xlink:href="streets/654">
      <key>654</key>
      <name>Carpathia Road</name>
      <type abbr="Rd">Road</type>
    </cross-street>
    <centre>
      <utm zone="14U">
        <x>629028</x>
        <y>5525054</y>
      </utm>
      <geographic>
        <latitude>49.86399</latitude>
        <longitude>-97.20463</longitude>
      </geographic>
    </centre>
  </stop>
  <stop xlink:href="stops/60692">
    <key>60692</key>
    <name>Eastbound Corydon at Cambridge East</name>
    <number>60692</number>
    <direction abbr="EB">Eastbound</direction>
    <side abbr="FS">Farside</side>
    <street xlink:href="streets/882">
      <key>882</key>
      <name>Corydon Avenue</name>
      <type abbr="Ave">Avenue</type>
    </street>
    <cross-street xlink:href="streets/610">
      <key>610</key>
      <name>Cambridge Street</name>
      <type abbr="St">Street</type>
    </cross-street>
    <centre>
      <utm zone="14U">
        <x>631207</x>
        <y>5525001</y>
      </utm>
      <geographic>
        <latitude>49.86304</latitude>
        <longitude>-97.17434</longitude>
      </geographic>
    </centre>
  </stop>
  <stop xlink:href="stops/60720">
    <key>60720</key>
    <name>Northbound Tuxedo at Girton</name>
    <number>60720</number>
    <direction abbr="NB">Northbound</direction>
    <side abbr="NSO">Nearside Opposite</side>
    <street xlink:href="streets/3674">
      <key>3674</key>
      <name>Tuxedo Avenue</name>
      <type abbr="Ave">Avenue</type>
    </street>
    <cross-street xlink:href="streets/1483">
      <key>1483</key>
      <name>Girton Boulevard</name>
      <type abbr="Blvd">Boulevard</type>
    </cross-street>
    <centre>
      <utm zone="14U">
        <x>628321</x>
        <y>5525447</y>
      </utm>
      <geographic>
        <latitude>49.86767</latitude>
        <longitude>-97.21433</longitude>
      </geographic>
    </centre>
  </stop>
  <stop xlink:href="stops/60780">
    <key>60780</key>
    <name>Eastbound Tuxedo at Edgeland</name>
    <number>60780</number>
    <direction abbr="EB">Eastbound</direction>
    <side abbr="FS">Farside</side>
    <street xlink:href="streets/3674">
      <key>3674</key>
      <name>Tuxedo Avenue</name>
      <type abbr="Ave">Avenue</type>
    </street>
    <cross-street xlink:href="streets/1193">
      <key>1193</key>
      <name>Edgeland Boulevard</name>
      <type abbr="Blvd">Boulevard</type>
    </cross-street>
    <centre>
      <utm zone="14U">
        <x>628597</x>
        <y>5525673</y>
      </utm>
      <geographic>
        <latitude>49.86964</latitude>
        <longitude>-97.21042</longitude>
      </geographic>
    </centre>
  </stop>
</stops>
