<?xml version="1.0" encoding="UTF-8"?>
<stops xmlns:utm="http://winnipegtransit.com/coordinates/utm" xmlns:ang="http://winnipegtransit.com/coordinates/angular" xmlns:xlink="http://www.w3.org/1999/xlink" xlink:base="" query-time="2024-07-11T09:32:25">
  <stop xlink:href="stops/10001">
    <key>10001</key>
    <name>Southbound Osborne at Mulvey</name>
    <number>10001</number>
    <direction abbr="SB">Southbound</direction>
    <side abbr="FSO">Farside Opposite</side>
    <street xlink:href="streets/2715">
      <key>2715</key>
      <name>Osborne Street</name>
      <type abbr="St">Street</type>
    </street>
    <cross-street xlink:href="streets/4122">
      <key>4122</key>
      <name>Mulvey Avenue</name>
      <type abbr="Ave">Avenue</type>
      <leg abbr="E">East</leg>
    </cross-street>
    <centre>
      <utm zone="14U">
        <x>633687</x>
        <y>5525978</y>
      </utm>
      <geographic>
        <latitude>49.87127</latitude>
        <longitude>-97.13952</longitude>
      </geographic>
    </centre>
  </stop>
  <stop xlink:href="stops/10002">
    <key>10002</key>
    <name>Southbound Osborne at Woodward</name>
    <number>10002</number>
    <direction abbr="SB">Southbound</direction>
    <side abbr="NS">Nearside</side>
    <street xlink:href="streets/2715">
      <key>2715</key>
      <name>Osborne Street</name>
      <type abbr="St">Street</type>
    </street>
    <cross-street xlink:href="streets/3985">
      <key>3985</key>
      <name>Woodward Avenue</name>
      <type abbr="Ave">Avenue</type>
    </cross-street>
    <centre>
      <utm zone="14U">
        <x>633835</x>
        <y>5525710</y>
      </utm>
      <geographic>
        <latitude>49.86883</latitude>
        <longitude>-97.13755</longitude>
      </geographic>
    </centre>
  </stop>
  <stop xlink:href="stops/10003">
    <key>10003</key>
    <name>Southbound Osborne at Brandon</name>
    <number>10003</number>
    <direction abbr="SB">Southbound</direction>
    <side abbr="NS">Nearside</side>
    <street xlink:href="streets/2715">
      <key>2715</key>
      <name>Osborne Street</name>
      <type abbr="St">Street</type>
    </street>
    <cross-street xlink:href="streets/472">
      <key>472</key>
      <name>Brandon Avenue</name>
      <type abbr="Ave">Avenue</type>
    </cross-street>
    <centre>
      <utm zone="14U">
        <x>633892</x>
        <y>5525607</y>
      </utm>
      <geographic>
        <latitude>49.86789</latitude>
        <longitude>-97.1368</longitude>
      </geographic>
    </centre>
  </stop>
  <stop xlink:href="stops/10004">
    <key>10004</key>
    <name>Southbound Osborne at Hethrington</name>
    <number>10004</number>
    <direction abbr="SB">Southbound</direction>
    <side abbr="NS">Nearside</side>
    <street xlink:href="streets/2715">
      <key>2715</key>
      <name>Osborne Street</name>
      <type abbr="St">Street</type>
    </street>
    <cross-street xlink:href="streets/1730">
      <key>1730</key>
      <name>Hethrington Avenue</name>
      <type abbr="Ave">Avenue</type>
    </cross-street>
    <centre>
      <utm zone="14U">
        <x>633974</x>
        <y>5525458</y>
      </utm>
      <geographic>
        <latitude>49.86653</latitude>
        <longitude>-97.13571</longitude>
      </geographic>
    </centre>
  </stop>
  <stop xlink:href="stops/10005">
    <key>10005</key>
    <name>Southbound Osborne at Morley</name>
    <number>10005</number>
    <direction abbr="SB">Southbound</direction>
    <side abbr="NS">Nearside</side>
    <street xlink:href="streets/2715">
      <key>2715</key>
      <name>Osborne Street</name>
      <type abbr="St">Street</type>
    </street>
    <cross-street xlink:href="streets/2551">
      <key>2551</key>
      <name>Morley Avenue</name>
      <type abbr="Ave">Avenue</type>
    </cross-street>
    <centre>
      <utm zone="14U">
        <x>634057</x>
        <y>5525309</y>
      </utm>
      <geographic>
        <latitude>49.86517</latitude>
        <longitude>-97.1346</longitude>
      </geographic>
    </centre>
  </stop>
  <stop xlink:href="stops/10006">
    <key>10006</key>
    <name>Southbound Osborne at Kylemore</name>
    <number>10006</number>
    <direction abbr="SB">Southbound</direction>
    <side abbr="FS">Farside</side>
    <street xlink:href="streets/2715">
      <key>2715</key>
      <name>Osborne Street</name>
      <type abbr="St">Street</type>
    </street>
    <cross-street xlink:href="streets/2022">
      <key>2022</key>
      <name>Kylemore Avenue</name>
      <type abbr="Ave">Avenue</type>
    </cross-street>
    <centre>
      <utm zone="14U">
        <x>634173</x>
        <y>5525099</y>
      </utm>
      <geographic>
        <latitude>49.86326</latitude>
        <longitude>-97.13306</longitude>
      </geographic>
    </centre>
  </stop>
  <stop xlink:href="stops/10007">
    <key>10007</key>
    <name>Southbound Osborne at Ashland</name>
    <number>10007</number>
    <direction abbr="SB">Southbound</direction>
    <side abbr="NSO">Nearside Opposite</side>
    <street xlink:href="streets/2715">
      <key>2715</key>
      <name>Osborne Street</name>
      <type abbr="St">Street</type>
    </street>
    <cross-street xlink:href="streets/165">
      <key>165</key>
      <name>Ashland Avenue</name>
      <type abbr="Ave">Avenue</type>
    </cross-street>
    <centre>
      <utm zone="14U">
        <x>634306</x>
        <y>5524859</y>
      </utm>
      <geographic>
        <latitude>49.86107</latitude>
        <longitude>-97.1313</longitude>
      </geographic>
    </centre>
  </stop>
  <stop xlink:href="stops/10008">
    <key>10008</key>
    <name>Southbound Osborne at Jubilee</name>
    <number>10008</number>
    <direction abbr="SB">Southbound</direction>
    <side abbr="NS">Nearside</side>
    <street xlink:href="streets/2715">
      <key>2715</key>
      <name>Osborne Street</name>
      <type abbr="St">Street</type>
    </street>
    <cross-street xlink:href="streets/1902">
      <key>1902</key>
      <name>Jubilee Avenue</name>
      <type abbr="Ave">Avenue</type>
    </cross-street>
    <centre>
      <utm zone="14U">
        <x>634379</x>
        <y>5524722</y>
      </utm>
      <geographic>
        <latitude>49.85983</latitude>
        <longitude>-97.13033</longitude>
      </geographic>
    </centre>
  </stop>
  <stop xlink:href="stops/10009">
    <key>10009</key>
    <name>Southbound Osborne at Montague</name>
    <number>10009</number>
    <direction abbr="SB">Southbound</direction>
    <side abbr="FS">Farside</side>
    <street xlink:href="streets/2715">
      <key>2715</key>
      <name>Osborne Street</name>
      <type abbr="St">Street</type>
    </street>
    <cross-street xlink:href="streets/2534">
      <key>2534</key>
      <name>Montague Avenue</name>
      <type abbr="Ave">Avenue</type>
    </cross-street>
    <centre>
      <utm zone="14U">
        <x>634513</x>
        <y>5524501</y>
      </utm>
      <geographic>
        <latitude>49.85781</latitude>
        <longitude>-97.12854</longitude>
      </geographic>
    </centre>
  </stop>
  <stop xlink:href="stops/10067">
    <key>10067</key>
    <name>Southbound Osborne at Osborne Junction</name>
    <number>10067</number>
    <direction abbr="SB">Southbound</direction>
    <side abbr="NS">Nearside</side>
    <street xlink:href="streets/2715">
      <key>2715</key>
      <name>Osborne Street</name>
      <type abbr="St">Street</type>
    </street>
    <cross-street xlink:href="streets/882">
      <key>882</key>
      <name>Corydon Avenue</name>
      <type abbr="Ave">Avenue</type>
    </cross-street>
    <centre>
      <utm zone="14U">
        <x>633480</x>
        <y>5526351</y>
      </utm>
      <geographic>
        <latitude>49.87467</latitude>
        <longitude>-97.14227</longitude>
      </geographic>
    </centre>
  </stop>
  <stop xlink:href="stops/10172">
    <key>10172</key>
    <name>Southbound Osborne at River</name>
    <number>10172</number>
    <direction abbr="SB">Southbound</direction>
    <side abbr="NS">Nearside</side>
    <street xlink:href="streets/2715">
      <key>2715</key>
      <name>Osborne Street</name>
      <type abbr="St">Street</type>
    </street>
    <cross-street xlink:href="streets/3057">
      <key>3057</key>
      <name>River Avenue</name>
      <type abbr="Ave">Avenue</type>
    </cross-street>
    <centre>
      <utm zone="14U">
        <x>633161</x>
        <y>5526845</y>
      </utm>
      <geographic>
        <latitude>49.87918</latitude>
        <longitude>-97.14654</longitude>
      </geographic>
    </centre>
  </stop>
  <stop xlink:href="stops/10185">
    <key>10185</key>
    <name>Southbound Osborne at Wardlaw</name>
    <number>10185</number>
    <direction abbr="SB">Southbound</direction>
    <side abbr="NS">Nearside</side>
    <street xlink:href="streets/2715">
      <key>2715</key>
      <name>Osborne Street</name>
      <type abbr="St">Street</type>
    </street>
    <cross-street xlink:href="streets/3781">
      <key>3781</key>
      <name>Wardlaw Avenue</name>
      <type abbr="Ave">Avenue</type>
    </cross-street>
    <centre>
      <utm zone="14U">
        <x>633339</x>
        <y>5526606</y>
      </utm>
      <geographic>
        <latitude>49.87699</latitude>
        <longitude>-97.14414</longitude>
      </geographic>
    </centre>
  </stop>
  <stop xlink:href="stops/10598">
    <key>10598</key>
    <name>Southbound Osborne at York</name>
    <number>10598</number>
    <direction abbr="SB">Southbound</direction>
    <side abbr="NS">Nearside</side>
    <street xlink:href="streets/2716">
      <key>2716</key>
      <name>Osborne Street</name>
      <type abbr="St">Street</type>
      <leg abbr="N">North</leg>
    </street>
    <cross-street xlink:href="streets/4014">
      <key>4014</key>
      <name>York Avenue</name>
      <type abbr="Ave">Avenue</type>
    </cross-street>
    <centre>
      <utm zone="14U">
        <x>632886</x>
        <y>5527814</y>
      </utm>
      <geographic>
        <latitude>49.88795</latitude>
        <longitude>-97.15003</longitude>
      </geographic>
    </centre>
  </stop>
  <stop xlink:href="stops/10599">
    <key>10599</key>
    <name>Southbound Osborne at Broadway (Legislature)</name>
    <number>10599</number>
    <direction abbr="SB">Southbound</direction>
    <side abbr="NS">Nearside</side>
    <street xlink:href="streets/2716">
      <key>2716</key>
      <name>Osborne Street</name>
      <type abbr="St">Street</type>
      <leg abbr="N">North</leg>
    </street>
    <cross-street xlink:href="streets/519">
      <key>519</key>
      <name>Broadway</name>
    </cross-street>
    <centre>
      <utm zone="14U">
        <x>632895</x>
        <y>5527558</y>
      </utm>
      <geographic>
        <latitude>49.88565</latitude>
        <longitude>-97.14999</longitude>
      </geographic>
    </centre>
  </stop>
  <stop xlink:href="stops/10600">
    <key>10600</key>
    <name>Southbound Osborne at Granite</name>
    <number>10600</number>
    <direction abbr="SB">Southbound</direction>
    <side abbr="NS">Nearside</side>
    <street xlink:href="streets/2716">
      <key>2716</key>
      <name>Osborne Street</name>
      <type abbr="St">Street</type>
      <leg abbr="N">North</leg>
    </street>
    <cross-street xlink:href="streets/4653">
      <key>4653</key>
      <name>Granite Way</name>
      <type abbr="Way">Way</type>
    </cross-street>
    <centre>
      <utm zone="14U">
        <x>632983</x>
        <y>5527301</y>
      </utm>
      <geographic>
        <latitude>49.88332</latitude>
        <longitude>-97.14886</longitude>
      </geographic>
    </centre>
  </stop>
  <stop xlink:href="stops/10612">
    <key>10612</key>
    <name>Westbound Graham at Garry (Wpg Square)</name>
    <number>10612</number>
    <direction abbr="WB">Westbound</direction>
    <side abbr="NS">Nearside</side>
    <street xlink:href="streets/1533">
      <key>1533</key>
      <name>Graham Avenue</name>
      <type abbr="Ave">Avenue</type>
    </street>
    <cross-street xlink:href="streets/1437">
      <key>1437</key>
      <name>Garry Street</name>
      <type abbr="St">Street</type>
    </cross-street>
    <centre>
      <utm zone="14U">
        <x>633608</x>
        <y>5528372</y>
      </utm>
      <geographic>
        <latitude>49.89281</latitude>
        <longitude>-97.13979</longitude>
      </geographic>
    </centre>
  </stop>
  <stop xlink:href="stops/10614">
    <key>10614</key>
    <name>Westbound Graham at Donald (Canada Life Centre)</name>
    <number>10614</number>
    <direction abbr="WB">Westbound</direction>
    <side abbr="NS">Nearside</side>
    <street xlink:href="streets/1533">
      <key>1533</key>
      <name>Graham Avenue</name>
      <type abbr="Ave">Avenue</type>
    </street>
    <cross-street xlink:href="streets/1070">
      <key>1070</key>
      <name>Donald Street</name>
      <type abbr="St">Street</type>
    </cross-street>
    <centre>
      <utm zone="14U">
        <x>633417</x>
        <y>5528300</y>
      </utm>
      <geographic>
        <latitude>49.8922</latitude>
        <longitude>-97.14247</longitude>
      </geographic>
    </centre>
  </stop>
  <stop xlink:href="stops/10617">
    <key>10617</key>
    <name>Westbound Graham at Edmonton (RWB)</name>
    <number>10617</number>
    <direction abbr="WB">Westbound</direction>
    <side abbr="NS">Nearside</side>
    <street xlink:href="streets/1533">
      <key>1533</key>
      <name>Graham Avenue</name>
      <type abbr="Ave">Avenue</type>
    </street>
    <cross-street xlink:href="streets/1201">
      <key>1201</key>
      <name>Edmonton Street</name>
      <type abbr="St">Street</type>
    </cross-street>
    <centre>
      <utm zone="14U">
        <x>633134</x>
        <y>5528193</y>
      </utm>
      <geographic>
        <latitude>49.89131</latitude>
        <longitude>-97.14645</longitude>
      </geographic>
    </centre>
  </stop>
  <stop xlink:href="stops/10619">
    <key>10619</key>
    <name>Westbound Graham at Vaughan (The Bay)</name>
    <number>10619</number>
    <direction abbr="WB">Westbound</direction>
    <side abbr="NS">Nearside</side>
    <street xlink:href="streets/1533">
      <key>1533</key>
      <name>Graham Avenue</name>
      <type abbr="Ave">Avenue</type>
    </street>
    <cross-street xlink:href="streets/3716">
      <key>3716</key>
      <name>Vaughan Street</name>
      <type abbr="St">Street</type>
    </cross-street>
    <centre>
      <utm zone="14U">
        <x>632952</x>
        <y>5528122</y>
      </utm>
      <geographic>
        <latitude>49.89071</latitude>
        <longitude>-97.149</longitude>
      </geographic>
    </centre>
  </stop>
  <stop xlink:href="stops/10632">
    <key>10632</key>
    <name>Southbound Main at Henry</name>
    <number>10632</number>
    <direction abbr="SB">Southbound</direction>
    <side abbr="FS">Farside</side>
    <street xlink:href="streets/2265">
      <key>2265</key>
      <name>Main Street</name>
      <type abbr="St">Street</type>
    </street>
    <cross-street xlink:href="streets/1720">
      <key>1720</key>
      <name>Henry Avenue</name>
      <type abbr="Ave">Avenue</type>
    </cross-street>
    <centre>
      <utm zone="14U">
        <x>633896</x>
        <y>5529559</y>
      </utm>
      <geographic>
        <latitude>49.90342</latitude>
        <longitude>-97.13537</longitude>
      </geographic>
    </centre>
  </stop>
  <stop xlink:href="stops/10633">
    <key>10633</key>
    <name>Southbound Main at Alexander</name>
    <number>10633</number>
    <direction abbr="SB">Southbound</direction>
    <side abbr="NS">Nearside</side>
    <street xlink:href="streets/2265">
      <key>2265</key>
      <name>Main Street</name>
      <type abbr="St">Street</type>
    </street>
    <cross-street xlink:href="streets/57">
      <key>57</key>
      <name>Alexander Avenue</name>
      <type abbr="Ave">Avenue</type>
    </cross-street>
    <centre>
      <utm zone="14U">
        <x>633807</x>
        <y>5529376</y>
      </utm>
      <geographic>
        <latitude>49.90179</latitude>
        <longitude>-97.13667</longitude>
      </geographic>
    </centre>
  </stop>
  <stop xlink:href="stops/10634">
    <key>10634</key>
    <name>Southbound Main at James</name>
    <number>10634</number>
    <direction abbr="SB">Southbound</direction>
    <side abbr="NS">Nearside</side>
    <street xlink:href="streets/2265">
      <key>2265</key>
      <name>Main Street</name>
      <type abbr="St">Street</type>
    </street>
    <cross-street xlink:href="streets/1862">
      <key>1862</key>
      <name>James Avenue</name>
      <type abbr="Ave">Avenue</type>
    </cross-street>
    <centre>
      <utm zone="14U">
        <x>633713</x>
        <y>5529201</y>
      </utm>
      <geographic>
        <latitude>49.90024</latitude>
        <longitude>-97.13804</longitude>
      </geographic>
    </centre>
  </stop>
  <stop xlink:href="stops/10635">
    <key>10635</key>
    <name>Southbound Main at William (City Hall)</name>
    <number>10635</number>
    <direction abbr="SB">Southbound</direction>
    <side abbr="NS">Nearside</side>
    <street xlink:href="streets/2265">
      <key>2265</key>
      <name>Main Street</name>
      <type abbr="St">Street</type>
    </street>
    <cross-street xlink:href="streets/3905">
      <key>3905</key>
      <name>William Avenue</name>
      <type abbr="Ave">Avenue</type>
    </cross-street>
    <centre>
      <utm zone="14U">
        <x>633642</x>
        <y>5529066</y>
      </utm>
      <geographic>
        <latitude>49.89904</latitude>
        <longitude>-97.13908</longitude>
      </geographic>
    </centre>
  </stop>
  <stop xlink:href="stops/10636">
    <key>10636</key>
    <name>Southbound Main at McDermot</name>
    <number>10636</number>
    <direction abbr="SB">Southbound</direction>
    <side abbr="NS">Nearside</side>
    <street xlink:href="streets/2265">
      <key>2265</key>
      <name>Main Street</name>
      <type abbr="St">Street</type>
    </street>
    <cross-street xlink:href="streets/2400">
      <key>2400</key>
      <name>McDermot Avenue</name>
      <type abbr="Ave">Avenue</type>
    </cross-street>
    <centre>
      <utm zone="14U">
        <x>633646</x>
        <y>5528853</y>
      </utm>
      <geographic>
        <latitude>49.89712</latitude>
        <longitude>-97.1391</longitude>
      </geographic>
    </centre>
  </stop>
  <stop xlink:href="stops/10638">
    <key>10638</key>
    <name>Southbound Main at Pioneer</name>
    <number>10638</number>
    <direction abbr="SB">Southbound</direction>
    <side abbr="FSO">Farside Opposite</side>
    <street xlink:href="streets/2265">
      <key>2265</key>
      <name>Main Street</name>
      <type abbr="St">Street</type>
    </street>
    <cross-street xlink:href="streets/2871">
      <key>2871</key>
      <name>Pioneer Avenue</name>
      <type abbr="Ave">Avenue</type>
    </cross-street>
    <centre>
      <utm zone="14U">
        <x>633739</x>
        <y>5528516</y>
      </utm>
      <geographic>
        <latitude>49.89407</latitude>
        <longitude>-97.13792</longitude>
      </geographic>
    </centre>
  </stop>
  <stop xlink:href="stops/10840">
    <key>10840</key>
    <name>Southbound Vaughan at St. Mary</name>
    <number>10840</number>
    <direction abbr="SB">Southbound</direction>
    <side abbr="NS">Nearside</side>
    <street xlink:href="streets/3716">
      <key>3716</key>
      <name>Vaughan Street</name>
      <type abbr="St">Street</type>
    </street>
    <cross-street xlink:href="streets/3452">
      <key>3452</key>
      <name>St Mary Avenue</name>
      <type abbr="Ave">Avenue</type>
    </cross-street>
    <centre>
      <utm zone="14U">
        <x>632987</x>
        <y>5527963</y>
      </utm>
      <geographic>
        <latitude>49.88927</latitude>
        <longitude>-97.14857</longitude>
      </geographic>
    </centre>
  </stop>
  <stop xlink:href="stops/10911">
    <key>10911</key>
    <name>Southbound Osborne at Osborne Station</name>
    <number>10911</number>
    <direction abbr="SB">Southbound</direction>
    <side abbr="NS">Nearside</side>
    <street xlink:href="streets/2715">
      <key>2715</key>
      <name>Osborne Street</name>
      <type abbr="St">Street</type>
    </street>
    <cross-street xlink:href="streets/1876">
      <key>1876</key>
      <name>Jessie Avenue</name>
      <type abbr="Ave">Avenue</type>
    </cross-street>
    <centre>
      <utm zone="14U">
        <x>633533</x>
        <y>5526261</y>
      </utm>
      <geographic>
        <latitude>49.87385</latitude>
        <longitude>-97.14156</longitude>
      </geographic>
    </centre>
  </stop>
  <stop xlink:href="stops/30093">
    <key>30093</key>
    <name>Eastbound Selkirk at Main</name>
    <number>30093</number>
    <direction abbr="EB">Eastbound</direction>
    <side abbr="NS">Nearside</side>
    <street xlink:href="streets/3259">
      <key>3259</key>
      <name>Selkirk Avenue</name>
      <type abbr="Ave">Avenue</type>
    </street>
    <cross-street xlink:href="streets/2265">
      <key>2265</key>
      <name>Main Street</name>
      <type abbr="St">Street</type>
    </cross-street>
    <centre>
      <utm zone="14U">
        <x>634032</x>
        <y>5530491</y>
      </utm>
      <geographic>
        <latitude>49.91176</latitude>
        <longitude>-97.13316</longitude>
      </geographic>
    </centre>
  </stop>
  <stop xlink:href="stops/30094">
    <key>30094</key>
    <name>Southbound Main at Dufferin</name>
    <number>30094</number>
    <direction abbr="SB">Southbound</direction>
    <side abbr="NS">Nearside</side>
    <street xlink:href="streets/2265">
      <key>2265</key>
      <name>Main Street</name>
      <type abbr="St">Street</type>
    </street>
    <cross-street xlink:href="streets/1118">
      <key>1118</key>
      <name>Dufferin Avenue</name>
      <type abbr="Ave">Avenue</type>
    </cross-street>
    <centre>
      <utm zone="14U">
        <x>634004</x>
        <y>5530161</y>
      </utm>
      <geographic>
        <latitude>49.9088</latitude>
        <longitude>-97.13366</longitude>
      </geographic>
    </centre>
  </stop>
  <stop xlink:href="stops/30096">
    <key>30096</key>
    <name>Southbound Main at Jarvis</name>
    <number>30096</number>
    <direction abbr="SB">Southbound</direction>
    <side abbr="FS">Farside</side>
    <street xlink:href="streets/2265">
      <key>2265</key>
      <name>Main Street</name>
      <type abbr="St">Street</type>
    </street>
    <cross-street xlink:href="streets/1867">
      <key>1867</key>
      <name>Jarvis Avenue</name>
      <type abbr="Ave">Avenue</type>
    </cross-street>
    <centre>
      <utm zone="14U">
        <x>633984</x>
        <y>5530011</y>
      </utm>
      <geographic>
        <latitude>49.90746</latitude>
        <longitude>-97.13399</longitude>
      </geographic>
    </centre>
  </stop>
  <stop xlink:href="stops/30119">
    <key>30119</key>
    <name>Eastbound Selkirk at Aikins</name>
    <number>30119</number>
    <direction abbr="EB">Eastbound</direction>
    <side abbr="FS">Farside</side>
    <street xlink:href="streets/3259">
      <key>3259</key>
      <name>Selkirk Avenue</name>
      <type abbr="Ave">Avenue</type>
    </street>
    <cross-street xlink:href="streets/29">
      <key>29</key>
      <name>Aikins Street</name>
      <type abbr="St">Street</type>
    </cross-street>
    <centre>
      <utm zone="14U">
        <x>633640</x>
        <y>5530673</y>
      </utm>
      <geographic>
        <latitude>49.91349</latitude>
        <longitude>-97.13855</longitude>
      </geographic>
    </centre>
  </stop>
  <stop xlink:href="stops/30120">
    <key>30120</key>
    <name>Eastbound Selkirk at Charles</name>
    <number>30120</number>
    <direction abbr="EB">Eastbound</direction>
    <side abbr="NS">Nearside</side>
    <street xlink:href="streets/3259">
      <key>3259</key>
      <name>Selkirk Avenue</name>
      <type abbr="Ave">Avenue</type>
    </street>
    <cross-street xlink:href="streets/725">
      <key>725</key>
      <name>Charles Street</name>
      <type abbr="St">Street</type>
    </cross-street>
    <centre>
      <utm zone="14U">
        <x>633780</x>
        <y>5530608</y>
      </utm>
      <geographic>
        <latitude>49.91287</latitude>
        <longitude>-97.13662</longitude>
      </geographic>
    </centre>
  </stop>
  <stop xlink:href="stops/30176">
    <key>30176</key>
    <name>Eastbound Selkirk at Salter</name>
    <number>30176</number>
    <direction abbr="EB">Eastbound</direction>
    <side abbr="NS">Nearside</side>
    <street xlink:href="streets/3259">
      <key>3259</key>
      <name>Selkirk Avenue</name>
      <type abbr="Ave">Avenue</type>
    </street>
    <cross-street xlink:href="streets/3181">
      <key>3181</key>
      <name>Salter Street</name>
      <type abbr="St">Street</type>
    </cross-street>
    <centre>
      <utm zone="14U">
        <x>633388</x>
        <y>5530790</y>
      </utm>
      <geographic>
        <latitude>49.91459</latitude>
        <longitude>-97.14202</longitude>
      </geographic>
    </centre>
  </stop>
  <stop xlink:href="stops/30198">
    <key>30198</key>
    <name>Eastbound Selkirk at Salter West</name>
    <number>30198</number>
    <direction abbr="EB">Eastbound</direction>
    <side abbr="NS">Nearside</side>
    <street xlink:href="streets/3259">
      <key>3259</key>
      <name>Selkirk Avenue</name>
      <type abbr="Ave">Avenue</type>
    </street>
    <cross-street xlink:href="streets/3181">
      <key>3181</key>
      <name>Salter Street</name>
      <type abbr="St">Street</type>
    </cross-street>
    <centre>
      <utm zone="14U">
        <x>633226</x>
        <y>5530866</y>
      </utm>
      <geographic>
        <latitude>49.91531</latitude>
        <longitude>-97.14425</longitude>
      </geographic>
    </centre>
  </stop>
  <stop xlink:href="stops/30200">
    <key>30200</key>
    <name>Eastbound Selkirk at Andrews</name>
    <number>30200</number>
    <direction abbr="EB">Eastbound</direction>
    <side abbr="NS">Nearside</side>
    <street xlink:href="streets/3259">
      <key>3259</key>
      <name>Selkirk Avenue</name>
      <type abbr="Ave">Avenue</type>
    </street>
    <cross-street xlink:href="streets/104">
      <key>104</key>
      <name>Andrews Street</name>
      <type abbr="St">Street</type>
    </cross-street>
    <centre>
      <utm zone="14U">
        <x>633035</x>
        <y>5530955</y>
      </utm>
      <geographic>
        <latitude>49.91616</latitude>
        <longitude>-97.14687</longitude>
      </geographic>
    </centre>
  </stop>
  <stop xlink:href="stops/30261">
    <key>30261</key>
    <name>Eastbound Selkirk at McGregor</name>
    <number>30261</number>
    <direction abbr="EB">Eastbound</direction>
    <side abbr="NS">Nearside</side>
    <street xlink:href="streets/3259">
      <key>3259</key>
      <name>Selkirk Avenue</name>
      <type abbr="Ave">Avenue</type>
    </street>
    <cross-street xlink:href="streets/2412">
      <key>2412</key>
      <name>McGregor Street</name>
      <type abbr="St">Street</type>
    </cross-street>
    <centre>
      <utm zone="14U">
        <x>632867</x>
        <y>5531034</y>
      </utm>
      <geographic>
        <latitude>49.9169</latitude>
        <longitude>-97.14919</longitude>
      </geographic>
    </centre>
  </stop>
  <stop xlink:href="stops/30277">
    <key>30277</key>
    <name>Eastbound Selkirk at McKenzie</name>
    <number>30277</number>
    <direction abbr="EB">Eastbound</direction>
    <side abbr="NS">Nearside</side>
    <street xlink:href="streets/3259">
      <key>3259</key>
      <name>Selkirk Avenue</name>
      <type abbr="Ave">Avenue</type>
    </street>
    <cross-street xlink:href="streets/2422">
      <key>2422</key>
      <name>McKenzie Street</name>
      <type abbr="St">Street</type>
    </cross-street>
    <centre>
      <utm zone="14U">
        <x>632690</x>
        <y>5531119</y>
      </utm>
      <geographic>
        <latitude>49.91771</latitude>
        <longitude>-97.15162</longitude>
      </geographic>
    </centre>
  </stop>
  <stop xlink:href="stops/30279">
    <key>30279</key>
    <name>Eastbound Selkirk at Parr</name>
    <number>30279</number>
    <direction abbr="EB">Eastbound</direction>
    <side abbr="NS">Nearside</side>
    <street xlink:href="streets/3259">
      <key>3259</key>
      <name>Selkirk Avenue</name>
      <type abbr="Ave">Avenue</type>
    </street>
    <cross-street xlink:href="streets/2784">
      <key>2784</key>
      <name>Parr Street</name>
      <type abbr="St">Street</type>
    </cross-street>
    <centre>
      <utm zone="14U">
        <x>632507</x>
        <y>5531204</y>
      </utm>
      <geographic>
        <latitude>49.91851</latitude>
        <longitude>-97.15414</longitude>
      </geographic>
    </centre>
  </stop>
  <stop xlink:href="stops/30311">
    <key>30311</key>
    <name>Eastbound Selkirk at Arlington</name>
    <number>30311</number>
    <direction abbr="EB">Eastbound</direction>
    <side abbr="NS">Nearside</side>
    <street xlink:href="streets/3259">
      <key>3259</key>
      <name>Selkirk Avenue</name>
      <type abbr="Ave">Avenue</type>
    </street>
    <cross-street xlink:href="streets/141">
      <key>141</key>
      <name>Arlington Street</name>
      <type abbr="St">Street</type>
    </cross-street>
    <centre>
      <utm zone="14U">
        <x>632317</x>
        <y>5531292</y>
      </utm>
      <geographic>
        <latitude>49.91935</latitude>
        <longitude>-97.15675</longitude>
      </geographic>
    </centre>
  </stop>
  <stop xlink:href="stops/30321">
    <key>30321</key>
    <name>Eastbound Selkirk at Sinclair</name>
    <number>30321</number>
    <direction abbr="EB">Eastbound</direction>
    <side abbr="FS">Farside</side>
    <street xlink:href="streets/3259">
      <key>3259</key>
      <name>Selkirk Avenue</name>
      <type abbr="Ave">Avenue</type>
    </street>
    <cross-street xlink:href="streets/3358">
      <key>3358</key>
      <name>Sinclair Street</name>
      <type abbr="St">Street</type>
    </cross-street>
    <centre>
      <utm zone="14U">
        <x>632192</x>
        <y>5531351</y>
      </utm>
      <geographic>
        <latitude>49.9199</latitude>
        <longitude>-97.15847</longitude>
      </geographic>
    </centre>
  </stop>
  <stop xlink:href="stops/30326">
    <key>30326</key>
    <name>Eastbound Selkirk at Sinclair West</name>
    <number>30326</number>
    <direction abbr="EB">Eastbound</direction>
    <side abbr="NS">Nearside</side>
    <street xlink:href="streets/3259">
      <key>3259</key>
      <name>Selkirk Avenue</name>
      <type abbr="Ave">Avenue</type>
    </street>
    <cross-street xlink:href="streets/3358">
      <key>3358</key>
      <name>Sinclair Street</name>
      <type abbr="St">Street</type>
    </cross-street>
    <centre>
      <utm zone="14U">
        <x>631942</x>
        <y>5531467</y>
      </utm>
      <geographic>
        <latitude>49.921</latitude>
        <longitude>-97.16192</longitude>
      </geographic>
    </centre>
  </stop>
  <stop xlink:href="stops/30331">
    <key>30331</key>
    <name>Eastbound Selkirk at Battery</name>
    <number>30331</number>
    <direction abbr="EB">Eastbound</direction>
    <side abbr="NS">Nearside</side>
    <street xlink:href="streets/3259">
      <key>3259</key>
      <name>Selkirk Avenue</name>
      <type abbr="Ave">Avenue</type>
    </street>
    <cross-street xlink:href="streets/265">
      <key>265</key>
      <name>Battery Street</name>
      <type abbr="St">Street</type>
    </cross-street>
    <centre>
      <utm zone="14U">
        <x>631772</x>
        <y>5531545</y>
      </utm>
      <geographic>
        <latitude>49.92174</latitude>
        <longitude>-97.16426</longitude>
      </geographic>
    </centre>
  </stop>
  <stop xlink:href="stops/30493">
    <key>30493</key>
    <name>Eastbound Manitoba at McPhillips</name>
    <number>30493</number>
    <direction abbr="EB">Eastbound</direction>
    <side abbr="NS">Nearside</side>
    <street xlink:href="streets/2290">
      <key>2290</key>
      <name>Manitoba Avenue</name>
      <type abbr="Ave">Avenue</type>
    </street>
    <cross-street xlink:href="streets/2443">
      <key>2443</key>
      <name>McPhillips Street</name>
      <type abbr="St">Street</type>
    </cross-street>
    <centre>
      <utm zone="14U">
        <x>631366</x>
        <y>5531939</y>
      </utm>
      <geographic>
        <latitude>49.92537</latitude>
        <longitude>-97.16978</longitude>
      </geographic>
    </centre>
  </stop>
  <stop xlink:href="stops/30498">
    <key>30498</key>
    <name>Eastbound Selkirk at Sgt Tommy Prince</name>
    <number>30498</number>
    <direction abbr="EB">Eastbound</direction>
    <side abbr="FSO">Farside Opposite</side>
    <street xlink:href="streets/3259">
      <key>3259</key>
      <name>Selkirk Avenue</name>
      <type abbr="Ave">Avenue</type>
    </street>
    <cross-street xlink:href="streets/3295">
      <key>3295</key>
      <name>Sgt Tommy Prince Street</name>
      <type abbr="St">Street</type>
    </cross-street>
    <centre>
      <utm zone="14U">
        <x>631558</x>
        <y>5531646</y>
      </utm>
      <geographic>
        <latitude>49.9227</latitude>
        <longitude>-97.1672</longitude>
      </geographic>
    </centre>
  </stop>
  <stop xlink:href="stops/30499">
    <key>30499</key>
    <name>Eastbound Selkirk at McPhillips</name>
    <number>30499</number>
    <direction abbr="EB">Eastbound</direction>
    <side abbr="FS">Farside</side>
    <street xlink:href="streets/3259">
      <key>3259</key>
      <name>Selkirk Avenue</name>
      <type abbr="Ave">Avenue</type>
    </street>
    <cross-street xlink:href="streets/2443">
      <key>2443</key>
      <name>McPhillips Street</name>
      <type abbr="St">Street</type>
    </cross-street>
    <centre>
      <utm zone="14U">
        <x>631428</x>
        <y>5531688</y>
      </utm>
      <geographic>
        <latitude>49.9231</latitude>
        <longitude>-97.169</longitude>
      </geographic>
    </centre>
  </stop>
  <stop xlink:href="stops/30528">
    <key>30528</key>
    <name>Eastbound Manitoba at McPhillips West</name>
    <number>30528</number>
    <direction abbr="EB">Eastbound</direction>
    <side abbr="NS">Nearside</side>
    <street xlink:href="streets/2290">
      <key>2290</key>
      <name>Manitoba Avenue</name>
      <type abbr="Ave">Avenue</type>
    </street>
    <cross-street xlink:href="streets/2443">
      <key>2443</key>
      <name>McPhillips Street</name>
      <type abbr="St">Street</type>
    </cross-street>
    <centre>
      <utm zone="14U">
        <x>631223</x>
        <y>5532005</y>
      </utm>
      <geographic>
        <latitude>49.926</latitude>
        <longitude>-97.17174</longitude>
      </geographic>
    </centre>
  </stop>
  <stop xlink:href="stops/30541">
    <key>30541</key>
    <name>Eastbound Manitoba at McNichol</name>
    <number>30541</number>
    <direction abbr="EB">Eastbound</direction>
    <side abbr="NS">Nearside</side>
    <street xlink:href="streets/2290">
      <key>2290</key>
      <name>Manitoba Avenue</name>
      <type abbr="Ave">Avenue</type>
    </street>
    <cross-street xlink:href="streets/2438">
      <key>2438</key>
      <name>McNichol Street</name>
      <type abbr="St">Street</type>
    </cross-street>
    <centre>
      <utm zone="14U">
        <x>630984</x>
        <y>5532117</y>
      </utm>
      <geographic>
        <latitude>49.92706</latitude>
        <longitude>-97.17503</longitude>
      </geographic>
    </centre>
  </stop>
  <stop xlink:href="stops/30544">
    <key>30544</key>
    <name>Eastbound Manitoba at Shaughnessy</name>
    <number>30544</number>
    <direction abbr="EB">Eastbound</direction>
    <side abbr="FS">Farside</side>
    <street xlink:href="streets/2290">
      <key>2290</key>
      <name>Manitoba Avenue</name>
      <type abbr="Ave">Avenue</type>
    </street>
    <cross-street xlink:href="streets/3303">
      <key>3303</key>
      <name>Shaughnessy Street</name>
      <type abbr="St">Street</type>
    </cross-street>
    <centre>
      <utm zone="14U">
        <x>630778</x>
        <y>5532213</y>
      </utm>
      <geographic>
        <latitude>49.92796</latitude>
        <longitude>-97.17787</longitude>
      </geographic>
    </centre>
  </stop>
  <stop xlink:href="stops/30550">
    <key>30550</key>
    <name>Eastbound Manitoba at Lawrence</name>
    <number>30550</number>
    <direction abbr="EB">Eastbound</direction>
    <side abbr="NS">Nearside</side>
    <street xlink:href="streets/2290">
      <key>2290</key>
      <name>Manitoba Avenue</name>
      <type abbr="Ave">Avenue</type>
    </street>
    <cross-street xlink:href="streets/2108">
      <key>2108</key>
      <name>Lawrence Street</name>
      <type abbr="St">Street</type>
    </cross-street>
    <centre>
      <utm zone="14U">
        <x>630518</x>
        <y>5532334</y>
      </utm>
      <geographic>
        <latitude>49.92911</latitude>
        <longitude>-97.18145</longitude>
      </geographic>
    </centre>
  </stop>
  <stop xlink:href="stops/30705">
    <key>30705</key>
    <name>Eastbound Egesz at Markwood</name>
    <number>30705</number>
    <direction abbr="EB">Eastbound</direction>
    <side abbr="NSO">Nearside Opposite</side>
    <street xlink:href="streets/1207">
      <key>1207</key>
      <name>Egesz Street</name>
      <type abbr="St">Street</type>
    </street>
    <cross-street xlink:href="streets/2337">
      <key>2337</key>
      <name>Markwood Place</name>
      <type abbr="Pl">Place</type>
    </cross-street>
    <centre>
      <utm zone="14U">
        <x>628054</x>
        <y>5533196</y>
      </utm>
      <geographic>
        <latitude>49.93739</latitude>
        <longitude>-97.21548</longitude>
      </geographic>
    </centre>
  </stop>
  <stop xlink:href="stops/30706">
    <key>30706</key>
    <name>Eastbound Egesz at Haddon</name>
    <number>30706</number>
    <direction abbr="EB">Eastbound</direction>
    <side abbr="FS">Farside</side>
    <street xlink:href="streets/1207">
      <key>1207</key>
      <name>Egesz Street</name>
      <type abbr="St">Street</type>
    </street>
    <cross-street xlink:href="streets/1597">
      <key>1597</key>
      <name>Haddon Road</name>
      <type abbr="Rd">Road</type>
    </cross-street>
    <centre>
      <utm zone="14U">
        <x>627806</x>
        <y>5533443</y>
      </utm>
      <geographic>
        <latitude>49.93966</latitude>
        <longitude>-97.21885</longitude>
      </geographic>
    </centre>
  </stop>
  <stop xlink:href="stops/30710">
    <key>30710</key>
    <name>Eastbound Egesz at Alwood</name>
    <number>30710</number>
    <direction abbr="EB">Eastbound</direction>
    <side abbr="NS">Nearside</side>
    <street xlink:href="streets/1207">
      <key>1207</key>
      <name>Egesz Street</name>
      <type abbr="St">Street</type>
    </street>
    <cross-street xlink:href="streets/87">
      <key>87</key>
      <name>Alwood Crescent</name>
      <type abbr="Cres">Crescent</type>
    </cross-street>
    <centre>
      <utm zone="14U">
        <x>628077</x>
        <y>5533067</y>
      </utm>
      <geographic>
        <latitude>49.93623</latitude>
        <longitude>-97.2152</longitude>
      </geographic>
    </centre>
  </stop>
  <stop xlink:href="stops/30712">
    <key>30712</key>
    <name>Eastbound Manitoba at Egesz</name>
    <number>30712</number>
    <direction abbr="EB">Eastbound</direction>
    <side abbr="FS">Farside</side>
    <street xlink:href="streets/2290">
      <key>2290</key>
      <name>Manitoba Avenue</name>
      <type abbr="Ave">Avenue</type>
    </street>
    <cross-street xlink:href="streets/1207">
      <key>1207</key>
      <name>Egesz Street</name>
      <type abbr="St">Street</type>
    </cross-street>
    <centre>
      <utm zone="14U">
        <x>628080</x>
        <y>5532924</y>
      </utm>
      <geographic>
        <latitude>49.93494</latitude>
        <longitude>-97.21521</longitude>
      </geographic>
    </centre>
  </stop>
  <stop xlink:href="stops/30713">
    <key>30713</key>
    <name>Eastbound Manitoba at Walsall</name>
    <number>30713</number>
    <direction abbr="EB">Eastbound</direction>
    <side abbr="NS">Nearside</side>
    <street xlink:href="streets/2290">
      <key>2290</key>
      <name>Manitoba Avenue</name>
      <type abbr="Ave">Avenue</type>
    </street>
    <cross-street xlink:href="streets/3776">
      <key>3776</key>
      <name>Walsall Street</name>
      <type abbr="St">Street</type>
    </cross-street>
    <centre>
      <utm zone="14U">
        <x>628265</x>
        <y>5532786</y>
      </utm>
      <geographic>
        <latitude>49.93366</latitude>
        <longitude>-97.21267</longitude>
      </geographic>
    </centre>
  </stop>
  <stop xlink:href="stops/30715">
    <key>30715</key>
    <name>Eastbound Manitoba at Bentley</name>
    <number>30715</number>
    <direction abbr="EB">Eastbound</direction>
    <side abbr="NS">Nearside</side>
    <street xlink:href="streets/2290">
      <key>2290</key>
      <name>Manitoba Avenue</name>
      <type abbr="Ave">Avenue</type>
    </street>
    <cross-street xlink:href="streets/330">
      <key>330</key>
      <name>Bentley Street</name>
      <type abbr="St">Street</type>
    </cross-street>
    <centre>
      <utm zone="14U">
        <x>628465</x>
        <y>5532765</y>
      </utm>
      <geographic>
        <latitude>49.93343</latitude>
        <longitude>-97.2099</longitude>
      </geographic>
    </centre>
  </stop>
  <stop xlink:href="stops/30724">
    <key>30724</key>
    <name>Eastbound Manitoba at King Edward</name>
    <number>30724</number>
    <direction abbr="EB">Eastbound</direction>
    <side abbr="FS">Farside</side>
    <street xlink:href="streets/2290">
      <key>2290</key>
      <name>Manitoba Avenue</name>
      <type abbr="Ave">Avenue</type>
    </street>
    <cross-street xlink:href="streets/1973">
      <key>1973</key>
      <name>King Edward Street</name>
      <type abbr="St">Street</type>
    </cross-street>
    <centre>
      <utm zone="14U">
        <x>628730</x>
        <y>5532780</y>
      </utm>
      <geographic>
        <latitude>49.93351</latitude>
        <longitude>-97.2062</longitude>
      </geographic>
    </centre>
  </stop>
  <stop xlink:href="stops/30725">
    <key>30725</key>
    <name>Eastbound Manitoba at Huber</name>
    <number>30725</number>
    <direction abbr="EB">Eastbound</direction>
    <side abbr="NS">Nearside</side>
    <street xlink:href="streets/2290">
      <key>2290</key>
      <name>Manitoba Avenue</name>
      <type abbr="Ave">Avenue</type>
    </street>
    <cross-street xlink:href="streets/1804">
      <key>1804</key>
      <name>Huber Street</name>
      <type abbr="St">Street</type>
    </cross-street>
    <centre>
      <utm zone="14U">
        <x>628848</x>
        <y>5532798</y>
      </utm>
      <geographic>
        <latitude>49.93364</latitude>
        <longitude>-97.20455</longitude>
      </geographic>
    </centre>
  </stop>
  <stop xlink:href="stops/30728">
    <key>30728</key>
    <name>Eastbound Manitoba at Featherstone</name>
    <number>30728</number>
    <direction abbr="EB">Eastbound</direction>
    <side abbr="NS">Nearside</side>
    <street xlink:href="streets/2290">
      <key>2290</key>
      <name>Manitoba Avenue</name>
      <type abbr="Ave">Avenue</type>
    </street>
    <cross-street xlink:href="streets/1301">
      <key>1301</key>
      <name>Featherstone Way</name>
      <type abbr="Way">Way</type>
    </cross-street>
    <centre>
      <utm zone="14U">
        <x>628969</x>
        <y>5532801</y>
      </utm>
      <geographic>
        <latitude>49.93364</latitude>
        <longitude>-97.20286</longitude>
      </geographic>
    </centre>
  </stop>
  <stop xlink:href="stops/30729">
    <key>30729</key>
    <name>Eastbound Manitoba at Ellington</name>
    <number>30729</number>
    <direction abbr="EB">Eastbound</direction>
    <side abbr="FS">Farside</side>
    <street xlink:href="streets/2290">
      <key>2290</key>
      <name>Manitoba Avenue</name>
      <type abbr="Ave">Avenue</type>
    </street>
    <cross-street xlink:href="streets/1221">
      <key>1221</key>
      <name>Ellington Street</name>
      <type abbr="St">Street</type>
    </cross-street>
    <centre>
      <utm zone="14U">
        <x>629134</x>
        <y>5532805</y>
      </utm>
      <geographic>
        <latitude>49.93364</latitude>
        <longitude>-97.20057</longitude>
      </geographic>
    </centre>
  </stop>
  <stop xlink:href="stops/30732">
    <key>30732</key>
    <name>Eastbound Manitoba at Code</name>
    <number>30732</number>
    <direction abbr="EB">Eastbound</direction>
    <side abbr="FS">Farside</side>
    <street xlink:href="streets/2290">
      <key>2290</key>
      <name>Manitoba Avenue</name>
      <type abbr="Ave">Avenue</type>
    </street>
    <cross-street xlink:href="streets/807">
      <key>807</key>
      <name>Code Street</name>
      <type abbr="St">Street</type>
    </cross-street>
    <centre>
      <utm zone="14U">
        <x>629296</x>
        <y>5532809</y>
      </utm>
      <geographic>
        <latitude>49.93364</latitude>
        <longitude>-97.19831</longitude>
      </geographic>
    </centre>
  </stop>
  <stop xlink:href="stops/30733">
    <key>30733</key>
    <name>Eastbound Manitoba at Keewatin West</name>
    <number>30733</number>
    <direction abbr="EB">Eastbound</direction>
    <side abbr="NS">Nearside</side>
    <street xlink:href="streets/2290">
      <key>2290</key>
      <name>Manitoba Avenue</name>
      <type abbr="Ave">Avenue</type>
    </street>
    <cross-street xlink:href="streets/1925">
      <key>1925</key>
      <name>Keewatin Street</name>
      <type abbr="St">Street</type>
    </cross-street>
    <centre>
      <utm zone="14U">
        <x>629495</x>
        <y>5532812</y>
      </utm>
      <geographic>
        <latitude>49.93363</latitude>
        <longitude>-97.19554</longitude>
      </geographic>
    </centre>
  </stop>
  <stop xlink:href="stops/30736">
    <key>30736</key>
    <name>Eastbound Manitoba at Keewatin East</name>
    <number>30736</number>
    <direction abbr="EB">Eastbound</direction>
    <side abbr="FS">Farside</side>
    <street xlink:href="streets/2290">
      <key>2290</key>
      <name>Manitoba Avenue</name>
      <type abbr="Ave">Avenue</type>
    </street>
    <cross-street xlink:href="streets/1925">
      <key>1925</key>
      <name>Keewatin Street</name>
      <type abbr="St">Street</type>
    </cross-street>
    <centre>
      <utm zone="14U">
        <x>629568</x>
        <y>5532733</y>
      </utm>
      <geographic>
        <latitude>49.9329</latitude>
        <longitude>-97.19455</longitude>
      </geographic>
    </centre>
  </stop>
  <stop xlink:href="stops/30738">
    <key>30738</key>
    <name>Eastbound Manitoba at Dorset</name>
    <number>30738</number>
    <direction abbr="EB">Eastbound</direction>
    <side abbr="FS">Farside</side>
    <street xlink:href="streets/2290">
      <key>2290</key>
      <name>Manitoba Avenue</name>
      <type abbr="Ave">Avenue</type>
    </street>
    <cross-street xlink:href="streets/1085">
      <key>1085</key>
      <name>Dorset Street</name>
      <type abbr="St">Street</type>
    </cross-street>
    <centre>
      <utm zone="14U">
        <x>629700</x>
        <y>5532672</y>
      </utm>
      <geographic>
        <latitude>49.93232</latitude>
        <longitude>-97.19273</longitude>
      </geographic>
    </centre>
  </stop>
  <stop xlink:href="stops/30740">
    <key>30740</key>
    <name>Eastbound Manitoba at Chudley</name>
    <number>30740</number>
    <direction abbr="EB">Eastbound</direction>
    <side abbr="FS">Farside</side>
    <street xlink:href="streets/2290">
      <key>2290</key>
      <name>Manitoba Avenue</name>
      <type abbr="Ave">Avenue</type>
    </street>
    <cross-street xlink:href="streets/772">
      <key>772</key>
      <name>Chudley Street</name>
      <type abbr="St">Street</type>
    </cross-street>
    <centre>
      <utm zone="14U">
        <x>629873</x>
        <y>5532591</y>
      </utm>
      <geographic>
        <latitude>49.93156</latitude>
        <longitude>-97.19035</longitude>
      </geographic>
    </centre>
  </stop>
  <stop xlink:href="stops/30741">
    <key>30741</key>
    <name>Eastbound Manitoba at Buller</name>
    <number>30741</number>
    <direction abbr="EB">Eastbound</direction>
    <side abbr="NS">Nearside</side>
    <street xlink:href="streets/2290">
      <key>2290</key>
      <name>Manitoba Avenue</name>
      <type abbr="Ave">Avenue</type>
    </street>
    <cross-street xlink:href="streets/556">
      <key>556</key>
      <name>Buller Street</name>
      <type abbr="St">Street</type>
    </cross-street>
    <centre>
      <utm zone="14U">
        <x>630018</x>
        <y>5532524</y>
      </utm>
      <geographic>
        <latitude>49.93093</latitude>
        <longitude>-97.18835</longitude>
      </geographic>
    </centre>
  </stop>
  <stop xlink:href="stops/30743">
    <key>30743</key>
    <name>Eastbound Manitoba at Leo Novak</name>
    <number>30743</number>
    <direction abbr="EB">Eastbound</direction>
    <side abbr="NS">Nearside</side>
    <street xlink:href="streets/2290">
      <key>2290</key>
      <name>Manitoba Avenue</name>
      <type abbr="Ave">Avenue</type>
    </street>
    <cross-street xlink:href="streets/2138">
      <key>2138</key>
      <name>Leo Novak Street</name>
      <type abbr="St">Street</type>
    </cross-street>
    <centre>
      <utm zone="14U">
        <x>630192</x>
        <y>5532443</y>
      </utm>
      <geographic>
        <latitude>49.93016</latitude>
        <longitude>-97.18595</longitude>
      </geographic>
    </centre>
  </stop>
  <stop xlink:href="stops/30764">
    <key>30764</key>
    <name>Westbound Burrows at Haddon</name>
    <number>30764</number>
    <direction abbr="WB">Westbound</direction>
    <side abbr="NSO">Nearside Opposite</side>
    <street xlink:href="streets/576">
      <key>576</key>
      <name>Burrows Avenue</name>
      <type abbr="Ave">Avenue</type>
    </street>
    <cross-street xlink:href="streets/1597">
      <key>1597</key>
      <name>Haddon Road</name>
      <type abbr="Rd">Road</type>
    </cross-street>
    <centre>
      <utm zone="14U">
        <x>627953</x>
        <y>5533617</y>
      </utm>
      <geographic>
        <latitude>49.9412</latitude>
        <longitude>-97.21674</longitude>
      </geographic>
    </centre>
  </stop>
  <stop xlink:href="stops/30913">
    <key>30913</key>
    <name>Southbound Main at Stella</name>
    <number>30913</number>
    <direction abbr="SB">Southbound</direction>
    <side abbr="NS">Nearside</side>
    <street xlink:href="streets/2265">
      <key>2265</key>
      <name>Main Street</name>
      <type abbr="St">Street</type>
    </street>
    <cross-street xlink:href="streets/3479">
      <key>3479</key>
      <name>Stella Avenue</name>
      <type abbr="Ave">Avenue</type>
    </cross-street>
    <centre>
      <utm zone="14U">
        <x>634024</x>
        <y>5530293</y>
      </utm>
      <geographic>
        <latitude>49.90998</latitude>
        <longitude>-97.13334</longitude>
      </geographic>
    </centre>
  </stop>
  <stop xlink:href="stops/50463">
    <key>50463</key>
    <name>Southbound Kingston Ramp to Dunkirk at Kingston Row Terminal</name>
    <number>50463</number>
    <direction abbr="SB">Southbound</direction>
    <side abbr="FS">Farside</side>
    <street xlink:href="streets/50000005">
      <key>50000005</key>
      <name>Kingston Ramp to Dunkirk</name>
    </street>
    <cross-street xlink:href="streets/1985">
      <key>1985</key>
      <name>Kingston Row</name>
      <type abbr="Row">Row</type>
    </cross-street>
    <centre>
      <utm zone="14U">
        <x>634814</x>
        <y>5524107</y>
      </utm>
      <geographic>
        <latitude>49.8542</latitude>
        <longitude>-97.12449</longitude>
      </geographic>
    </centre>
  </stop>
  <stop xlink:href="stops/50464">
    <key>50464</key>
    <name>Northbound Dunkirk Ramp to Kingston at Kingston Row</name>
    <number>50464</number>
    <direction abbr="NB">Northbound</direction>
    <side abbr="NS">Nearside</side>
    <street xlink:href="streets/50000002">
      <key>50000002</key>
      <name>Dunkirk Ramp to Kingston</name>
    </street>
    <cross-street xlink:href="streets/1985">
      <key>1985</key>
      <name>Kingston Row</name>
      <type abbr="Row">Row</type>
    </cross-street>
    <centre>
      <utm zone="14U">
        <x>634665</x>
        <y>5524056</y>
      </utm>
      <geographic>
        <latitude>49.85377</latitude>
        <longitude>-97.12658</longitude>
      </geographic>
    </centre>
  </stop>
</stops>
