<?xml version="1.0" encoding="UTF-8"?>
<stops xmlns:utm="http://winnipegtransit.com/coordinates/utm" xmlns:ang="http://winnipegtransit.com/coordinates/angular" xmlns:xlink="http://www.w3.org/1999/xlink" xlink:base="" query-time="2024-07-11T09:32:50">
  <stop xlink:href="stops/30489">
    <key>30489</key>
    <name>Eastbound Burrows at McPhillips</name>
    <number>30489</number>
    <direction abbr="EB">Eastbound</direction>
    <side abbr="NS">Nearside</side>
    <street xlink:href="streets/576">
      <key>576</key>
      <name>Burrows Avenue</name>
      <type abbr="Ave">Avenue</type>
    </street>
    <cross-street xlink:href="streets/2443">
      <key>2443</key>
      <name>McPhillips Street</name>
      <type abbr="St">Street</type>
    </cross-street>
    <centre>
      <utm zone="14U">
        <x>631380</x>
        <y>5532109</y>
      </utm>
      <geographic>
        <latitude>49.9269</latitude>
        <longitude>-97.16952</longitude>
      </geographic>
    </centre>
  </stop>
  <stop xlink:href="stops/30491">
    <key>30491</key>
    <name>Southbound McPhillips at Manitoba</name>
    <number>30491</number>
    <direction abbr="SB">Southbound</direction>
    <side abbr="NS">Nearside</side>
    <street xlink:href="streets/2443">
      <key>2443</key>
      <name>McPhillips Street</name>
      <type abbr="St">Street</type>
    </street>
    <cross-street xlink:href="streets/2290">
      <key>2290</key>
      <name>Manitoba Avenue</name>
      <type abbr="Ave">Avenue</type>
    </cross-street>
    <centre>
      <utm zone="14U">
        <x>631388</x>
        <y>5531943</y>
      </utm>
      <geographic>
        <latitude>49.9254</latitude>
        <longitude>-97.16947</longitude>
      </geographic>
    </centre>
  </stop>
  <stop xlink:href="stops/30493">
    <key>30493</key>
    <name>Eastbound Manitoba at McPhillips</name>
    <number>30493</number>
    <direction abbr="EB">Eastbound</direction>
    <side abbr="NS">Nearside</side>
    <street xlink:href="streets/2290">
      <key>2290</key>
      <name>Manitoba Avenue</name>
      <type abbr="Ave">Avenue</type>
    </street>
    <cross-street xlink:href="streets/2443">
      <key>2443</key>
      <name>McPhillips Street</name>
      <type abbr="St">Street</type>
    </cross-street>
    <centre>
      <utm zone="14U">
        <x>631366</x>
        <y>5531939</y>
      </utm>
      <geographic>
        <latitude>49.92537</latitude>
        <longitude>-97.16978</longitude>
      </geographic>
    </centre>
  </stop>
  <stop xlink:href="stops/30499">
    <key>30499</key>
    <name>Eastbound Selkirk at McPhillips</name>
    <number>30499</number>
    <direction abbr="EB">Eastbound</direction>
    <side abbr="FS">Farside</side>
    <street xlink:href="streets/3259">
      <key>3259</key>
      <name>Selkirk Avenue</name>
      <type abbr="Ave">Avenue</type>
    </street>
    <cross-street xlink:href="streets/2443">
      <key>2443</key>
      <name>McPhillips Street</name>
      <type abbr="St">Street</type>
    </cross-street>
    <centre>
      <utm zone="14U">
        <x>631428</x>
        <y>5531688</y>
      </utm>
      <geographic>
        <latitude>49.9231</latitude>
        <longitude>-97.169</longitude>
      </geographic>
    </centre>
  </stop>
  <stop xlink:href="stops/30528">
    <key>30528</key>
    <name>Eastbound Manitoba at McPhillips West</name>
    <number>30528</number>
    <direction abbr="EB">Eastbound</direction>
    <side abbr="NS">Nearside</side>
    <street xlink:href="streets/2290">
      <key>2290</key>
      <name>Manitoba Avenue</name>
      <type abbr="Ave">Avenue</type>
    </street>
    <cross-street xlink:href="streets/2443">
      <key>2443</key>
      <name>McPhillips Street</name>
      <type abbr="St">Street</type>
    </cross-street>
    <centre>
      <utm zone="14U">
        <x>631223</x>
        <y>5532005</y>
      </utm>
      <geographic>
        <latitude>49.926</latitude>
        <longitude>-97.17174</longitude>
      </geographic>
    </centre>
  </stop>
  <stop xlink:href="stops/30540">
    <key>30540</key>
    <name>Eastbound Burrows at McNichol</name>
    <number>30540</number>
    <direction abbr="EB">Eastbound</direction>
    <side abbr="NS">Nearside</side>
    <street xlink:href="streets/576">
      <key>576</key>
      <name>Burrows Avenue</name>
      <type abbr="Ave">Avenue</type>
    </street>
    <cross-street xlink:href="streets/2438">
      <key>2438</key>
      <name>McNichol Street</name>
      <type abbr="St">Street</type>
    </cross-street>
    <centre>
      <utm zone="14U">
        <x>631049</x>
        <y>5532263</y>
      </utm>
      <geographic>
        <latitude>49.92835</latitude>
        <longitude>-97.17408</longitude>
      </geographic>
    </centre>
  </stop>
  <stop xlink:href="stops/30541">
    <key>30541</key>
    <name>Eastbound Manitoba at McNichol</name>
    <number>30541</number>
    <direction abbr="EB">Eastbound</direction>
    <side abbr="NS">Nearside</side>
    <street xlink:href="streets/2290">
      <key>2290</key>
      <name>Manitoba Avenue</name>
      <type abbr="Ave">Avenue</type>
    </street>
    <cross-street xlink:href="streets/2438">
      <key>2438</key>
      <name>McNichol Street</name>
      <type abbr="St">Street</type>
    </cross-street>
    <centre>
      <utm zone="14U">
        <x>630984</x>
        <y>5532117</y>
      </utm>
      <geographic>
        <latitude>49.92706</latitude>
        <longitude>-97.17503</longitude>
      </geographic>
    </centre>
  </stop>
  <stop xlink:href="stops/30543">
    <key>30543</key>
    <name>Eastbound Burrows at Shaughnessy</name>
    <number>30543</number>
    <direction abbr="EB">Eastbound</direction>
    <side abbr="FS">Farside</side>
    <street xlink:href="streets/576">
      <key>576</key>
      <name>Burrows Avenue</name>
      <type abbr="Ave">Avenue</type>
    </street>
    <cross-street xlink:href="streets/3303">
      <key>3303</key>
      <name>Shaughnessy Street</name>
      <type abbr="St">Street</type>
    </cross-street>
    <centre>
      <utm zone="14U">
        <x>630855</x>
        <y>5532359</y>
      </utm>
      <geographic>
        <latitude>49.92926</latitude>
        <longitude>-97.17675</longitude>
      </geographic>
    </centre>
  </stop>
  <stop xlink:href="stops/30544">
    <key>30544</key>
    <name>Eastbound Manitoba at Shaughnessy</name>
    <number>30544</number>
    <direction abbr="EB">Eastbound</direction>
    <side abbr="FS">Farside</side>
    <street xlink:href="streets/2290">
      <key>2290</key>
      <name>Manitoba Avenue</name>
      <type abbr="Ave">Avenue</type>
    </street>
    <cross-street xlink:href="streets/3303">
      <key>3303</key>
      <name>Shaughnessy Street</name>
      <type abbr="St">Street</type>
    </cross-street>
    <centre>
      <utm zone="14U">
        <x>630778</x>
        <y>5532213</y>
      </utm>
      <geographic>
        <latitude>49.92796</latitude>
        <longitude>-97.17787</longitude>
      </geographic>
    </centre>
  </stop>
  <stop xlink:href="stops/30548">
    <key>30548</key>
    <name>Eastbound Burrows at Lawrence</name>
    <number>30548</number>
    <direction abbr="EB">Eastbound</direction>
    <side abbr="FS">Farside</side>
    <street xlink:href="streets/576">
      <key>576</key>
      <name>Burrows Avenue</name>
      <type abbr="Ave">Avenue</type>
    </street>
    <cross-street xlink:href="streets/2108">
      <key>2108</key>
      <name>Lawrence Street</name>
      <type abbr="St">Street</type>
    </cross-street>
    <centre>
      <utm zone="14U">
        <x>630647</x>
        <y>5532450</y>
      </utm>
      <geographic>
        <latitude>49.93012</latitude>
        <longitude>-97.17961</longitude>
      </geographic>
    </centre>
  </stop>
  <stop xlink:href="stops/30550">
    <key>30550</key>
    <name>Eastbound Manitoba at Lawrence</name>
    <number>30550</number>
    <direction abbr="EB">Eastbound</direction>
    <side abbr="NS">Nearside</side>
    <street xlink:href="streets/2290">
      <key>2290</key>
      <name>Manitoba Avenue</name>
      <type abbr="Ave">Avenue</type>
    </street>
    <cross-street xlink:href="streets/2108">
      <key>2108</key>
      <name>Lawrence Street</name>
      <type abbr="St">Street</type>
    </cross-street>
    <centre>
      <utm zone="14U">
        <x>630518</x>
        <y>5532334</y>
      </utm>
      <geographic>
        <latitude>49.92911</latitude>
        <longitude>-97.18145</longitude>
      </geographic>
    </centre>
  </stop>
  <stop xlink:href="stops/30665">
    <key>30665</key>
    <name>Eastbound Burrows at Railway</name>
    <number>30665</number>
    <direction abbr="EB">Eastbound</direction>
    <side abbr="NS">Nearside</side>
    <street xlink:href="streets/576">
      <key>576</key>
      <name>Burrows Avenue</name>
      <type abbr="Ave">Avenue</type>
    </street>
    <cross-street xlink:href="streets/2974">
      <key>2974</key>
      <name>Railway Street</name>
      <type abbr="St">Street</type>
    </cross-street>
    <centre>
      <utm zone="14U">
        <x>630335</x>
        <y>5532593</y>
      </utm>
      <geographic>
        <latitude>49.93148</latitude>
        <longitude>-97.18391</longitude>
      </geographic>
    </centre>
  </stop>
  <stop xlink:href="stops/30667">
    <key>30667</key>
    <name>Eastbound Burrows at Gilbert</name>
    <number>30667</number>
    <direction abbr="EB">Eastbound</direction>
    <side abbr="FS">Farside</side>
    <street xlink:href="streets/576">
      <key>576</key>
      <name>Burrows Avenue</name>
      <type abbr="Ave">Avenue</type>
    </street>
    <cross-street xlink:href="streets/1472">
      <key>1472</key>
      <name>Gilbert Avenue</name>
      <type abbr="Ave">Avenue</type>
    </cross-street>
    <centre>
      <utm zone="14U">
        <x>630246</x>
        <y>5532686</y>
      </utm>
      <geographic>
        <latitude>49.93233</latitude>
        <longitude>-97.18512</longitude>
      </geographic>
    </centre>
  </stop>
  <stop xlink:href="stops/30668">
    <key>30668</key>
    <name>Eastbound Burrows at Keewatin West</name>
    <number>30668</number>
    <direction abbr="EB">Eastbound</direction>
    <side abbr="NS">Nearside</side>
    <street xlink:href="streets/576">
      <key>576</key>
      <name>Burrows Avenue</name>
      <type abbr="Ave">Avenue</type>
    </street>
    <cross-street xlink:href="streets/1925">
      <key>1925</key>
      <name>Keewatin Street</name>
      <type abbr="St">Street</type>
    </cross-street>
    <centre>
      <utm zone="14U">
        <x>629471</x>
        <y>5533347</y>
      </utm>
      <geographic>
        <latitude>49.93844</latitude>
        <longitude>-97.19569</longitude>
      </geographic>
    </centre>
  </stop>
  <stop xlink:href="stops/30669">
    <key>30669</key>
    <name>Eastbound Tyndall at Burrows</name>
    <number>30669</number>
    <direction abbr="EB">Eastbound</direction>
    <side abbr="NS">Nearside</side>
    <street xlink:href="streets/3682">
      <key>3682</key>
      <name>Tyndall Avenue</name>
      <type abbr="Ave">Avenue</type>
    </street>
    <cross-street xlink:href="streets/576">
      <key>576</key>
      <name>Burrows Avenue</name>
      <type abbr="Ave">Avenue</type>
    </cross-street>
    <centre>
      <utm zone="14U">
        <x>630156</x>
        <y>5532915</y>
      </utm>
      <geographic>
        <latitude>49.93441</latitude>
        <longitude>-97.18629</longitude>
      </geographic>
    </centre>
  </stop>
  <stop xlink:href="stops/30677">
    <key>30677</key>
    <name>Eastbound Burrows at Keewatin East</name>
    <number>30677</number>
    <direction abbr="EB">Eastbound</direction>
    <side abbr="FS">Farside</side>
    <street xlink:href="streets/576">
      <key>576</key>
      <name>Burrows Avenue</name>
      <type abbr="Ave">Avenue</type>
    </street>
    <cross-street xlink:href="streets/1925">
      <key>1925</key>
      <name>Keewatin Street</name>
      <type abbr="St">Street</type>
    </cross-street>
    <centre>
      <utm zone="14U">
        <x>629559</x>
        <y>5533349</y>
      </utm>
      <geographic>
        <latitude>49.93844</latitude>
        <longitude>-97.19446</longitude>
      </geographic>
    </centre>
  </stop>
  <stop xlink:href="stops/30678">
    <key>30678</key>
    <name>Southbound Dorset at Burrows</name>
    <number>30678</number>
    <direction abbr="SB">Southbound</direction>
    <side abbr="FS">Farside</side>
    <street xlink:href="streets/1085">
      <key>1085</key>
      <name>Dorset Street</name>
      <type abbr="St">Street</type>
    </street>
    <cross-street xlink:href="streets/576">
      <key>576</key>
      <name>Burrows Avenue</name>
      <type abbr="Ave">Avenue</type>
    </cross-street>
    <centre>
      <utm zone="14U">
        <x>629731</x>
        <y>5533305</y>
      </utm>
      <geographic>
        <latitude>49.93801</latitude>
        <longitude>-97.19208</longitude>
      </geographic>
    </centre>
  </stop>
  <stop xlink:href="stops/30681">
    <key>30681</key>
    <name>Southbound Dorset at Tyndall</name>
    <number>30681</number>
    <direction abbr="SB">Southbound</direction>
    <side abbr="NSO">Nearside Opposite</side>
    <street xlink:href="streets/1085">
      <key>1085</key>
      <name>Dorset Street</name>
      <type abbr="St">Street</type>
    </street>
    <cross-street xlink:href="streets/3682">
      <key>3682</key>
      <name>Tyndall Avenue</name>
      <type abbr="Ave">Avenue</type>
    </cross-street>
    <centre>
      <utm zone="14U">
        <x>629675</x>
        <y>5533168</y>
      </utm>
      <geographic>
        <latitude>49.93679</latitude>
        <longitude>-97.19291</longitude>
      </geographic>
    </centre>
  </stop>
  <stop xlink:href="stops/30684">
    <key>30684</key>
    <name>Eastbound Tyndall at Dorset</name>
    <number>30684</number>
    <direction abbr="EB">Eastbound</direction>
    <side abbr="FSO">Farside Opposite</side>
    <street xlink:href="streets/3682">
      <key>3682</key>
      <name>Tyndall Avenue</name>
      <type abbr="Ave">Avenue</type>
    </street>
    <cross-street xlink:href="streets/1085">
      <key>1085</key>
      <name>Dorset Street</name>
      <type abbr="St">Street</type>
    </cross-street>
    <centre>
      <utm zone="14U">
        <x>629806</x>
        <y>5533000</y>
      </utm>
      <geographic>
        <latitude>49.93525</latitude>
        <longitude>-97.19114</longitude>
      </geographic>
    </centre>
  </stop>
  <stop xlink:href="stops/30685">
    <key>30685</key>
    <name>Eastbound Tyndall at Chudley</name>
    <number>30685</number>
    <direction abbr="EB">Eastbound</direction>
    <side abbr="NS">Nearside</side>
    <street xlink:href="streets/3682">
      <key>3682</key>
      <name>Tyndall Avenue</name>
      <type abbr="Ave">Avenue</type>
    </street>
    <cross-street xlink:href="streets/772">
      <key>772</key>
      <name>Chudley Street</name>
      <type abbr="St">Street</type>
    </cross-street>
    <centre>
      <utm zone="14U">
        <x>629980</x>
        <y>5532968</y>
      </utm>
      <geographic>
        <latitude>49.93493</latitude>
        <longitude>-97.18873</longitude>
      </geographic>
    </centre>
  </stop>
  <stop xlink:href="stops/30687">
    <key>30687</key>
    <name>Eastbound Burrows at Smithurst</name>
    <number>30687</number>
    <direction abbr="EB">Eastbound</direction>
    <side abbr="FS">Farside</side>
    <street xlink:href="streets/576">
      <key>576</key>
      <name>Burrows Avenue</name>
      <type abbr="Ave">Avenue</type>
    </street>
    <cross-street xlink:href="streets/3373">
      <key>3373</key>
      <name>Smithurst Street</name>
      <type abbr="St">Street</type>
    </cross-street>
    <centre>
      <utm zone="14U">
        <x>629363</x>
        <y>5533344</y>
      </utm>
      <geographic>
        <latitude>49.93844</latitude>
        <longitude>-97.1972</longitude>
      </geographic>
    </centre>
  </stop>
  <stop xlink:href="stops/30690">
    <key>30690</key>
    <name>Eastbound Burrows at Avery</name>
    <number>30690</number>
    <direction abbr="EB">Eastbound</direction>
    <side abbr="FS">Farside</side>
    <street xlink:href="streets/576">
      <key>576</key>
      <name>Burrows Avenue</name>
      <type abbr="Ave">Avenue</type>
    </street>
    <cross-street xlink:href="streets/203">
      <key>203</key>
      <name>Avery Drive</name>
      <type abbr="Dr">Drive</type>
    </cross-street>
    <centre>
      <utm zone="14U">
        <x>629131</x>
        <y>5533338</y>
      </utm>
      <geographic>
        <latitude>49.93844</latitude>
        <longitude>-97.20043</longitude>
      </geographic>
    </centre>
  </stop>
  <stop xlink:href="stops/30692">
    <key>30692</key>
    <name>Eastbound Burrows at Albina</name>
    <number>30692</number>
    <direction abbr="EB">Eastbound</direction>
    <side abbr="FSO">Farside Opposite</side>
    <street xlink:href="streets/576">
      <key>576</key>
      <name>Burrows Avenue</name>
      <type abbr="Ave">Avenue</type>
    </street>
    <cross-street xlink:href="streets/42">
      <key>42</key>
      <name>Albina Way</name>
      <type abbr="Way">Way</type>
    </cross-street>
    <centre>
      <utm zone="14U">
        <x>628896</x>
        <y>5533332</y>
      </utm>
      <geographic>
        <latitude>49.93843</latitude>
        <longitude>-97.2037</longitude>
      </geographic>
    </centre>
  </stop>
  <stop xlink:href="stops/30693">
    <key>30693</key>
    <name>Eastbound Burrows at King Edward</name>
    <number>30693</number>
    <direction abbr="EB">Eastbound</direction>
    <side abbr="FS">Farside</side>
    <street xlink:href="streets/576">
      <key>576</key>
      <name>Burrows Avenue</name>
      <type abbr="Ave">Avenue</type>
    </street>
    <cross-street xlink:href="streets/1973">
      <key>1973</key>
      <name>King Edward Street</name>
      <type abbr="St">Street</type>
    </cross-street>
    <centre>
      <utm zone="14U">
        <x>628723</x>
        <y>5533347</y>
      </utm>
      <geographic>
        <latitude>49.9386</latitude>
        <longitude>-97.20611</longitude>
      </geographic>
    </centre>
  </stop>
  <stop xlink:href="stops/30702">
    <key>30702</key>
    <name>Eastbound Burrows at Sumter</name>
    <number>30702</number>
    <direction abbr="EB">Eastbound</direction>
    <side abbr="NSO">Nearside Opposite</side>
    <street xlink:href="streets/576">
      <key>576</key>
      <name>Burrows Avenue</name>
      <type abbr="Ave">Avenue</type>
    </street>
    <cross-street xlink:href="streets/3526">
      <key>3526</key>
      <name>Sumter Crescent</name>
      <type abbr="Cres">Crescent</type>
    </cross-street>
    <centre>
      <utm zone="14U">
        <x>628525</x>
        <y>5533344</y>
      </utm>
      <geographic>
        <latitude>49.93862</latitude>
        <longitude>-97.20887</longitude>
      </geographic>
    </centre>
  </stop>
  <stop xlink:href="stops/30703">
    <key>30703</key>
    <name>Eastbound Burrows at Palms</name>
    <number>30703</number>
    <direction abbr="EB">Eastbound</direction>
    <side abbr="NSO">Nearside Opposite</side>
    <street xlink:href="streets/576">
      <key>576</key>
      <name>Burrows Avenue</name>
      <type abbr="Ave">Avenue</type>
    </street>
    <cross-street xlink:href="streets/2743">
      <key>2743</key>
      <name>Palms Boulevard</name>
      <type abbr="Blvd">Boulevard</type>
    </cross-street>
    <centre>
      <utm zone="14U">
        <x>628264</x>
        <y>5533342</y>
      </utm>
      <geographic>
        <latitude>49.93866</latitude>
        <longitude>-97.2125</longitude>
      </geographic>
    </centre>
  </stop>
  <stop xlink:href="stops/30705">
    <key>30705</key>
    <name>Eastbound Egesz at Markwood</name>
    <number>30705</number>
    <direction abbr="EB">Eastbound</direction>
    <side abbr="NSO">Nearside Opposite</side>
    <street xlink:href="streets/1207">
      <key>1207</key>
      <name>Egesz Street</name>
      <type abbr="St">Street</type>
    </street>
    <cross-street xlink:href="streets/2337">
      <key>2337</key>
      <name>Markwood Place</name>
      <type abbr="Pl">Place</type>
    </cross-street>
    <centre>
      <utm zone="14U">
        <x>628054</x>
        <y>5533196</y>
      </utm>
      <geographic>
        <latitude>49.93739</latitude>
        <longitude>-97.21548</longitude>
      </geographic>
    </centre>
  </stop>
  <stop xlink:href="stops/30706">
    <key>30706</key>
    <name>Eastbound Egesz at Haddon</name>
    <number>30706</number>
    <direction abbr="EB">Eastbound</direction>
    <side abbr="FS">Farside</side>
    <street xlink:href="streets/1207">
      <key>1207</key>
      <name>Egesz Street</name>
      <type abbr="St">Street</type>
    </street>
    <cross-street xlink:href="streets/1597">
      <key>1597</key>
      <name>Haddon Road</name>
      <type abbr="Rd">Road</type>
    </cross-street>
    <centre>
      <utm zone="14U">
        <x>627806</x>
        <y>5533443</y>
      </utm>
      <geographic>
        <latitude>49.93966</latitude>
        <longitude>-97.21885</longitude>
      </geographic>
    </centre>
  </stop>
  <stop xlink:href="stops/30710">
    <key>30710</key>
    <name>Eastbound Egesz at Alwood</name>
    <number>30710</number>
    <direction abbr="EB">Eastbound</direction>
    <side abbr="NS">Nearside</side>
    <street xlink:href="streets/1207">
      <key>1207</key>
      <name>Egesz Street</name>
      <type abbr="St">Street</type>
    </street>
    <cross-street xlink:href="streets/87">
      <key>87</key>
      <name>Alwood Crescent</name>
      <type abbr="Cres">Crescent</type>
    </cross-street>
    <centre>
      <utm zone="14U">
        <x>628077</x>
        <y>5533067</y>
      </utm>
      <geographic>
        <latitude>49.93623</latitude>
        <longitude>-97.2152</longitude>
      </geographic>
    </centre>
  </stop>
  <stop xlink:href="stops/30712">
    <key>30712</key>
    <name>Eastbound Manitoba at Egesz</name>
    <number>30712</number>
    <direction abbr="EB">Eastbound</direction>
    <side abbr="FS">Farside</side>
    <street xlink:href="streets/2290">
      <key>2290</key>
      <name>Manitoba Avenue</name>
      <type abbr="Ave">Avenue</type>
    </street>
    <cross-street xlink:href="streets/1207">
      <key>1207</key>
      <name>Egesz Street</name>
      <type abbr="St">Street</type>
    </cross-street>
    <centre>
      <utm zone="14U">
        <x>628080</x>
        <y>5532924</y>
      </utm>
      <geographic>
        <latitude>49.93494</latitude>
        <longitude>-97.21521</longitude>
      </geographic>
    </centre>
  </stop>
  <stop xlink:href="stops/30713">
    <key>30713</key>
    <name>Eastbound Manitoba at Walsall</name>
    <number>30713</number>
    <direction abbr="EB">Eastbound</direction>
    <side abbr="NS">Nearside</side>
    <street xlink:href="streets/2290">
      <key>2290</key>
      <name>Manitoba Avenue</name>
      <type abbr="Ave">Avenue</type>
    </street>
    <cross-street xlink:href="streets/3776">
      <key>3776</key>
      <name>Walsall Street</name>
      <type abbr="St">Street</type>
    </cross-street>
    <centre>
      <utm zone="14U">
        <x>628265</x>
        <y>5532786</y>
      </utm>
      <geographic>
        <latitude>49.93366</latitude>
        <longitude>-97.21267</longitude>
      </geographic>
    </centre>
  </stop>
  <stop xlink:href="stops/30715">
    <key>30715</key>
    <name>Eastbound Manitoba at Bentley</name>
    <number>30715</number>
    <direction abbr="EB">Eastbound</direction>
    <side abbr="NS">Nearside</side>
    <street xlink:href="streets/2290">
      <key>2290</key>
      <name>Manitoba Avenue</name>
      <type abbr="Ave">Avenue</type>
    </street>
    <cross-street xlink:href="streets/330">
      <key>330</key>
      <name>Bentley Street</name>
      <type abbr="St">Street</type>
    </cross-street>
    <centre>
      <utm zone="14U">
        <x>628465</x>
        <y>5532765</y>
      </utm>
      <geographic>
        <latitude>49.93343</latitude>
        <longitude>-97.2099</longitude>
      </geographic>
    </centre>
  </stop>
  <stop xlink:href="stops/30724">
    <key>30724</key>
    <name>Eastbound Manitoba at King Edward</name>
    <number>30724</number>
    <direction abbr="EB">Eastbound</direction>
    <side abbr="FS">Farside</side>
    <street xlink:href="streets/2290">
      <key>2290</key>
      <name>Manitoba Avenue</name>
      <type abbr="Ave">Avenue</type>
    </street>
    <cross-street xlink:href="streets/1973">
      <key>1973</key>
      <name>King Edward Street</name>
      <type abbr="St">Street</type>
    </cross-street>
    <centre>
      <utm zone="14U">
        <x>628730</x>
        <y>5532780</y>
      </utm>
      <geographic>
        <latitude>49.93351</latitude>
        <longitude>-97.2062</longitude>
      </geographic>
    </centre>
  </stop>
  <stop xlink:href="stops/30725">
    <key>30725</key>
    <name>Eastbound Manitoba at Huber</name>
    <number>30725</number>
    <direction abbr="EB">Eastbound</direction>
    <side abbr="NS">Nearside</side>
    <street xlink:href="streets/2290">
      <key>2290</key>
      <name>Manitoba Avenue</name>
      <type abbr="Ave">Avenue</type>
    </street>
    <cross-street xlink:href="streets/1804">
      <key>1804</key>
      <name>Huber Street</name>
      <type abbr="St">Street</type>
    </cross-street>
    <centre>
      <utm zone="14U">
        <x>628848</x>
        <y>5532798</y>
      </utm>
      <geographic>
        <latitude>49.93364</latitude>
        <longitude>-97.20455</longitude>
      </geographic>
    </centre>
  </stop>
  <stop xlink:href="stops/30728">
    <key>30728</key>
    <name>Eastbound Manitoba at Featherstone</name>
    <number>30728</number>
    <direction abbr="EB">Eastbound</direction>
    <side abbr="NS">Nearside</side>
    <street xlink:href="streets/2290">
      <key>2290</key>
      <name>Manitoba Avenue</name>
      <type abbr="Ave">Avenue</type>
    </street>
    <cross-street xlink:href="streets/1301">
      <key>1301</key>
      <name>Featherstone Way</name>
      <type abbr="Way">Way</type>
    </cross-street>
    <centre>
      <utm zone="14U">
        <x>628969</x>
        <y>5532801</y>
      </utm>
      <geographic>
        <latitude>49.93364</latitude>
        <longitude>-97.20286</longitude>
      </geographic>
    </centre>
  </stop>
  <stop xlink:href="stops/30729">
    <key>30729</key>
    <name>Eastbound Manitoba at Ellington</name>
    <number>30729</number>
    <direction abbr="EB">Eastbound</direction>
    <side abbr="FS">Farside</side>
    <street xlink:href="streets/2290">
      <key>2290</key>
      <name>Manitoba Avenue</name>
      <type abbr="Ave">Avenue</type>
    </street>
    <cross-street xlink:href="streets/1221">
      <key>1221</key>
      <name>Ellington Street</name>
      <type abbr="St">Street</type>
    </cross-street>
    <centre>
      <utm zone="14U">
        <x>629134</x>
        <y>5532805</y>
      </utm>
      <geographic>
        <latitude>49.93364</latitude>
        <longitude>-97.20057</longitude>
      </geographic>
    </centre>
  </stop>
  <stop xlink:href="stops/30732">
    <key>30732</key>
    <name>Eastbound Manitoba at Code</name>
    <number>30732</number>
    <direction abbr="EB">Eastbound</direction>
    <side abbr="FS">Farside</side>
    <street xlink:href="streets/2290">
      <key>2290</key>
      <name>Manitoba Avenue</name>
      <type abbr="Ave">Avenue</type>
    </street>
    <cross-street xlink:href="streets/807">
      <key>807</key>
      <name>Code Street</name>
      <type abbr="St">Street</type>
    </cross-street>
    <centre>
      <utm zone="14U">
        <x>629296</x>
        <y>5532809</y>
      </utm>
      <geographic>
        <latitude>49.93364</latitude>
        <longitude>-97.19831</longitude>
      </geographic>
    </centre>
  </stop>
  <stop xlink:href="stops/30733">
    <key>30733</key>
    <name>Eastbound Manitoba at Keewatin West</name>
    <number>30733</number>
    <direction abbr="EB">Eastbound</direction>
    <side abbr="NS">Nearside</side>
    <street xlink:href="streets/2290">
      <key>2290</key>
      <name>Manitoba Avenue</name>
      <type abbr="Ave">Avenue</type>
    </street>
    <cross-street xlink:href="streets/1925">
      <key>1925</key>
      <name>Keewatin Street</name>
      <type abbr="St">Street</type>
    </cross-street>
    <centre>
      <utm zone="14U">
        <x>629495</x>
        <y>5532812</y>
      </utm>
      <geographic>
        <latitude>49.93363</latitude>
        <longitude>-97.19554</longitude>
      </geographic>
    </centre>
  </stop>
  <stop xlink:href="stops/30736">
    <key>30736</key>
    <name>Eastbound Manitoba at Keewatin East</name>
    <number>30736</number>
    <direction abbr="EB">Eastbound</direction>
    <side abbr="FS">Farside</side>
    <street xlink:href="streets/2290">
      <key>2290</key>
      <name>Manitoba Avenue</name>
      <type abbr="Ave">Avenue</type>
    </street>
    <cross-street xlink:href="streets/1925">
      <key>1925</key>
      <name>Keewatin Street</name>
      <type abbr="St">Street</type>
    </cross-street>
    <centre>
      <utm zone="14U">
        <x>629568</x>
        <y>5532733</y>
      </utm>
      <geographic>
        <latitude>49.9329</latitude>
        <longitude>-97.19455</longitude>
      </geographic>
    </centre>
  </stop>
  <stop xlink:href="stops/30738">
    <key>30738</key>
    <name>Eastbound Manitoba at Dorset</name>
    <number>30738</number>
    <direction abbr="EB">Eastbound</direction>
    <side abbr="FS">Farside</side>
    <street xlink:href="streets/2290">
      <key>2290</key>
      <name>Manitoba Avenue</name>
      <type abbr="Ave">Avenue</type>
    </street>
    <cross-street xlink:href="streets/1085">
      <key>1085</key>
      <name>Dorset Street</name>
      <type abbr="St">Street</type>
    </cross-street>
    <centre>
      <utm zone="14U">
        <x>629700</x>
        <y>5532672</y>
      </utm>
      <geographic>
        <latitude>49.93232</latitude>
        <longitude>-97.19273</longitude>
      </geographic>
    </centre>
  </stop>
  <stop xlink:href="stops/30740">
    <key>30740</key>
    <name>Eastbound Manitoba at Chudley</name>
    <number>30740</number>
    <direction abbr="EB">Eastbound</direction>
    <side abbr="FS">Farside</side>
    <street xlink:href="streets/2290">
      <key>2290</key>
      <name>Manitoba Avenue</name>
      <type abbr="Ave">Avenue</type>
    </street>
    <cross-street xlink:href="streets/772">
      <key>772</key>
      <name>Chudley Street</name>
      <type abbr="St">Street</type>
    </cross-street>
    <centre>
      <utm zone="14U">
        <x>629873</x>
        <y>5532591</y>
      </utm>
      <geographic>
        <latitude>49.93156</latitude>
        <longitude>-97.19035</longitude>
      </geographic>
    </centre>
  </stop>
  <stop xlink:href="stops/30741">
    <key>30741</key>
    <name>Eastbound Manitoba at Buller</name>
    <number>30741</number>
    <direction abbr="EB">Eastbound</direction>
    <side abbr="NS">Nearside</side>
    <street xlink:href="streets/2290">
      <key>2290</key>
      <name>Manitoba Avenue</name>
      <type abbr="Ave">Avenue</type>
    </street>
    <cross-street xlink:href="streets/556">
      <key>556</key>
      <name>Buller Street</name>
      <type abbr="St">Street</type>
    </cross-street>
    <centre>
      <utm zone="14U">
        <x>630018</x>
        <y>5532524</y>
      </utm>
      <geographic>
        <latitude>49.93093</latitude>
        <longitude>-97.18835</longitude>
      </geographic>
    </centre>
  </stop>
  <stop xlink:href="stops/30743">
    <key>30743</key>
    <name>Eastbound Manitoba at Leo Novak</name>
    <number>30743</number>
    <direction abbr="EB">Eastbound</direction>
    <side abbr="NS">Nearside</side>
    <street xlink:href="streets/2290">
      <key>2290</key>
      <name>Manitoba Avenue</name>
      <type abbr="Ave">Avenue</type>
    </street>
    <cross-street xlink:href="streets/2138">
      <key>2138</key>
      <name>Leo Novak Street</name>
      <type abbr="St">Street</type>
    </cross-street>
    <centre>
      <utm zone="14U">
        <x>630192</x>
        <y>5532443</y>
      </utm>
      <geographic>
        <latitude>49.93016</latitude>
        <longitude>-97.18595</longitude>
      </geographic>
    </centre>
  </stop>
  <stop xlink:href="stops/30764">
    <key>30764</key>
    <name>Westbound Burrows at Haddon</name>
    <number>30764</number>
    <direction abbr="WB">Westbound</direction>
    <side abbr="NSO">Nearside Opposite</side>
    <street xlink:href="streets/576">
      <key>576</key>
      <name>Burrows Avenue</name>
      <type abbr="Ave">Avenue</type>
    </street>
    <cross-street xlink:href="streets/1597">
      <key>1597</key>
      <name>Haddon Road</name>
      <type abbr="Rd">Road</type>
    </cross-street>
    <centre>
      <utm zone="14U">
        <x>627953</x>
        <y>5533617</y>
      </utm>
      <geographic>
        <latitude>49.9412</latitude>
        <longitude>-97.21674</longitude>
      </geographic>
    </centre>
  </stop>
  <stop xlink:href="stops/30765">
    <key>30765</key>
    <name>Eastbound Burrows at Benbow</name>
    <number>30765</number>
    <direction abbr="EB">Eastbound</direction>
    <side abbr="NS">Nearside</side>
    <street xlink:href="streets/576">
      <key>576</key>
      <name>Burrows Avenue</name>
      <type abbr="Ave">Avenue</type>
    </street>
    <cross-street xlink:href="streets/325">
      <key>325</key>
      <name>Benbow Road</name>
      <type abbr="Rd">Road</type>
    </cross-street>
    <centre>
      <utm zone="14U">
        <x>628140</x>
        <y>5533417</y>
      </utm>
      <geographic>
        <latitude>49.93936</latitude>
        <longitude>-97.21421</longitude>
      </geographic>
    </centre>
  </stop>
  <stop xlink:href="stops/30853">
    <key>30853</key>
    <name>Eastbound Burrows at Garden Grove</name>
    <number>30853</number>
    <direction abbr="EB">Eastbound</direction>
    <side abbr="NSO">Nearside Opposite</side>
    <street xlink:href="streets/576">
      <key>576</key>
      <name>Burrows Avenue</name>
      <type abbr="Ave">Avenue</type>
    </street>
    <cross-street xlink:href="streets/1425">
      <key>1425</key>
      <name>Garden Grove Drive</name>
      <type abbr="Dr">Drive</type>
    </cross-street>
    <centre>
      <utm zone="14U">
        <x>627970</x>
        <y>5533580</y>
      </utm>
      <geographic>
        <latitude>49.94086</latitude>
        <longitude>-97.21652</longitude>
      </geographic>
    </centre>
  </stop>
</stops>
