<?xml version="1.0" encoding="UTF-8"?>
<stops xmlns:utm="http://winnipegtransit.com/coordinates/utm" xmlns:ang="http://winnipegtransit.com/coordinates/angular" xmlns:xlink="http://www.w3.org/1999/xlink" xlink:base="" query-time="2024-07-11T14:45:03">
  <stop xlink:href="stops/10298">
    <key>10298</key>
    <name>Northbound McPhillips at Elgin</name>
    <number>10298</number>
    <direction abbr="NB">Northbound</direction>
    <side abbr="NS">Nearside</side>
    <street xlink:href="streets/2443">
      <key>2443</key>
      <name>McPhillips Street</name>
      <type abbr="St">Street</type>
    </street>
    <cross-street xlink:href="streets/1214">
      <key>1214</key>
      <name>Elgin Avenue</name>
      <type abbr="Ave">Avenue</type>
    </cross-street>
    <centre>
      <utm zone="14U">
        <x>631336</x>
        <y>5530219</y>
      </utm>
      <geographic>
        <latitude>49.90992</latitude>
        <longitude>-97.17078</longitude>
      </geographic>
    </centre>
  </stop>
  <stop xlink:href="stops/10300">
    <key>10300</key>
    <name>Northbound McPhillips at Pacific</name>
    <number>10300</number>
    <direction abbr="NB">Northbound</direction>
    <side abbr="NS">Nearside</side>
    <street xlink:href="streets/2443">
      <key>2443</key>
      <name>McPhillips Street</name>
      <type abbr="St">Street</type>
    </street>
    <cross-street xlink:href="streets/2734">
      <key>2734</key>
      <name>Pacific Avenue</name>
      <type abbr="Ave">Avenue</type>
    </cross-street>
    <centre>
      <utm zone="14U">
        <x>631345</x>
        <y>5530425</y>
      </utm>
      <geographic>
        <latitude>49.91177</latitude>
        <longitude>-97.17058</longitude>
      </geographic>
    </centre>
  </stop>
  <stop xlink:href="stops/10303">
    <key>10303</key>
    <name>Northbound McPhillips at Logan</name>
    <number>10303</number>
    <direction abbr="NB">Northbound</direction>
    <side abbr="FS">Farside</side>
    <street xlink:href="streets/2443">
      <key>2443</key>
      <name>McPhillips Street</name>
      <type abbr="St">Street</type>
    </street>
    <cross-street xlink:href="streets/2193">
      <key>2193</key>
      <name>Logan Avenue</name>
      <type abbr="Ave">Avenue</type>
    </cross-street>
    <centre>
      <utm zone="14U">
        <x>631359</x>
        <y>5530713</y>
      </utm>
      <geographic>
        <latitude>49.91435</latitude>
        <longitude>-97.17029</longitude>
      </geographic>
    </centre>
  </stop>
  <stop xlink:href="stops/10614">
    <key>10614</key>
    <name>Westbound Graham at Donald (Canada Life Centre)</name>
    <number>10614</number>
    <direction abbr="WB">Westbound</direction>
    <side abbr="NS">Nearside</side>
    <street xlink:href="streets/1533">
      <key>1533</key>
      <name>Graham Avenue</name>
      <type abbr="Ave">Avenue</type>
    </street>
    <cross-street xlink:href="streets/1070">
      <key>1070</key>
      <name>Donald Street</name>
      <type abbr="St">Street</type>
    </cross-street>
    <centre>
      <utm zone="14U">
        <x>633417</x>
        <y>5528300</y>
      </utm>
      <geographic>
        <latitude>49.8922</latitude>
        <longitude>-97.14247</longitude>
      </geographic>
    </centre>
  </stop>
  <stop xlink:href="stops/10617">
    <key>10617</key>
    <name>Westbound Graham at Edmonton (RWB)</name>
    <number>10617</number>
    <direction abbr="WB">Westbound</direction>
    <side abbr="NS">Nearside</side>
    <street xlink:href="streets/1533">
      <key>1533</key>
      <name>Graham Avenue</name>
      <type abbr="Ave">Avenue</type>
    </street>
    <cross-street xlink:href="streets/1201">
      <key>1201</key>
      <name>Edmonton Street</name>
      <type abbr="St">Street</type>
    </cross-street>
    <centre>
      <utm zone="14U">
        <x>633134</x>
        <y>5528193</y>
      </utm>
      <geographic>
        <latitude>49.89131</latitude>
        <longitude>-97.14645</longitude>
      </geographic>
    </centre>
  </stop>
  <stop xlink:href="stops/10619">
    <key>10619</key>
    <name>Westbound Graham at Vaughan (The Bay)</name>
    <number>10619</number>
    <direction abbr="WB">Westbound</direction>
    <side abbr="NS">Nearside</side>
    <street xlink:href="streets/1533">
      <key>1533</key>
      <name>Graham Avenue</name>
      <type abbr="Ave">Avenue</type>
    </street>
    <cross-street xlink:href="streets/3716">
      <key>3716</key>
      <name>Vaughan Street</name>
      <type abbr="St">Street</type>
    </cross-street>
    <centre>
      <utm zone="14U">
        <x>632952</x>
        <y>5528122</y>
      </utm>
      <geographic>
        <latitude>49.89071</latitude>
        <longitude>-97.149</longitude>
      </geographic>
    </centre>
  </stop>
  <stop xlink:href="stops/10648">
    <key>10648</key>
    <name>Southbound Garry at Portage North</name>
    <number>10648</number>
    <direction abbr="SB">Southbound</direction>
    <side abbr="NS">Nearside</side>
    <street xlink:href="streets/1437">
      <key>1437</key>
      <name>Garry Street</name>
      <type abbr="St">Street</type>
    </street>
    <cross-street xlink:href="streets/2903">
      <key>2903</key>
      <name>Portage Avenue</name>
      <type abbr="Ave">Avenue</type>
    </cross-street>
    <centre>
      <utm zone="14U">
        <x>633494</x>
        <y>5528589</y>
      </utm>
      <geographic>
        <latitude>49.89479</latitude>
        <longitude>-97.1413</longitude>
      </geographic>
    </centre>
  </stop>
  <stop xlink:href="stops/10649">
    <key>10649</key>
    <name>Southbound Garry at Portage South</name>
    <number>10649</number>
    <direction abbr="SB">Southbound</direction>
    <side abbr="FS">Farside</side>
    <street xlink:href="streets/1437">
      <key>1437</key>
      <name>Garry Street</name>
      <type abbr="St">Street</type>
    </street>
    <cross-street xlink:href="streets/2903">
      <key>2903</key>
      <name>Portage Avenue</name>
      <type abbr="Ave">Avenue</type>
    </cross-street>
    <centre>
      <utm zone="14U">
        <x>633524</x>
        <y>5528509</y>
      </utm>
      <geographic>
        <latitude>49.89406</latitude>
        <longitude>-97.14091</longitude>
      </geographic>
    </centre>
  </stop>
  <stop xlink:href="stops/10650">
    <key>10650</key>
    <name>Southbound Garry at Graham</name>
    <number>10650</number>
    <direction abbr="SB">Southbound</direction>
    <side abbr="NS">Nearside</side>
    <street xlink:href="streets/1437">
      <key>1437</key>
      <name>Garry Street</name>
      <type abbr="St">Street</type>
    </street>
    <cross-street xlink:href="streets/1533">
      <key>1533</key>
      <name>Graham Avenue</name>
      <type abbr="Ave">Avenue</type>
    </cross-street>
    <centre>
      <utm zone="14U">
        <x>633577</x>
        <y>5528372</y>
      </utm>
      <geographic>
        <latitude>49.89282</latitude>
        <longitude>-97.14022</longitude>
      </geographic>
    </centre>
  </stop>
  <stop xlink:href="stops/10706">
    <key>10706</key>
    <name>Northbound Vaughan at Portage South</name>
    <number>10706</number>
    <direction abbr="NB">Northbound</direction>
    <side abbr="NS">Nearside</side>
    <street xlink:href="streets/3716">
      <key>3716</key>
      <name>Vaughan Street</name>
      <type abbr="St">Street</type>
    </street>
    <cross-street xlink:href="streets/2903">
      <key>2903</key>
      <name>Portage Avenue</name>
      <type abbr="Ave">Avenue</type>
    </cross-street>
    <centre>
      <utm zone="14U">
        <x>632920</x>
        <y>5528181</y>
      </utm>
      <geographic>
        <latitude>49.89125</latitude>
        <longitude>-97.14943</longitude>
      </geographic>
    </centre>
  </stop>
  <stop xlink:href="stops/10707">
    <key>10707</key>
    <name>Northbound Vaughan at Portage North</name>
    <number>10707</number>
    <direction abbr="NB">Northbound</direction>
    <side abbr="FS">Farside</side>
    <street xlink:href="streets/3716">
      <key>3716</key>
      <name>Vaughan Street</name>
      <type abbr="St">Street</type>
    </street>
    <cross-street xlink:href="streets/2903">
      <key>2903</key>
      <name>Portage Avenue</name>
      <type abbr="Ave">Avenue</type>
    </cross-street>
    <centre>
      <utm zone="14U">
        <x>632897</x>
        <y>5528248</y>
      </utm>
      <geographic>
        <latitude>49.89185</latitude>
        <longitude>-97.14973</longitude>
      </geographic>
    </centre>
  </stop>
  <stop xlink:href="stops/10709">
    <key>10709</key>
    <name>Northbound Balmoral at Qu'Appelle</name>
    <number>10709</number>
    <direction abbr="NB">Northbound</direction>
    <side abbr="FS">Farside</side>
    <street xlink:href="streets/228">
      <key>228</key>
      <name>Balmoral Street</name>
      <type abbr="St">Street</type>
    </street>
    <cross-street xlink:href="streets/2948">
      <key>2948</key>
      <name>Qu'appelle Avenue</name>
      <type abbr="Ave">Avenue</type>
    </cross-street>
    <centre>
      <utm zone="14U">
        <x>632710</x>
        <y>5528618</y>
      </utm>
      <geographic>
        <latitude>49.89522</latitude>
        <longitude>-97.1522</longitude>
      </geographic>
    </centre>
  </stop>
  <stop xlink:href="stops/10713">
    <key>10713</key>
    <name>Westbound William at McPhillips</name>
    <number>10713</number>
    <direction abbr="WB">Westbound</direction>
    <side abbr="NS">Nearside</side>
    <street xlink:href="streets/3905">
      <key>3905</key>
      <name>William Avenue</name>
      <type abbr="Ave">Avenue</type>
    </street>
    <cross-street xlink:href="streets/2443">
      <key>2443</key>
      <name>McPhillips Street</name>
      <type abbr="St">Street</type>
    </cross-street>
    <centre>
      <utm zone="14U">
        <x>631358</x>
        <y>5530119</y>
      </utm>
      <geographic>
        <latitude>49.90901</latitude>
        <longitude>-97.17051</longitude>
      </geographic>
    </centre>
  </stop>
  <stop xlink:href="stops/10728">
    <key>10728</key>
    <name>Westbound William at Isabel</name>
    <number>10728</number>
    <direction abbr="WB">Westbound</direction>
    <side abbr="FS">Farside</side>
    <street xlink:href="streets/3905">
      <key>3905</key>
      <name>William Avenue</name>
      <type abbr="Ave">Avenue</type>
    </street>
    <cross-street xlink:href="streets/1852">
      <key>1852</key>
      <name>Isabel Street</name>
      <type abbr="St">Street</type>
    </cross-street>
    <centre>
      <utm zone="14U">
        <x>632845</x>
        <y>5529428</y>
      </utm>
      <geographic>
        <latitude>49.90247</latitude>
        <longitude>-97.15004</longitude>
      </geographic>
    </centre>
  </stop>
  <stop xlink:href="stops/10733">
    <key>10733</key>
    <name>Westbound William at Kate</name>
    <number>10733</number>
    <direction abbr="WB">Westbound</direction>
    <side abbr="FS">Farside</side>
    <street xlink:href="streets/3905">
      <key>3905</key>
      <name>William Avenue</name>
      <type abbr="Ave">Avenue</type>
    </street>
    <cross-street xlink:href="streets/1914">
      <key>1914</key>
      <name>Kate Street</name>
      <type abbr="St">Street</type>
    </cross-street>
    <centre>
      <utm zone="14U">
        <x>632685</x>
        <y>5529502</y>
      </utm>
      <geographic>
        <latitude>49.90317</latitude>
        <longitude>-97.15225</longitude>
      </geographic>
    </centre>
  </stop>
  <stop xlink:href="stops/10735">
    <key>10735</key>
    <name>Northbound Balmoral at Sargent</name>
    <number>10735</number>
    <direction abbr="NB">Northbound</direction>
    <side abbr="FS">Farside</side>
    <street xlink:href="streets/228">
      <key>228</key>
      <name>Balmoral Street</name>
      <type abbr="St">Street</type>
    </street>
    <cross-street xlink:href="streets/3219">
      <key>3219</key>
      <name>Sargent Avenue</name>
      <type abbr="Ave">Avenue</type>
    </cross-street>
    <centre>
      <utm zone="14U">
        <x>632714</x>
        <y>5528756</y>
      </utm>
      <geographic>
        <latitude>49.89646</latitude>
        <longitude>-97.1521</longitude>
      </geographic>
    </centre>
  </stop>
  <stop xlink:href="stops/10736">
    <key>10736</key>
    <name>Westbound William at Sherbrook (HSC)</name>
    <number>10736</number>
    <direction abbr="WB">Westbound</direction>
    <side abbr="FS">Farside</side>
    <street xlink:href="streets/3905">
      <key>3905</key>
      <name>William Avenue</name>
      <type abbr="Ave">Avenue</type>
    </street>
    <cross-street xlink:href="streets/3318">
      <key>3318</key>
      <name>Sherbrook Street</name>
      <type abbr="St">Street</type>
    </cross-street>
    <centre>
      <utm zone="14U">
        <x>632406</x>
        <y>5529634</y>
      </utm>
      <geographic>
        <latitude>49.90442</latitude>
        <longitude>-97.15608</longitude>
      </geographic>
    </centre>
  </stop>
  <stop xlink:href="stops/10740">
    <key>10740</key>
    <name>Westbound William at Tecumseh East (HSC)</name>
    <number>10740</number>
    <direction abbr="WB">Westbound</direction>
    <side abbr="FS">Farside</side>
    <street xlink:href="streets/3905">
      <key>3905</key>
      <name>William Avenue</name>
      <type abbr="Ave">Avenue</type>
    </street>
    <cross-street xlink:href="streets/3318">
      <key>3318</key>
      <name>Sherbrook Street</name>
      <type abbr="St">Street</type>
    </cross-street>
    <centre>
      <utm zone="14U">
        <x>632140</x>
        <y>5529757</y>
      </utm>
      <geographic>
        <latitude>49.90559</latitude>
        <longitude>-97.15974</longitude>
      </geographic>
    </centre>
  </stop>
  <stop xlink:href="stops/10744">
    <key>10744</key>
    <name>Westbound William at Tecumseh</name>
    <number>10744</number>
    <direction abbr="WB">Westbound</direction>
    <side abbr="NS">Nearside</side>
    <street xlink:href="streets/3905">
      <key>3905</key>
      <name>William Avenue</name>
      <type abbr="Ave">Avenue</type>
    </street>
    <cross-street xlink:href="streets/3580">
      <key>3580</key>
      <name>Tecumseh Street</name>
      <type abbr="St">Street</type>
    </cross-street>
    <centre>
      <utm zone="14U">
        <x>631990</x>
        <y>5529828</y>
      </utm>
      <geographic>
        <latitude>49.90626</latitude>
        <longitude>-97.16181</longitude>
      </geographic>
    </centre>
  </stop>
  <stop xlink:href="stops/10746">
    <key>10746</key>
    <name>Westbound William at Arlington</name>
    <number>10746</number>
    <direction abbr="WB">Westbound</direction>
    <side abbr="FS">Farside</side>
    <street xlink:href="streets/3905">
      <key>3905</key>
      <name>William Avenue</name>
      <type abbr="Ave">Avenue</type>
    </street>
    <cross-street xlink:href="streets/141">
      <key>141</key>
      <name>Arlington Street</name>
      <type abbr="St">Street</type>
    </cross-street>
    <centre>
      <utm zone="14U">
        <x>631692</x>
        <y>5529966</y>
      </utm>
      <geographic>
        <latitude>49.90756</latitude>
        <longitude>-97.16591</longitude>
      </geographic>
    </centre>
  </stop>
  <stop xlink:href="stops/10748">
    <key>10748</key>
    <name>Westbound William at Lark</name>
    <number>10748</number>
    <direction abbr="WB">Westbound</direction>
    <side abbr="NSO">Nearside Opposite</side>
    <street xlink:href="streets/3905">
      <key>3905</key>
      <name>William Avenue</name>
      <type abbr="Ave">Avenue</type>
    </street>
    <cross-street xlink:href="streets/2088">
      <key>2088</key>
      <name>Lark Street</name>
      <type abbr="St">Street</type>
    </cross-street>
    <centre>
      <utm zone="14U">
        <x>631492</x>
        <y>5530060</y>
      </utm>
      <geographic>
        <latitude>49.90845</latitude>
        <longitude>-97.16866</longitude>
      </geographic>
    </centre>
  </stop>
  <stop xlink:href="stops/10751">
    <key>10751</key>
    <name>Northbound Isabel at Notre Dame</name>
    <number>10751</number>
    <direction abbr="NB">Northbound</direction>
    <side abbr="FS">Farside</side>
    <street xlink:href="streets/1852">
      <key>1852</key>
      <name>Isabel Street</name>
      <type abbr="St">Street</type>
    </street>
    <cross-street xlink:href="streets/2657">
      <key>2657</key>
      <name>Notre Dame Avenue</name>
      <type abbr="Ave">Avenue</type>
    </cross-street>
    <centre>
      <utm zone="14U">
        <x>632768</x>
        <y>5529101</y>
      </utm>
      <geographic>
        <latitude>49.89955</latitude>
        <longitude>-97.15123</longitude>
      </geographic>
    </centre>
  </stop>
  <stop xlink:href="stops/10753">
    <key>10753</key>
    <name>Northbound Isabel at Bannatyne</name>
    <number>10753</number>
    <direction abbr="NB">Northbound</direction>
    <side abbr="NS">Nearside</side>
    <street xlink:href="streets/1852">
      <key>1852</key>
      <name>Isabel Street</name>
      <type abbr="St">Street</type>
    </street>
    <cross-street xlink:href="streets/235">
      <key>235</key>
      <name>Bannatyne Avenue</name>
      <type abbr="Ave">Avenue</type>
    </cross-street>
    <centre>
      <utm zone="14U">
        <x>632850</x>
        <y>5529275</y>
      </utm>
      <geographic>
        <latitude>49.9011</latitude>
        <longitude>-97.15003</longitude>
      </geographic>
    </centre>
  </stop>
  <stop xlink:href="stops/10835">
    <key>10835</key>
    <name>Northbound Balmoral at Ellice North</name>
    <number>10835</number>
    <direction abbr="NB">Northbound</direction>
    <side abbr="FS">Farside</side>
    <street xlink:href="streets/228">
      <key>228</key>
      <name>Balmoral Street</name>
      <type abbr="St">Street</type>
    </street>
    <cross-street xlink:href="streets/1220">
      <key>1220</key>
      <name>Ellice Avenue</name>
      <type abbr="Ave">Avenue</type>
    </cross-street>
    <centre>
      <utm zone="14U">
        <x>632720</x>
        <y>5528478</y>
      </utm>
      <geographic>
        <latitude>49.89396</latitude>
        <longitude>-97.15211</longitude>
      </geographic>
    </centre>
  </stop>
  <stop xlink:href="stops/10839">
    <key>10839</key>
    <name>Northbound Balmoral at Cumberland</name>
    <number>10839</number>
    <direction abbr="NB">Northbound</direction>
    <side abbr="NS">Nearside</side>
    <street xlink:href="streets/228">
      <key>228</key>
      <name>Balmoral Street</name>
      <type abbr="St">Street</type>
    </street>
    <cross-street xlink:href="streets/934">
      <key>934</key>
      <name>Cumberland Avenue</name>
      <type abbr="Ave">Avenue</type>
    </cross-street>
    <centre>
      <utm zone="14U">
        <x>632714</x>
        <y>5528935</y>
      </utm>
      <geographic>
        <latitude>49.89807</latitude>
        <longitude>-97.15204</longitude>
      </geographic>
    </centre>
  </stop>
  <stop xlink:href="stops/30001">
    <key>30001</key>
    <name>Northbound McPhillips at Huron</name>
    <number>30001</number>
    <direction abbr="NB">Northbound</direction>
    <side abbr="NSO">Nearside Opposite</side>
    <street xlink:href="streets/2443">
      <key>2443</key>
      <name>McPhillips Street</name>
      <type abbr="St">Street</type>
    </street>
    <cross-street xlink:href="streets/1822">
      <key>1822</key>
      <name>Huron Avenue</name>
      <type abbr="Ave">Avenue</type>
    </cross-street>
    <centre>
      <utm zone="14U">
        <x>631855</x>
        <y>5533146</y>
      </utm>
      <geographic>
        <latitude>49.93611</latitude>
        <longitude>-97.16255</longitude>
      </geographic>
    </centre>
  </stop>
  <stop xlink:href="stops/30337">
    <key>30337</key>
    <name>Northbound McPhillips at Jarvis (McPhillips Station)</name>
    <number>30337</number>
    <direction abbr="NB">Northbound</direction>
    <side abbr="NS">Nearside</side>
    <street xlink:href="streets/2443">
      <key>2443</key>
      <name>McPhillips Street</name>
      <type abbr="St">Street</type>
    </street>
    <cross-street xlink:href="streets/1867">
      <key>1867</key>
      <name>Jarvis Avenue</name>
      <type abbr="Ave">Avenue</type>
    </cross-street>
    <centre>
      <utm zone="14U">
        <x>631382</x>
        <y>5531223</y>
      </utm>
      <geographic>
        <latitude>49.91893</latitude>
        <longitude>-97.1698</longitude>
      </geographic>
    </centre>
  </stop>
  <stop xlink:href="stops/30392">
    <key>30392</key>
    <name>Westbound Jefferson at Watson</name>
    <number>30392</number>
    <direction abbr="WB">Westbound</direction>
    <side abbr="NS">Nearside</side>
    <street xlink:href="streets/1874">
      <key>1874</key>
      <name>Jefferson Avenue</name>
      <type abbr="Ave">Avenue</type>
    </street>
    <cross-street xlink:href="streets/3801">
      <key>3801</key>
      <name>Watson Street</name>
      <type abbr="St">Street</type>
    </cross-street>
    <centre>
      <utm zone="14U">
        <x>632081</x>
        <y>5534318</y>
      </utm>
      <geographic>
        <latitude>49.9466</latitude>
        <longitude>-97.159</longitude>
      </geographic>
    </centre>
  </stop>
  <stop xlink:href="stops/30396">
    <key>30396</key>
    <name>Westbound Jefferson at McPhillips West</name>
    <number>30396</number>
    <direction abbr="WB">Westbound</direction>
    <side abbr="FS">Farside</side>
    <street xlink:href="streets/1874">
      <key>1874</key>
      <name>Jefferson Avenue</name>
      <type abbr="Ave">Avenue</type>
    </street>
    <cross-street xlink:href="streets/2443">
      <key>2443</key>
      <name>McPhillips Street</name>
      <type abbr="St">Street</type>
    </cross-street>
    <centre>
      <utm zone="14U">
        <x>632328</x>
        <y>5534203</y>
      </utm>
      <geographic>
        <latitude>49.94551</latitude>
        <longitude>-97.1556</longitude>
      </geographic>
    </centre>
  </stop>
  <stop xlink:href="stops/30425">
    <key>30425</key>
    <name>Northbound McPhillips at Richardson</name>
    <number>30425</number>
    <direction abbr="NB">Northbound</direction>
    <side abbr="NS">Nearside</side>
    <street xlink:href="streets/2443">
      <key>2443</key>
      <name>McPhillips Street</name>
      <type abbr="St">Street</type>
    </street>
    <cross-street xlink:href="streets/3036">
      <key>3036</key>
      <name>Richardson Avenue</name>
      <type abbr="Ave">Avenue</type>
    </cross-street>
    <centre>
      <utm zone="14U">
        <x>632323</x>
        <y>5534020</y>
      </utm>
      <geographic>
        <latitude>49.94387</latitude>
        <longitude>-97.15574</longitude>
      </geographic>
    </centre>
  </stop>
  <stop xlink:href="stops/30433">
    <key>30433</key>
    <name>Northbound McPhillips at Lansdowne</name>
    <number>30433</number>
    <direction abbr="NB">Northbound</direction>
    <side abbr="FS">Farside</side>
    <street xlink:href="streets/2443">
      <key>2443</key>
      <name>McPhillips Street</name>
      <type abbr="St">Street</type>
    </street>
    <cross-street xlink:href="streets/2079">
      <key>2079</key>
      <name>Lansdowne Avenue</name>
      <type abbr="Ave">Avenue</type>
    </cross-street>
    <centre>
      <utm zone="14U">
        <x>632118</x>
        <y>5533639</y>
      </utm>
      <geographic>
        <latitude>49.94049</latitude>
        <longitude>-97.15872</longitude>
      </geographic>
    </centre>
  </stop>
  <stop xlink:href="stops/30436">
    <key>30436</key>
    <name>Northbound McPhillips at Northgate</name>
    <number>30436</number>
    <direction abbr="NB">Northbound</direction>
    <side abbr="FSO">Farside Opposite</side>
    <street xlink:href="streets/2443">
      <key>2443</key>
      <name>McPhillips Street</name>
      <type abbr="St">Street</type>
    </street>
    <cross-street xlink:href="streets/2306">
      <key>2306</key>
      <name>Mapleglen Drive</name>
      <type abbr="Dr">Drive</type>
    </cross-street>
    <centre>
      <utm zone="14U">
        <x>632206</x>
        <y>5533803</y>
      </utm>
      <geographic>
        <latitude>49.94194</latitude>
        <longitude>-97.15744</longitude>
      </geographic>
    </centre>
  </stop>
  <stop xlink:href="stops/30448">
    <key>30448</key>
    <name>Northbound McPhillips at Inkster</name>
    <number>30448</number>
    <direction abbr="NB">Northbound</direction>
    <side abbr="NS">Nearside</side>
    <street xlink:href="streets/2443">
      <key>2443</key>
      <name>McPhillips Street</name>
      <type abbr="St">Street</type>
    </street>
    <cross-street xlink:href="streets/1836">
      <key>1836</key>
      <name>Inkster Boulevard</name>
      <type abbr="Blvd">Boulevard</type>
    </cross-street>
    <centre>
      <utm zone="14U">
        <x>631993</x>
        <y>5533407</y>
      </utm>
      <geographic>
        <latitude>49.93843</latitude>
        <longitude>-97.16054</longitude>
      </geographic>
    </centre>
  </stop>
  <stop xlink:href="stops/30462">
    <key>30462</key>
    <name>Northbound McPhillips at Machray</name>
    <number>30462</number>
    <direction abbr="NB">Northbound</direction>
    <side abbr="NS">Nearside</side>
    <street xlink:href="streets/2443">
      <key>2443</key>
      <name>McPhillips Street</name>
      <type abbr="St">Street</type>
    </street>
    <cross-street xlink:href="streets/2242">
      <key>2242</key>
      <name>Machray Avenue</name>
      <type abbr="Ave">Avenue</type>
    </cross-street>
    <centre>
      <utm zone="14U">
        <x>631773</x>
        <y>5532994</y>
      </utm>
      <geographic>
        <latitude>49.93477</latitude>
        <longitude>-97.16375</longitude>
      </geographic>
    </centre>
  </stop>
  <stop xlink:href="stops/30465">
    <key>30465</key>
    <name>Northbound McPhillips at Chamberlain</name>
    <number>30465</number>
    <direction abbr="NB">Northbound</direction>
    <side abbr="NSO">Nearside Opposite</side>
    <street xlink:href="streets/2443">
      <key>2443</key>
      <name>McPhillips Street</name>
      <type abbr="St">Street</type>
    </street>
    <cross-street xlink:href="streets/710">
      <key>710</key>
      <name>Chamberlain Avenue</name>
      <type abbr="Ave">Avenue</type>
    </cross-street>
    <centre>
      <utm zone="14U">
        <x>631692</x>
        <y>5532843</y>
      </utm>
      <geographic>
        <latitude>49.93343</latitude>
        <longitude>-97.16493</longitude>
      </geographic>
    </centre>
  </stop>
  <stop xlink:href="stops/30476">
    <key>30476</key>
    <name>Northbound McPhillips at Mountain</name>
    <number>30476</number>
    <direction abbr="NB">Northbound</direction>
    <side abbr="FS">Farside</side>
    <street xlink:href="streets/2443">
      <key>2443</key>
      <name>McPhillips Street</name>
      <type abbr="St">Street</type>
    </street>
    <cross-street xlink:href="streets/2570">
      <key>2570</key>
      <name>Mountain Avenue</name>
      <type abbr="Ave">Avenue</type>
    </cross-street>
    <centre>
      <utm zone="14U">
        <x>631601</x>
        <y>5532668</y>
      </utm>
      <geographic>
        <latitude>49.93187</latitude>
        <longitude>-97.16625</longitude>
      </geographic>
    </centre>
  </stop>
  <stop xlink:href="stops/30479">
    <key>30479</key>
    <name>Northbound McPhillips at Boyd</name>
    <number>30479</number>
    <direction abbr="NB">Northbound</direction>
    <side abbr="NS">Nearside</side>
    <street xlink:href="streets/2443">
      <key>2443</key>
      <name>McPhillips Street</name>
      <type abbr="St">Street</type>
    </street>
    <cross-street xlink:href="streets/452">
      <key>452</key>
      <name>Boyd Avenue</name>
      <type abbr="Ave">Avenue</type>
    </cross-street>
    <centre>
      <utm zone="14U">
        <x>631480</x>
        <y>5532445</y>
      </utm>
      <geographic>
        <latitude>49.9299</latitude>
        <longitude>-97.16802</longitude>
      </geographic>
    </centre>
  </stop>
  <stop xlink:href="stops/30480">
    <key>30480</key>
    <name>Northbound McPhillips at Aberdeen</name>
    <number>30480</number>
    <direction abbr="NB">Northbound</direction>
    <side abbr="FS">Farside</side>
    <street xlink:href="streets/2443">
      <key>2443</key>
      <name>McPhillips Street</name>
      <type abbr="St">Street</type>
    </street>
    <cross-street xlink:href="streets/4">
      <key>4</key>
      <name>Aberdeen Avenue</name>
      <type abbr="Ave">Avenue</type>
    </cross-street>
    <centre>
      <utm zone="14U">
        <x>631429</x>
        <y>5532315</y>
      </utm>
      <geographic>
        <latitude>49.92874</latitude>
        <longitude>-97.16877</longitude>
      </geographic>
    </centre>
  </stop>
  <stop xlink:href="stops/30490">
    <key>30490</key>
    <name>Northbound McPhillips at Burrows</name>
    <number>30490</number>
    <direction abbr="NB">Northbound</direction>
    <side abbr="NS">Nearside</side>
    <street xlink:href="streets/2443">
      <key>2443</key>
      <name>McPhillips Street</name>
      <type abbr="St">Street</type>
    </street>
    <cross-street xlink:href="streets/576">
      <key>576</key>
      <name>Burrows Avenue</name>
      <type abbr="Ave">Avenue</type>
    </cross-street>
    <centre>
      <utm zone="14U">
        <x>631418</x>
        <y>5532087</y>
      </utm>
      <geographic>
        <latitude>49.92669</latitude>
        <longitude>-97.169</longitude>
      </geographic>
    </centre>
  </stop>
  <stop xlink:href="stops/30494">
    <key>30494</key>
    <name>Northbound McPhillips at Manitoba</name>
    <number>30494</number>
    <direction abbr="NB">Northbound</direction>
    <side abbr="NS">Nearside</side>
    <street xlink:href="streets/2443">
      <key>2443</key>
      <name>McPhillips Street</name>
      <type abbr="St">Street</type>
    </street>
    <cross-street xlink:href="streets/2290">
      <key>2290</key>
      <name>Manitoba Avenue</name>
      <type abbr="Ave">Avenue</type>
    </cross-street>
    <centre>
      <utm zone="14U">
        <x>631410</x>
        <y>5531915</y>
      </utm>
      <geographic>
        <latitude>49.92515</latitude>
        <longitude>-97.16917</longitude>
      </geographic>
    </centre>
  </stop>
  <stop xlink:href="stops/30500">
    <key>30500</key>
    <name>Northbound McPhillips at Selkirk</name>
    <number>30500</number>
    <direction abbr="NB">Northbound</direction>
    <side abbr="NS">Nearside</side>
    <street xlink:href="streets/2443">
      <key>2443</key>
      <name>McPhillips Street</name>
      <type abbr="St">Street</type>
    </street>
    <cross-street xlink:href="streets/3259">
      <key>3259</key>
      <name>Selkirk Avenue</name>
      <type abbr="Ave">Avenue</type>
    </cross-street>
    <centre>
      <utm zone="14U">
        <x>631404</x>
        <y>5531696</y>
      </utm>
      <geographic>
        <latitude>49.92318</latitude>
        <longitude>-97.16933</longitude>
      </geographic>
    </centre>
  </stop>
  <stop xlink:href="stops/30501">
    <key>30501</key>
    <name>Northbound McPhillips at Selkirk South</name>
    <number>30501</number>
    <direction abbr="NB">Northbound</direction>
    <side abbr="NS">Nearside</side>
    <street xlink:href="streets/2443">
      <key>2443</key>
      <name>McPhillips Street</name>
      <type abbr="St">Street</type>
    </street>
    <cross-street xlink:href="streets/3259">
      <key>3259</key>
      <name>Selkirk Avenue</name>
      <type abbr="Ave">Avenue</type>
    </cross-street>
    <centre>
      <utm zone="14U">
        <x>631394</x>
        <y>5531507</y>
      </utm>
      <geographic>
        <latitude>49.92148</latitude>
        <longitude>-97.16953</longitude>
      </geographic>
    </centre>
  </stop>
  <stop xlink:href="stops/30581">
    <key>30581</key>
    <name>Westbound Jefferson at Maynard</name>
    <number>30581</number>
    <direction abbr="WB">Westbound</direction>
    <side abbr="NSO">Nearside Opposite</side>
    <street xlink:href="streets/1874">
      <key>1874</key>
      <name>Jefferson Avenue</name>
      <type abbr="Ave">Avenue</type>
    </street>
    <cross-street xlink:href="streets/2383">
      <key>2383</key>
      <name>Maynard Close</name>
      <type abbr="Close">Close</type>
    </cross-street>
    <centre>
      <utm zone="14U">
        <x>631889</x>
        <y>5534407</y>
      </utm>
      <geographic>
        <latitude>49.94744</latitude>
        <longitude>-97.16165</longitude>
      </geographic>
    </centre>
  </stop>
  <stop xlink:href="stops/30583">
    <key>30583</key>
    <name>Westbound Jefferson at Martindale</name>
    <number>30583</number>
    <direction abbr="WB">Westbound</direction>
    <side abbr="FS">Farside</side>
    <street xlink:href="streets/1874">
      <key>1874</key>
      <name>Jefferson Avenue</name>
      <type abbr="Ave">Avenue</type>
    </street>
    <cross-street xlink:href="streets/2354">
      <key>2354</key>
      <name>Martindale Place</name>
      <type abbr="Pl">Place</type>
    </cross-street>
    <centre>
      <utm zone="14U">
        <x>631769</x>
        <y>5534463</y>
      </utm>
      <geographic>
        <latitude>49.94797</latitude>
        <longitude>-97.1633</longitude>
      </geographic>
    </centre>
  </stop>
  <stop xlink:href="stops/30584">
    <key>30584</key>
    <name>Westbound Jefferson at Masterton</name>
    <number>30584</number>
    <direction abbr="WB">Westbound</direction>
    <side abbr="NS">Nearside</side>
    <street xlink:href="streets/1874">
      <key>1874</key>
      <name>Jefferson Avenue</name>
      <type abbr="Ave">Avenue</type>
    </street>
    <cross-street xlink:href="streets/2363">
      <key>2363</key>
      <name>Masterton Crescent</name>
      <type abbr="Cres">Crescent</type>
    </cross-street>
    <centre>
      <utm zone="14U">
        <x>631656</x>
        <y>5534516</y>
      </utm>
      <geographic>
        <latitude>49.94847</latitude>
        <longitude>-97.16486</longitude>
      </geographic>
    </centre>
  </stop>
  <stop xlink:href="stops/30588">
    <key>30588</key>
    <name>Westbound Jefferson at Marnie</name>
    <number>30588</number>
    <direction abbr="WB">Westbound</direction>
    <side abbr="NS">Nearside</side>
    <street xlink:href="streets/1874">
      <key>1874</key>
      <name>Jefferson Avenue</name>
      <type abbr="Ave">Avenue</type>
    </street>
    <cross-street xlink:href="streets/2342">
      <key>2342</key>
      <name>Marnie Place</name>
      <type abbr="Pl">Place</type>
    </cross-street>
    <centre>
      <utm zone="14U">
        <x>631463</x>
        <y>5534629</y>
      </utm>
      <geographic>
        <latitude>49.94953</latitude>
        <longitude>-97.16751</longitude>
      </geographic>
    </centre>
  </stop>
  <stop xlink:href="stops/30590">
    <key>30590</key>
    <name>Westbound Jefferson at Sheppard</name>
    <number>30590</number>
    <direction abbr="WB">Westbound</direction>
    <side abbr="FSO">Farside Opposite</side>
    <street xlink:href="streets/1874">
      <key>1874</key>
      <name>Jefferson Avenue</name>
      <type abbr="Ave">Avenue</type>
    </street>
    <cross-street xlink:href="streets/3316">
      <key>3316</key>
      <name>Sheppard Street</name>
      <type abbr="St">Street</type>
    </cross-street>
    <centre>
      <utm zone="14U">
        <x>631326</x>
        <y>5534781</y>
      </utm>
      <geographic>
        <latitude>49.95093</latitude>
        <longitude>-97.16936</longitude>
      </geographic>
    </centre>
  </stop>
  <stop xlink:href="stops/30599">
    <key>30599</key>
    <name>Westbound Jefferson at Maevista</name>
    <number>30599</number>
    <direction abbr="WB">Westbound</direction>
    <side abbr="FS">Farside</side>
    <street xlink:href="streets/1874">
      <key>1874</key>
      <name>Jefferson Avenue</name>
      <type abbr="Ave">Avenue</type>
    </street>
    <cross-street xlink:href="streets/2253">
      <key>2253</key>
      <name>Maevista Place</name>
      <type abbr="Pl">Place</type>
    </cross-street>
    <centre>
      <utm zone="14U">
        <x>631216</x>
        <y>5535011</y>
      </utm>
      <geographic>
        <latitude>49.95302</latitude>
        <longitude>-97.17082</longitude>
      </geographic>
    </centre>
  </stop>
  <stop xlink:href="stops/30603">
    <key>30603</key>
    <name>Westbound Jefferson at Adsum</name>
    <number>30603</number>
    <direction abbr="WB">Westbound</direction>
    <side abbr="NS">Nearside</side>
    <street xlink:href="streets/1874">
      <key>1874</key>
      <name>Jefferson Avenue</name>
      <type abbr="Ave">Avenue</type>
    </street>
    <cross-street xlink:href="streets/22">
      <key>22</key>
      <name>Adsum Drive</name>
      <type abbr="Dr">Drive</type>
    </cross-street>
    <centre>
      <utm zone="14U">
        <x>631199</x>
        <y>5535182</y>
      </utm>
      <geographic>
        <latitude>49.95456</latitude>
        <longitude>-97.171</longitude>
      </geographic>
    </centre>
  </stop>
  <stop xlink:href="stops/30605">
    <key>30605</key>
    <name>Westbound Jefferson at Hiddleston</name>
    <number>30605</number>
    <direction abbr="WB">Westbound</direction>
    <side abbr="FS">Farside</side>
    <street xlink:href="streets/1874">
      <key>1874</key>
      <name>Jefferson Avenue</name>
      <type abbr="Ave">Avenue</type>
    </street>
    <cross-street xlink:href="streets/1735">
      <key>1735</key>
      <name>Hiddleston Crescent</name>
      <type abbr="Cres">Crescent</type>
    </cross-street>
    <centre>
      <utm zone="14U">
        <x>631174</x>
        <y>5535441</y>
      </utm>
      <geographic>
        <latitude>49.9569</latitude>
        <longitude>-97.17126</longitude>
      </geographic>
    </centre>
  </stop>
  <stop xlink:href="stops/30606">
    <key>30606</key>
    <name>Westbound Jefferson at Manila</name>
    <number>30606</number>
    <direction abbr="WB">Westbound</direction>
    <side abbr="NS">Nearside</side>
    <street xlink:href="streets/1874">
      <key>1874</key>
      <name>Jefferson Avenue</name>
      <type abbr="Ave">Avenue</type>
    </street>
    <cross-street xlink:href="streets/2289">
      <key>2289</key>
      <name>Manila Road</name>
      <type abbr="Rd">Road</type>
    </cross-street>
    <centre>
      <utm zone="14U">
        <x>630980</x>
        <y>5535600</y>
      </utm>
      <geographic>
        <latitude>49.95837</latitude>
        <longitude>-97.17391</longitude>
      </geographic>
    </centre>
  </stop>
  <stop xlink:href="stops/30783">
    <key>30783</key>
    <name>Westbound Jefferson at Watson East</name>
    <number>30783</number>
    <direction abbr="WB">Westbound</direction>
    <side abbr="NS">Nearside</side>
    <street xlink:href="streets/1874">
      <key>1874</key>
      <name>Jefferson Avenue</name>
      <type abbr="Ave">Avenue</type>
    </street>
    <cross-street xlink:href="streets/3801">
      <key>3801</key>
      <name>Watson Street</name>
      <type abbr="St">Street</type>
    </cross-street>
    <centre>
      <utm zone="14U">
        <x>632238</x>
        <y>5534245</y>
      </utm>
      <geographic>
        <latitude>49.94591</latitude>
        <longitude>-97.15684</longitude>
      </geographic>
    </centre>
  </stop>
  <stop xlink:href="stops/30899">
    <key>30899</key>
    <name>Eastbound Ambergate at Pipeline</name>
    <number>30899</number>
    <direction abbr="EB">Eastbound</direction>
    <side abbr="NS">Nearside</side>
    <street xlink:href="streets/92">
      <key>92</key>
      <name>Ambergate Drive</name>
      <type abbr="Dr">Drive</type>
    </street>
    <cross-street xlink:href="streets/2873">
      <key>2873</key>
      <name>Pipeline Road</name>
      <type abbr="Rd">Road</type>
    </cross-street>
    <centre>
      <utm zone="14U">
        <x>631843</x>
        <y>5535833</y>
      </utm>
      <geographic>
        <latitude>49.96027</latitude>
        <longitude>-97.1618</longitude>
      </geographic>
    </centre>
  </stop>
  <stop xlink:href="stops/30902">
    <key>30902</key>
    <name>Eastbound Amber TL at Verona</name>
    <number>30902</number>
    <direction abbr="EB">Eastbound</direction>
    <side abbr="NSO">Nearside Opposite</side>
    <street xlink:href="streets/91">
      <key>91</key>
      <name>Amber Trail</name>
      <type abbr="Trail">Trail</type>
    </street>
    <cross-street xlink:href="streets/3724">
      <key>3724</key>
      <name>Verona Drive</name>
      <type abbr="Dr">Drive</type>
    </cross-street>
    <centre>
      <utm zone="14U">
        <x>631315</x>
        <y>5536076</y>
      </utm>
      <geographic>
        <latitude>49.96257</latitude>
        <longitude>-97.16908</longitude>
      </geographic>
    </centre>
  </stop>
  <stop xlink:href="stops/30903">
    <key>30903</key>
    <name>Eastbound Amber at Ambergate</name>
    <number>30903</number>
    <direction abbr="EB">Eastbound</direction>
    <side abbr="NS">Nearside</side>
    <street xlink:href="streets/91">
      <key>91</key>
      <name>Amber Trail</name>
      <type abbr="Trail">Trail</type>
    </street>
    <cross-street xlink:href="streets/92">
      <key>92</key>
      <name>Ambergate Drive</name>
      <type abbr="Dr">Drive</type>
    </cross-street>
    <centre>
      <utm zone="14U">
        <x>631598</x>
        <y>5535976</y>
      </utm>
      <geographic>
        <latitude>49.96161</latitude>
        <longitude>-97.16517</longitude>
      </geographic>
    </centre>
  </stop>
  <stop xlink:href="stops/30904">
    <key>30904</key>
    <name>Northbound Manila at Cartwright</name>
    <number>30904</number>
    <direction abbr="NB">Northbound</direction>
    <side abbr="FS">Farside</side>
    <street xlink:href="streets/2289">
      <key>2289</key>
      <name>Manila Road</name>
      <type abbr="Rd">Road</type>
    </street>
    <cross-street xlink:href="streets/667">
      <key>667</key>
      <name>Cartwright Road</name>
      <type abbr="Rd">Road</type>
    </cross-street>
    <centre>
      <utm zone="14U">
        <x>631041</x>
        <y>5535866</y>
      </utm>
      <geographic>
        <latitude>49.96075</latitude>
        <longitude>-97.17297</longitude>
      </geographic>
    </centre>
  </stop>
  <stop xlink:href="stops/30905">
    <key>30905</key>
    <name>Northbound Allan Blye at Leila</name>
    <number>30905</number>
    <direction abbr="NB">Northbound</direction>
    <side abbr="FS">Farside</side>
    <street xlink:href="streets/63">
      <key>63</key>
      <name>Allan Blye Drive</name>
      <type abbr="Dr">Drive</type>
    </street>
    <cross-street xlink:href="streets/2132">
      <key>2132</key>
      <name>Leila Avenue</name>
      <type abbr="Ave">Avenue</type>
    </cross-street>
    <centre>
      <utm zone="14U">
        <x>631110</x>
        <y>5536013</y>
      </utm>
      <geographic>
        <latitude>49.96205</latitude>
        <longitude>-97.17195</longitude>
      </geographic>
    </centre>
  </stop>
  <stop xlink:href="stops/30906">
    <key>30906</key>
    <name>Northbound Allan Blye at Amber</name>
    <number>30906</number>
    <direction abbr="NB">Northbound</direction>
    <side abbr="NS">Nearside</side>
    <street xlink:href="streets/63">
      <key>63</key>
      <name>Allan Blye Drive</name>
      <type abbr="Dr">Drive</type>
    </street>
    <cross-street xlink:href="streets/91">
      <key>91</key>
      <name>Amber Trail</name>
      <type abbr="Trail">Trail</type>
    </cross-street>
    <centre>
      <utm zone="14U">
        <x>631189</x>
        <y>5536140</y>
      </utm>
      <geographic>
        <latitude>49.96318</latitude>
        <longitude>-97.17081</longitude>
      </geographic>
    </centre>
  </stop>
  <stop xlink:href="stops/30942">
    <key>30942</key>
    <name>Westbound Templeton at Innsbruck</name>
    <number>30942</number>
    <direction abbr="WB">Westbound</direction>
    <side abbr="FS">Farside</side>
    <street xlink:href="streets/3584">
      <key>3584</key>
      <name>Templeton Avenue</name>
      <type abbr="Ave">Avenue</type>
    </street>
    <cross-street xlink:href="streets/4491">
      <key>4491</key>
      <name>Innsbruck Way</name>
      <type abbr="Way">Way</type>
    </cross-street>
    <centre>
      <utm zone="14U">
        <x>631642</x>
        <y>5536409</y>
      </utm>
      <geographic>
        <latitude>49.96549</latitude>
        <longitude>-97.1644</longitude>
      </geographic>
    </centre>
  </stop>
  <stop xlink:href="stops/30978">
    <key>30978</key>
    <name>Northbound Pipeline at Templeton</name>
    <number>30978</number>
    <direction abbr="NB">Northbound</direction>
    <side abbr="NS">Nearside</side>
    <street xlink:href="streets/2873">
      <key>2873</key>
      <name>Pipeline Road</name>
      <type abbr="Rd">Road</type>
    </street>
    <cross-street xlink:href="streets/3584">
      <key>3584</key>
      <name>Templeton Avenue</name>
      <type abbr="Ave">Avenue</type>
    </cross-street>
    <centre>
      <utm zone="14U">
        <x>631899</x>
        <y>5536255</y>
      </utm>
      <geographic>
        <latitude>49.96405</latitude>
        <longitude>-97.16088</longitude>
      </geographic>
    </centre>
  </stop>
</stops>
