<?xml version="1.0" encoding="UTF-8"?>
<stops xmlns:utm="http://winnipegtransit.com/coordinates/utm" xmlns:ang="http://winnipegtransit.com/coordinates/angular" xmlns:xlink="http://www.w3.org/1999/xlink" xlink:base="" query-time="2024-07-11T14:43:46">
  <stop xlink:href="stops/10132">
    <key>10132</key>
    <name>Southbound Vaughan at Portage</name>
    <number>10132</number>
    <direction abbr="SB">Southbound</direction>
    <side abbr="NS">Nearside</side>
    <street xlink:href="streets/3716">
      <key>3716</key>
      <name>Vaughan Street</name>
      <type abbr="St">Street</type>
    </street>
    <cross-street xlink:href="streets/2903">
      <key>2903</key>
      <name>Portage Avenue</name>
      <type abbr="Ave">Avenue</type>
    </cross-street>
    <centre>
      <utm zone="14U">
        <x>632891</x>
        <y>5528213</y>
      </utm>
      <geographic>
        <latitude>49.89154</latitude>
        <longitude>-97.14982</longitude>
      </geographic>
    </centre>
  </stop>
  <stop xlink:href="stops/10134">
    <key>10134</key>
    <name>Southbound Vaughan at Graham (The Bay)</name>
    <number>10134</number>
    <direction abbr="SB">Southbound</direction>
    <side abbr="NSO">Nearside Opposite</side>
    <street xlink:href="streets/3716">
      <key>3716</key>
      <name>Vaughan Street</name>
      <type abbr="St">Street</type>
    </street>
    <cross-street xlink:href="streets/1533">
      <key>1533</key>
      <name>Graham Avenue</name>
      <type abbr="Ave">Avenue</type>
    </cross-street>
    <centre>
      <utm zone="14U">
        <x>632926</x>
        <y>5528127</y>
      </utm>
      <geographic>
        <latitude>49.89076</latitude>
        <longitude>-97.14936</longitude>
      </geographic>
    </centre>
  </stop>
  <stop xlink:href="stops/10297">
    <key>10297</key>
    <name>Eastbound Ellice at Colony</name>
    <number>10297</number>
    <direction abbr="EB">Eastbound</direction>
    <side abbr="FS">Farside</side>
    <street xlink:href="streets/1220">
      <key>1220</key>
      <name>Ellice Avenue</name>
      <type abbr="Ave">Avenue</type>
    </street>
    <cross-street xlink:href="streets/825">
      <key>825</key>
      <name>Colony Street</name>
      <type abbr="St">Street</type>
    </cross-street>
    <centre>
      <utm zone="14U">
        <x>632768</x>
        <y>5528409</y>
      </utm>
      <geographic>
        <latitude>49.89333</latitude>
        <longitude>-97.15147</longitude>
      </geographic>
    </centre>
  </stop>
  <stop xlink:href="stops/10299">
    <key>10299</key>
    <name>Southbound McPhillips at Elgin</name>
    <number>10299</number>
    <direction abbr="SB">Southbound</direction>
    <side abbr="NSO">Nearside Opposite</side>
    <street xlink:href="streets/2443">
      <key>2443</key>
      <name>McPhillips Street</name>
      <type abbr="St">Street</type>
    </street>
    <cross-street xlink:href="streets/1214">
      <key>1214</key>
      <name>Elgin Avenue</name>
      <type abbr="Ave">Avenue</type>
    </cross-street>
    <centre>
      <utm zone="14U">
        <x>631313</x>
        <y>5530300</y>
      </utm>
      <geographic>
        <latitude>49.91065</latitude>
        <longitude>-97.17107</longitude>
      </geographic>
    </centre>
  </stop>
  <stop xlink:href="stops/10301">
    <key>10301</key>
    <name>Southbound McPhillips at Pacific</name>
    <number>10301</number>
    <direction abbr="SB">Southbound</direction>
    <side abbr="FS">Farside</side>
    <street xlink:href="streets/2443">
      <key>2443</key>
      <name>McPhillips Street</name>
      <type abbr="St">Street</type>
    </street>
    <cross-street xlink:href="streets/2734">
      <key>2734</key>
      <name>Pacific Avenue</name>
      <type abbr="Ave">Avenue</type>
    </cross-street>
    <centre>
      <utm zone="14U">
        <x>631321</x>
        <y>5530422</y>
      </utm>
      <geographic>
        <latitude>49.91174</latitude>
        <longitude>-97.17092</longitude>
      </geographic>
    </centre>
  </stop>
  <stop xlink:href="stops/10302">
    <key>10302</key>
    <name>Southbound McPhillips at Logan</name>
    <number>10302</number>
    <direction abbr="SB">Southbound</direction>
    <side abbr="NS">Nearside</side>
    <street xlink:href="streets/2443">
      <key>2443</key>
      <name>McPhillips Street</name>
      <type abbr="St">Street</type>
    </street>
    <cross-street xlink:href="streets/2193">
      <key>2193</key>
      <name>Logan Avenue</name>
      <type abbr="Ave">Avenue</type>
    </cross-street>
    <centre>
      <utm zone="14U">
        <x>631329</x>
        <y>5530657</y>
      </utm>
      <geographic>
        <latitude>49.91386</latitude>
        <longitude>-97.17073</longitude>
      </geographic>
    </centre>
  </stop>
  <stop xlink:href="stops/10304">
    <key>10304</key>
    <name>Southbound McPhillips at Henry</name>
    <number>10304</number>
    <direction abbr="SB">Southbound</direction>
    <side abbr="NSO">Nearside Opposite</side>
    <street xlink:href="streets/2443">
      <key>2443</key>
      <name>McPhillips Street</name>
      <type abbr="St">Street</type>
    </street>
    <cross-street xlink:href="streets/1720">
      <key>1720</key>
      <name>Henry Avenue</name>
      <type abbr="Ave">Avenue</type>
    </cross-street>
    <centre>
      <utm zone="14U">
        <x>631335</x>
        <y>5530798</y>
      </utm>
      <geographic>
        <latitude>49.91512</latitude>
        <longitude>-97.17059</longitude>
      </geographic>
    </centre>
  </stop>
  <stop xlink:href="stops/10611">
    <key>10611</key>
    <name>Eastbound Graham at Fort (Wpg Square)</name>
    <number>10611</number>
    <direction abbr="EB">Eastbound</direction>
    <side abbr="NS">Nearside</side>
    <street xlink:href="streets/1533">
      <key>1533</key>
      <name>Graham Avenue</name>
      <type abbr="Ave">Avenue</type>
    </street>
    <cross-street xlink:href="streets/1365">
      <key>1365</key>
      <name>Fort Street</name>
      <type abbr="St">Street</type>
    </cross-street>
    <centre>
      <utm zone="14U">
        <x>633667</x>
        <y>5528384</y>
      </utm>
      <geographic>
        <latitude>49.8929</latitude>
        <longitude>-97.13897</longitude>
      </geographic>
    </centre>
  </stop>
  <stop xlink:href="stops/10615">
    <key>10615</key>
    <name>Eastbound Graham at Smith</name>
    <number>10615</number>
    <direction abbr="EB">Eastbound</direction>
    <side abbr="NS">Nearside</side>
    <street xlink:href="streets/1533">
      <key>1533</key>
      <name>Graham Avenue</name>
      <type abbr="Ave">Avenue</type>
    </street>
    <cross-street xlink:href="streets/3371">
      <key>3371</key>
      <name>Smith Street</name>
      <type abbr="St">Street</type>
    </cross-street>
    <centre>
      <utm zone="14U">
        <x>633485</x>
        <y>5528315</y>
      </utm>
      <geographic>
        <latitude>49.89232</latitude>
        <longitude>-97.14152</longitude>
      </geographic>
    </centre>
  </stop>
  <stop xlink:href="stops/10616">
    <key>10616</key>
    <name>Eastbound Graham at Hargrave</name>
    <number>10616</number>
    <direction abbr="EB">Eastbound</direction>
    <side abbr="NS">Nearside</side>
    <street xlink:href="streets/1533">
      <key>1533</key>
      <name>Graham Avenue</name>
      <type abbr="Ave">Avenue</type>
    </street>
    <cross-street xlink:href="streets/1644">
      <key>1644</key>
      <name>Hargrave Street</name>
      <type abbr="St">Street</type>
    </cross-street>
    <centre>
      <utm zone="14U">
        <x>633299</x>
        <y>5528243</y>
      </utm>
      <geographic>
        <latitude>49.89172</latitude>
        <longitude>-97.14413</longitude>
      </geographic>
    </centre>
  </stop>
  <stop xlink:href="stops/10618">
    <key>10618</key>
    <name>Eastbound Graham at Edmonton (RWB)</name>
    <number>10618</number>
    <direction abbr="EB">Eastbound</direction>
    <side abbr="NS">Nearside</side>
    <street xlink:href="streets/1533">
      <key>1533</key>
      <name>Graham Avenue</name>
      <type abbr="Ave">Avenue</type>
    </street>
    <cross-street xlink:href="streets/1201">
      <key>1201</key>
      <name>Edmonton Street</name>
      <type abbr="St">Street</type>
    </cross-street>
    <centre>
      <utm zone="14U">
        <x>633114</x>
        <y>5528174</y>
      </utm>
      <geographic>
        <latitude>49.89114</latitude>
        <longitude>-97.14673</longitude>
      </geographic>
    </centre>
  </stop>
  <stop xlink:href="stops/10644">
    <key>10644</key>
    <name>Northbound Fort at Graham North</name>
    <number>10644</number>
    <direction abbr="NB">Northbound</direction>
    <side abbr="FS">Farside</side>
    <street xlink:href="streets/1365">
      <key>1365</key>
      <name>Fort Street</name>
      <type abbr="St">Street</type>
    </street>
    <cross-street xlink:href="streets/1533">
      <key>1533</key>
      <name>Graham Avenue</name>
      <type abbr="Ave">Avenue</type>
    </cross-street>
    <centre>
      <utm zone="14U">
        <x>633649</x>
        <y>5528524</y>
      </utm>
      <geographic>
        <latitude>49.89417</latitude>
        <longitude>-97.13917</longitude>
      </geographic>
    </centre>
  </stop>
  <stop xlink:href="stops/10646">
    <key>10646</key>
    <name>Northbound Fort at Portage</name>
    <number>10646</number>
    <direction abbr="NB">Northbound</direction>
    <side abbr="NS">Nearside</side>
    <street xlink:href="streets/1365">
      <key>1365</key>
      <name>Fort Street</name>
      <type abbr="St">Street</type>
    </street>
    <cross-street xlink:href="streets/2903">
      <key>2903</key>
      <name>Portage Avenue</name>
      <type abbr="Ave">Avenue</type>
    </cross-street>
    <centre>
      <utm zone="14U">
        <x>633625</x>
        <y>5528592</y>
      </utm>
      <geographic>
        <latitude>49.89478</latitude>
        <longitude>-97.13948</longitude>
      </geographic>
    </centre>
  </stop>
  <stop xlink:href="stops/10648">
    <key>10648</key>
    <name>Southbound Garry at Portage North</name>
    <number>10648</number>
    <direction abbr="SB">Southbound</direction>
    <side abbr="NS">Nearside</side>
    <street xlink:href="streets/1437">
      <key>1437</key>
      <name>Garry Street</name>
      <type abbr="St">Street</type>
    </street>
    <cross-street xlink:href="streets/2903">
      <key>2903</key>
      <name>Portage Avenue</name>
      <type abbr="Ave">Avenue</type>
    </cross-street>
    <centre>
      <utm zone="14U">
        <x>633494</x>
        <y>5528589</y>
      </utm>
      <geographic>
        <latitude>49.89479</latitude>
        <longitude>-97.1413</longitude>
      </geographic>
    </centre>
  </stop>
  <stop xlink:href="stops/10729">
    <key>10729</key>
    <name>Eastbound William at Isabel</name>
    <number>10729</number>
    <direction abbr="EB">Eastbound</direction>
    <side abbr="NS">Nearside</side>
    <street xlink:href="streets/3905">
      <key>3905</key>
      <name>William Avenue</name>
      <type abbr="Ave">Avenue</type>
    </street>
    <cross-street xlink:href="streets/1852">
      <key>1852</key>
      <name>Isabel Street</name>
      <type abbr="St">Street</type>
    </cross-street>
    <centre>
      <utm zone="14U">
        <x>632845</x>
        <y>5529407</y>
      </utm>
      <geographic>
        <latitude>49.90228</latitude>
        <longitude>-97.15005</longitude>
      </geographic>
    </centre>
  </stop>
  <stop xlink:href="stops/10732">
    <key>10732</key>
    <name>Eastbound William at Kate</name>
    <number>10732</number>
    <direction abbr="EB">Eastbound</direction>
    <side abbr="NS">Nearside</side>
    <street xlink:href="streets/3905">
      <key>3905</key>
      <name>William Avenue</name>
      <type abbr="Ave">Avenue</type>
    </street>
    <cross-street xlink:href="streets/1914">
      <key>1914</key>
      <name>Kate Street</name>
      <type abbr="St">Street</type>
    </cross-street>
    <centre>
      <utm zone="14U">
        <x>632677</x>
        <y>5529486</y>
      </utm>
      <geographic>
        <latitude>49.90303</latitude>
        <longitude>-97.15236</longitude>
      </geographic>
    </centre>
  </stop>
  <stop xlink:href="stops/10737">
    <key>10737</key>
    <name>Eastbound William at Sherbrook (HSC)</name>
    <number>10737</number>
    <direction abbr="EB">Eastbound</direction>
    <side abbr="NS">Nearside</side>
    <street xlink:href="streets/3905">
      <key>3905</key>
      <name>William Avenue</name>
      <type abbr="Ave">Avenue</type>
    </street>
    <cross-street xlink:href="streets/3318">
      <key>3318</key>
      <name>Sherbrook Street</name>
      <type abbr="St">Street</type>
    </cross-street>
    <centre>
      <utm zone="14U">
        <x>632420</x>
        <y>5529606</y>
      </utm>
      <geographic>
        <latitude>49.90417</latitude>
        <longitude>-97.1559</longitude>
      </geographic>
    </centre>
  </stop>
  <stop xlink:href="stops/10741">
    <key>10741</key>
    <name>Eastbound William at Tecumseh East (HSC)</name>
    <number>10741</number>
    <direction abbr="EB">Eastbound</direction>
    <side abbr="FSO">Farside Opposite</side>
    <street xlink:href="streets/3905">
      <key>3905</key>
      <name>William Avenue</name>
      <type abbr="Ave">Avenue</type>
    </street>
    <cross-street xlink:href="streets/3580">
      <key>3580</key>
      <name>Tecumseh Street</name>
      <type abbr="St">Street</type>
    </cross-street>
    <centre>
      <utm zone="14U">
        <x>632209</x>
        <y>5529704</y>
      </utm>
      <geographic>
        <latitude>49.90509</latitude>
        <longitude>-97.1588</longitude>
      </geographic>
    </centre>
  </stop>
  <stop xlink:href="stops/10743">
    <key>10743</key>
    <name>Eastbound William at Tecumseh</name>
    <number>10743</number>
    <direction abbr="EB">Eastbound</direction>
    <side abbr="NS">Nearside</side>
    <street xlink:href="streets/3905">
      <key>3905</key>
      <name>William Avenue</name>
      <type abbr="Ave">Avenue</type>
    </street>
    <cross-street xlink:href="streets/3580">
      <key>3580</key>
      <name>Tecumseh Street</name>
      <type abbr="St">Street</type>
    </cross-street>
    <centre>
      <utm zone="14U">
        <x>631927</x>
        <y>5529836</y>
      </utm>
      <geographic>
        <latitude>49.90634</latitude>
        <longitude>-97.16268</longitude>
      </geographic>
    </centre>
  </stop>
  <stop xlink:href="stops/10745">
    <key>10745</key>
    <name>Eastbound William at Arlington</name>
    <number>10745</number>
    <direction abbr="EB">Eastbound</direction>
    <side abbr="FS">Farside</side>
    <street xlink:href="streets/3905">
      <key>3905</key>
      <name>William Avenue</name>
      <type abbr="Ave">Avenue</type>
    </street>
    <cross-street xlink:href="streets/141">
      <key>141</key>
      <name>Arlington Street</name>
      <type abbr="St">Street</type>
    </cross-street>
    <centre>
      <utm zone="14U">
        <x>631752</x>
        <y>5529918</y>
      </utm>
      <geographic>
        <latitude>49.90712</latitude>
        <longitude>-97.16509</longitude>
      </geographic>
    </centre>
  </stop>
  <stop xlink:href="stops/10747">
    <key>10747</key>
    <name>Eastbound William at Lark</name>
    <number>10747</number>
    <direction abbr="EB">Eastbound</direction>
    <side abbr="FS">Farside</side>
    <street xlink:href="streets/3905">
      <key>3905</key>
      <name>William Avenue</name>
      <type abbr="Ave">Avenue</type>
    </street>
    <cross-street xlink:href="streets/2088">
      <key>2088</key>
      <name>Lark Street</name>
      <type abbr="St">Street</type>
    </cross-street>
    <centre>
      <utm zone="14U">
        <x>631494</x>
        <y>5530039</y>
      </utm>
      <geographic>
        <latitude>49.90826</latitude>
        <longitude>-97.16864</longitude>
      </geographic>
    </centre>
  </stop>
  <stop xlink:href="stops/10749">
    <key>10749</key>
    <name>Eastbound William at McPhillips</name>
    <number>10749</number>
    <direction abbr="EB">Eastbound</direction>
    <side abbr="FS">Farside</side>
    <street xlink:href="streets/3905">
      <key>3905</key>
      <name>William Avenue</name>
      <type abbr="Ave">Avenue</type>
    </street>
    <cross-street xlink:href="streets/2443">
      <key>2443</key>
      <name>McPhillips Street</name>
      <type abbr="St">Street</type>
    </cross-street>
    <centre>
      <utm zone="14U">
        <x>631371</x>
        <y>5530094</y>
      </utm>
      <geographic>
        <latitude>49.90878</latitude>
        <longitude>-97.17033</longitude>
      </geographic>
    </centre>
  </stop>
  <stop xlink:href="stops/10750">
    <key>10750</key>
    <name>Southbound Isabel at Notre Dame</name>
    <number>10750</number>
    <direction abbr="SB">Southbound</direction>
    <side abbr="NS">Nearside</side>
    <street xlink:href="streets/1852">
      <key>1852</key>
      <name>Isabel Street</name>
      <type abbr="St">Street</type>
    </street>
    <cross-street xlink:href="streets/2657">
      <key>2657</key>
      <name>Notre Dame Avenue</name>
      <type abbr="Ave">Avenue</type>
    </cross-street>
    <centre>
      <utm zone="14U">
        <x>632728</x>
        <y>5529057</y>
      </utm>
      <geographic>
        <latitude>49.89916</latitude>
        <longitude>-97.1518</longitude>
      </geographic>
    </centre>
  </stop>
  <stop xlink:href="stops/10752">
    <key>10752</key>
    <name>Southbound Isabel at McDermot</name>
    <number>10752</number>
    <direction abbr="SB">Southbound</direction>
    <side abbr="NS">Nearside</side>
    <street xlink:href="streets/1852">
      <key>1852</key>
      <name>Isabel Street</name>
      <type abbr="St">Street</type>
    </street>
    <cross-street xlink:href="streets/2400">
      <key>2400</key>
      <name>McDermot Avenue</name>
      <type abbr="Ave">Avenue</type>
    </cross-street>
    <centre>
      <utm zone="14U">
        <x>632795</x>
        <y>5529202</y>
      </utm>
      <geographic>
        <latitude>49.90045</latitude>
        <longitude>-97.15082</longitude>
      </geographic>
    </centre>
  </stop>
  <stop xlink:href="stops/10790">
    <key>10790</key>
    <name>Southbound Balmoral at Sargent</name>
    <number>10790</number>
    <direction abbr="SB">Southbound</direction>
    <side abbr="NS">Nearside</side>
    <street xlink:href="streets/228">
      <key>228</key>
      <name>Balmoral Street</name>
      <type abbr="St">Street</type>
    </street>
    <cross-street xlink:href="streets/3219">
      <key>3219</key>
      <name>Sargent Avenue</name>
      <type abbr="Ave">Avenue</type>
    </cross-street>
    <centre>
      <utm zone="14U">
        <x>632695</x>
        <y>5528748</y>
      </utm>
      <geographic>
        <latitude>49.89639</latitude>
        <longitude>-97.15237</longitude>
      </geographic>
    </centre>
  </stop>
  <stop xlink:href="stops/10832">
    <key>10832</key>
    <name>Southbound Balmoral at Cumberland</name>
    <number>10832</number>
    <direction abbr="SB">Southbound</direction>
    <side abbr="FS">Farside</side>
    <street xlink:href="streets/228">
      <key>228</key>
      <name>Balmoral Street</name>
      <type abbr="St">Street</type>
    </street>
    <cross-street xlink:href="streets/934">
      <key>934</key>
      <name>Cumberland Avenue</name>
      <type abbr="Ave">Avenue</type>
    </cross-street>
    <centre>
      <utm zone="14U">
        <x>632696</x>
        <y>5528909</y>
      </utm>
      <geographic>
        <latitude>49.89784</latitude>
        <longitude>-97.1523</longitude>
      </geographic>
    </centre>
  </stop>
  <stop xlink:href="stops/30338">
    <key>30338</key>
    <name>Southbound McPhillips at Jarvis North (McPhillips Station)</name>
    <number>30338</number>
    <direction abbr="SB">Southbound</direction>
    <side abbr="NSO">Nearside Opposite</side>
    <street xlink:href="streets/2443">
      <key>2443</key>
      <name>McPhillips Street</name>
      <type abbr="St">Street</type>
    </street>
    <cross-street xlink:href="streets/1867">
      <key>1867</key>
      <name>Jarvis Avenue</name>
      <type abbr="Ave">Avenue</type>
    </cross-street>
    <centre>
      <utm zone="14U">
        <x>631359</x>
        <y>5531364</y>
      </utm>
      <geographic>
        <latitude>49.9202</latitude>
        <longitude>-97.17007</longitude>
      </geographic>
    </centre>
  </stop>
  <stop xlink:href="stops/30438">
    <key>30438</key>
    <name>Southbound McPhillips at Lansdowne</name>
    <number>30438</number>
    <direction abbr="SB">Southbound</direction>
    <side abbr="NS">Nearside</side>
    <street xlink:href="streets/2443">
      <key>2443</key>
      <name>McPhillips Street</name>
      <type abbr="St">Street</type>
    </street>
    <cross-street xlink:href="streets/2079">
      <key>2079</key>
      <name>Lansdowne Avenue</name>
      <type abbr="Ave">Avenue</type>
    </cross-street>
    <centre>
      <utm zone="14U">
        <x>632076</x>
        <y>5533622</y>
      </utm>
      <geographic>
        <latitude>49.94034</latitude>
        <longitude>-97.15931</longitude>
      </geographic>
    </centre>
  </stop>
  <stop xlink:href="stops/30439">
    <key>30439</key>
    <name>Southbound McPhillips at Inkster</name>
    <number>30439</number>
    <direction abbr="SB">Southbound</direction>
    <side abbr="FS">Farside</side>
    <street xlink:href="streets/2443">
      <key>2443</key>
      <name>McPhillips Street</name>
      <type abbr="St">Street</type>
    </street>
    <cross-street xlink:href="streets/1836">
      <key>1836</key>
      <name>Inkster Boulevard</name>
      <type abbr="Blvd">Boulevard</type>
    </cross-street>
    <centre>
      <utm zone="14U">
        <x>631981</x>
        <y>5533437</y>
      </utm>
      <geographic>
        <latitude>49.9387</latitude>
        <longitude>-97.1607</longitude>
      </geographic>
    </centre>
  </stop>
  <stop xlink:href="stops/30456">
    <key>30456</key>
    <name>Southbound McPhillips at Atlantic</name>
    <number>30456</number>
    <direction abbr="SB">Southbound</direction>
    <side abbr="NS">Nearside</side>
    <street xlink:href="streets/2443">
      <key>2443</key>
      <name>McPhillips Street</name>
      <type abbr="St">Street</type>
    </street>
    <cross-street xlink:href="streets/183">
      <key>183</key>
      <name>Atlantic Avenue</name>
      <type abbr="Ave">Avenue</type>
    </cross-street>
    <centre>
      <utm zone="14U">
        <x>631922</x>
        <y>5533327</y>
      </utm>
      <geographic>
        <latitude>49.93773</latitude>
        <longitude>-97.16156</longitude>
      </geographic>
    </centre>
  </stop>
  <stop xlink:href="stops/30459">
    <key>30459</key>
    <name>Southbound McPhillips at Huron</name>
    <number>30459</number>
    <direction abbr="SB">Southbound</direction>
    <side abbr="FS">Farside</side>
    <street xlink:href="streets/2443">
      <key>2443</key>
      <name>McPhillips Street</name>
      <type abbr="St">Street</type>
    </street>
    <cross-street xlink:href="streets/1822">
      <key>1822</key>
      <name>Huron Avenue</name>
      <type abbr="Ave">Avenue</type>
    </cross-street>
    <centre>
      <utm zone="14U">
        <x>631825</x>
        <y>5533144</y>
      </utm>
      <geographic>
        <latitude>49.9361</latitude>
        <longitude>-97.16297</longitude>
      </geographic>
    </centre>
  </stop>
  <stop xlink:href="stops/30463">
    <key>30463</key>
    <name>Southbound McPhillips at Machray</name>
    <number>30463</number>
    <direction abbr="SB">Southbound</direction>
    <side abbr="NS">Nearside</side>
    <street xlink:href="streets/2443">
      <key>2443</key>
      <name>McPhillips Street</name>
      <type abbr="St">Street</type>
    </street>
    <cross-street xlink:href="streets/2242">
      <key>2242</key>
      <name>Machray Avenue</name>
      <type abbr="Ave">Avenue</type>
    </cross-street>
    <centre>
      <utm zone="14U">
        <x>631771</x>
        <y>5533042</y>
      </utm>
      <geographic>
        <latitude>49.9352</latitude>
        <longitude>-97.16376</longitude>
      </geographic>
    </centre>
  </stop>
  <stop xlink:href="stops/30464">
    <key>30464</key>
    <name>Southbound McPhillips at Chamberlain</name>
    <number>30464</number>
    <direction abbr="SB">Southbound</direction>
    <side abbr="FS">Farside</side>
    <street xlink:href="streets/2443">
      <key>2443</key>
      <name>McPhillips Street</name>
      <type abbr="St">Street</type>
    </street>
    <cross-street xlink:href="streets/710">
      <key>710</key>
      <name>Chamberlain Avenue</name>
      <type abbr="Ave">Avenue</type>
    </cross-street>
    <centre>
      <utm zone="14U">
        <x>631649</x>
        <y>5532814</y>
      </utm>
      <geographic>
        <latitude>49.93318</latitude>
        <longitude>-97.16554</longitude>
      </geographic>
    </centre>
  </stop>
  <stop xlink:href="stops/30467">
    <key>30467</key>
    <name>Southbound McPhillips at Mountain</name>
    <number>30467</number>
    <direction abbr="SB">Southbound</direction>
    <side abbr="NS">Nearside</side>
    <street xlink:href="streets/2443">
      <key>2443</key>
      <name>McPhillips Street</name>
      <type abbr="St">Street</type>
    </street>
    <cross-street xlink:href="streets/2570">
      <key>2570</key>
      <name>Mountain Avenue</name>
      <type abbr="Ave">Avenue</type>
    </cross-street>
    <centre>
      <utm zone="14U">
        <x>631558</x>
        <y>5532646</y>
      </utm>
      <geographic>
        <latitude>49.93169</latitude>
        <longitude>-97.16686</longitude>
      </geographic>
    </centre>
  </stop>
  <stop xlink:href="stops/30478">
    <key>30478</key>
    <name>Southbound McPhillips at Boyd</name>
    <number>30478</number>
    <direction abbr="SB">Southbound</direction>
    <side abbr="NS">Nearside</side>
    <street xlink:href="streets/2443">
      <key>2443</key>
      <name>McPhillips Street</name>
      <type abbr="St">Street</type>
    </street>
    <cross-street xlink:href="streets/452">
      <key>452</key>
      <name>Boyd Avenue</name>
      <type abbr="Ave">Avenue</type>
    </cross-street>
    <centre>
      <utm zone="14U">
        <x>631471</x>
        <y>5532479</y>
      </utm>
      <geographic>
        <latitude>49.9302</latitude>
        <longitude>-97.16813</longitude>
      </geographic>
    </centre>
  </stop>
  <stop xlink:href="stops/30486">
    <key>30486</key>
    <name>Southbound McPhillips at Aberdeen</name>
    <number>30486</number>
    <direction abbr="SB">Southbound</direction>
    <side abbr="FS">Farside</side>
    <street xlink:href="streets/2443">
      <key>2443</key>
      <name>McPhillips Street</name>
      <type abbr="St">Street</type>
    </street>
    <cross-street xlink:href="streets/4">
      <key>4</key>
      <name>Aberdeen Avenue</name>
      <type abbr="Ave">Avenue</type>
    </cross-street>
    <centre>
      <utm zone="14U">
        <x>631401</x>
        <y>5532252</y>
      </utm>
      <geographic>
        <latitude>49.92818</latitude>
        <longitude>-97.16918</longitude>
      </geographic>
    </centre>
  </stop>
  <stop xlink:href="stops/30487">
    <key>30487</key>
    <name>Southbound McPhillips at Burrows</name>
    <number>30487</number>
    <direction abbr="SB">Southbound</direction>
    <side abbr="NS">Nearside</side>
    <street xlink:href="streets/2443">
      <key>2443</key>
      <name>McPhillips Street</name>
      <type abbr="St">Street</type>
    </street>
    <cross-street xlink:href="streets/576">
      <key>576</key>
      <name>Burrows Avenue</name>
      <type abbr="Ave">Avenue</type>
    </cross-street>
    <centre>
      <utm zone="14U">
        <x>631394</x>
        <y>5532136</y>
      </utm>
      <geographic>
        <latitude>49.92714</latitude>
        <longitude>-97.16932</longitude>
      </geographic>
    </centre>
  </stop>
  <stop xlink:href="stops/30491">
    <key>30491</key>
    <name>Southbound McPhillips at Manitoba</name>
    <number>30491</number>
    <direction abbr="SB">Southbound</direction>
    <side abbr="NS">Nearside</side>
    <street xlink:href="streets/2443">
      <key>2443</key>
      <name>McPhillips Street</name>
      <type abbr="St">Street</type>
    </street>
    <cross-street xlink:href="streets/2290">
      <key>2290</key>
      <name>Manitoba Avenue</name>
      <type abbr="Ave">Avenue</type>
    </cross-street>
    <centre>
      <utm zone="14U">
        <x>631388</x>
        <y>5531943</y>
      </utm>
      <geographic>
        <latitude>49.9254</latitude>
        <longitude>-97.16947</longitude>
      </geographic>
    </centre>
  </stop>
  <stop xlink:href="stops/30496">
    <key>30496</key>
    <name>Southbound McPhillips at Selkirk</name>
    <number>30496</number>
    <direction abbr="SB">Southbound</direction>
    <side abbr="NS">Nearside</side>
    <street xlink:href="streets/2443">
      <key>2443</key>
      <name>McPhillips Street</name>
      <type abbr="St">Street</type>
    </street>
    <cross-street xlink:href="streets/3259">
      <key>3259</key>
      <name>Selkirk Avenue</name>
      <type abbr="Ave">Avenue</type>
    </cross-street>
    <centre>
      <utm zone="14U">
        <x>631377</x>
        <y>5531747</y>
      </utm>
      <geographic>
        <latitude>49.92364</latitude>
        <longitude>-97.16969</longitude>
      </geographic>
    </centre>
  </stop>
  <stop xlink:href="stops/30502">
    <key>30502</key>
    <name>Southbound McPhillips at Selkirk South</name>
    <number>30502</number>
    <direction abbr="SB">Southbound</direction>
    <side abbr="FS">Farside</side>
    <street xlink:href="streets/2443">
      <key>2443</key>
      <name>McPhillips Street</name>
      <type abbr="St">Street</type>
    </street>
    <cross-street xlink:href="streets/3259">
      <key>3259</key>
      <name>Selkirk Avenue</name>
      <type abbr="Ave">Avenue</type>
    </cross-street>
    <centre>
      <utm zone="14U">
        <x>631365</x>
        <y>5531501</y>
      </utm>
      <geographic>
        <latitude>49.92143</latitude>
        <longitude>-97.16994</longitude>
      </geographic>
    </centre>
  </stop>
  <stop xlink:href="stops/30587">
    <key>30587</key>
    <name>Eastbound Mapleglen at Manor House</name>
    <number>30587</number>
    <direction abbr="EB">Eastbound</direction>
    <side abbr="NS">Nearside</side>
    <street xlink:href="streets/2306">
      <key>2306</key>
      <name>Mapleglen Drive</name>
      <type abbr="Dr">Drive</type>
    </street>
    <cross-street xlink:href="streets/2296">
      <key>2296</key>
      <name>Manor House Court</name>
      <type abbr="Crt">Court</type>
    </cross-street>
    <centre>
      <utm zone="14U">
        <x>631378</x>
        <y>5534099</y>
      </utm>
      <geographic>
        <latitude>49.94479</latitude>
        <longitude>-97.16887</longitude>
      </geographic>
    </centre>
  </stop>
  <stop xlink:href="stops/30595">
    <key>30595</key>
    <name>Eastbound Mapleglen at Marlow</name>
    <number>30595</number>
    <direction abbr="EB">Eastbound</direction>
    <side abbr="NS">Nearside</side>
    <street xlink:href="streets/2306">
      <key>2306</key>
      <name>Mapleglen Drive</name>
      <type abbr="Dr">Drive</type>
    </street>
    <cross-street xlink:href="streets/2339">
      <key>2339</key>
      <name>Marlow Court</name>
      <type abbr="Crt">Court</type>
    </cross-street>
    <centre>
      <utm zone="14U">
        <x>631098</x>
        <y>5534229</y>
      </utm>
      <geographic>
        <latitude>49.94602</latitude>
        <longitude>-97.17273</longitude>
      </geographic>
    </centre>
  </stop>
  <stop xlink:href="stops/30598">
    <key>30598</key>
    <name>Eastbound Mapleton at Sheppard</name>
    <number>30598</number>
    <direction abbr="EB">Eastbound</direction>
    <side abbr="NS">Nearside</side>
    <street xlink:href="streets/2310">
      <key>2310</key>
      <name>Mapleton Drive</name>
      <type abbr="Dr">Drive</type>
    </street>
    <cross-street xlink:href="streets/3316">
      <key>3316</key>
      <name>Sheppard Street</name>
      <type abbr="St">Street</type>
    </cross-street>
    <centre>
      <utm zone="14U">
        <x>631026</x>
        <y>5534355</y>
      </utm>
      <geographic>
        <latitude>49.94717</latitude>
        <longitude>-97.17369</longitude>
      </geographic>
    </centre>
  </stop>
  <stop xlink:href="stops/30614">
    <key>30614</key>
    <name>Southbound Mandalay at Jefferson</name>
    <number>30614</number>
    <direction abbr="SB">Southbound</direction>
    <side abbr="FS">Farside</side>
    <street xlink:href="streets/2283">
      <key>2283</key>
      <name>Mandalay Drive</name>
      <type abbr="Dr">Drive</type>
    </street>
    <cross-street xlink:href="streets/1874">
      <key>1874</key>
      <name>Jefferson Avenue</name>
      <type abbr="Ave">Avenue</type>
    </cross-street>
    <centre>
      <utm zone="14U">
        <x>630328</x>
        <y>5535771</y>
      </utm>
      <geographic>
        <latitude>49.96005</latitude>
        <longitude>-97.18293</longitude>
      </geographic>
    </centre>
  </stop>
  <stop xlink:href="stops/30616">
    <key>30616</key>
    <name>Southbound Mandalay at Playgreen</name>
    <number>30616</number>
    <direction abbr="SB">Southbound</direction>
    <side abbr="NSO">Nearside Opposite</side>
    <street xlink:href="streets/2283">
      <key>2283</key>
      <name>Mandalay Drive</name>
      <type abbr="Dr">Drive</type>
    </street>
    <cross-street xlink:href="streets/2881">
      <key>2881</key>
      <name>Playgreen Crescent</name>
      <type abbr="Cres">Crescent</type>
    </cross-street>
    <centre>
      <utm zone="14U">
        <x>630266</x>
        <y>5535542</y>
      </utm>
      <geographic>
        <latitude>49.958</latitude>
        <longitude>-97.18387</longitude>
      </geographic>
    </centre>
  </stop>
  <stop xlink:href="stops/30618">
    <key>30618</key>
    <name>Southbound Mandalay at Anglia</name>
    <number>30618</number>
    <direction abbr="SB">Southbound</direction>
    <side abbr="FS">Farside</side>
    <street xlink:href="streets/2283">
      <key>2283</key>
      <name>Mandalay Drive</name>
      <type abbr="Dr">Drive</type>
    </street>
    <cross-street xlink:href="streets/107">
      <key>107</key>
      <name>Anglia Avenue</name>
      <type abbr="Ave">Avenue</type>
    </cross-street>
    <centre>
      <utm zone="14U">
        <x>630261</x>
        <y>5535374</y>
      </utm>
      <geographic>
        <latitude>49.95649</latitude>
        <longitude>-97.184</longitude>
      </geographic>
    </centre>
  </stop>
  <stop xlink:href="stops/30626">
    <key>30626</key>
    <name>Southbound Mandalay at Adsum</name>
    <number>30626</number>
    <direction abbr="SB">Southbound</direction>
    <side abbr="FS">Farside</side>
    <street xlink:href="streets/2283">
      <key>2283</key>
      <name>Mandalay Drive</name>
      <type abbr="Dr">Drive</type>
    </street>
    <cross-street xlink:href="streets/22">
      <key>22</key>
      <name>Adsum Drive</name>
      <type abbr="Dr">Drive</type>
    </cross-street>
    <centre>
      <utm zone="14U">
        <x>630268</x>
        <y>5535161</y>
      </utm>
      <geographic>
        <latitude>49.95458</latitude>
        <longitude>-97.18398</longitude>
      </geographic>
    </centre>
  </stop>
  <stop xlink:href="stops/30630">
    <key>30630</key>
    <name>Southbound Mandalay at Margate</name>
    <number>30630</number>
    <direction abbr="SB">Southbound</direction>
    <side abbr="FS">Farside</side>
    <street xlink:href="streets/2283">
      <key>2283</key>
      <name>Mandalay Drive</name>
      <type abbr="Dr">Drive</type>
    </street>
    <cross-street xlink:href="streets/2322">
      <key>2322</key>
      <name>Margate Road</name>
      <type abbr="Rd">Road</type>
    </cross-street>
    <centre>
      <utm zone="14U">
        <x>630284</x>
        <y>5534827</y>
      </utm>
      <geographic>
        <latitude>49.95157</latitude>
        <longitude>-97.18387</longitude>
      </geographic>
    </centre>
  </stop>
  <stop xlink:href="stops/30632">
    <key>30632</key>
    <name>Southbound Mandalay at Mapleton</name>
    <number>30632</number>
    <direction abbr="SB">Southbound</direction>
    <side abbr="NSO">Nearside Opposite</side>
    <street xlink:href="streets/2283">
      <key>2283</key>
      <name>Mandalay Drive</name>
      <type abbr="Dr">Drive</type>
    </street>
    <cross-street xlink:href="streets/2310">
      <key>2310</key>
      <name>Mapleton Drive</name>
      <type abbr="Dr">Drive</type>
    </cross-street>
    <centre>
      <utm zone="14U">
        <x>630374</x>
        <y>5534568</y>
      </utm>
      <geographic>
        <latitude>49.94922</latitude>
        <longitude>-97.1827</longitude>
      </geographic>
    </centre>
  </stop>
  <stop xlink:href="stops/30636">
    <key>30636</key>
    <name>Eastbound Mapleton at Madrill</name>
    <number>30636</number>
    <direction abbr="EB">Eastbound</direction>
    <side abbr="FS">Farside</side>
    <street xlink:href="streets/2310">
      <key>2310</key>
      <name>Mapleton Drive</name>
      <type abbr="Dr">Drive</type>
    </street>
    <cross-street xlink:href="streets/2252">
      <key>2252</key>
      <name>Madrill Close</name>
      <type abbr="Close">Close</type>
    </cross-street>
    <centre>
      <utm zone="14U">
        <x>630779</x>
        <y>5534471</y>
      </utm>
      <geographic>
        <latitude>49.94826</latitude>
        <longitude>-97.17709</longitude>
      </geographic>
    </centre>
  </stop>
  <stop xlink:href="stops/30637">
    <key>30637</key>
    <name>Eastbound Mapleton at Rozmus East</name>
    <number>30637</number>
    <direction abbr="EB">Eastbound</direction>
    <side abbr="NS">Nearside</side>
    <street xlink:href="streets/2310">
      <key>2310</key>
      <name>Mapleton Drive</name>
      <type abbr="Dr">Drive</type>
    </street>
    <cross-street xlink:href="streets/3154">
      <key>3154</key>
      <name>Rozmus Bay</name>
      <type abbr="Bay">Bay</type>
    </cross-street>
    <centre>
      <utm zone="14U">
        <x>630652</x>
        <y>5534523</y>
      </utm>
      <geographic>
        <latitude>49.94876</latitude>
        <longitude>-97.17884</longitude>
      </geographic>
    </centre>
  </stop>
  <stop xlink:href="stops/30638">
    <key>30638</key>
    <name>Eastbound Mapleton at Rozmus West</name>
    <number>30638</number>
    <direction abbr="EB">Eastbound</direction>
    <side abbr="NS">Nearside</side>
    <street xlink:href="streets/2310">
      <key>2310</key>
      <name>Mapleton Drive</name>
      <type abbr="Dr">Drive</type>
    </street>
    <cross-street xlink:href="streets/3154">
      <key>3154</key>
      <name>Rozmus Bay</name>
      <type abbr="Bay">Bay</type>
    </cross-street>
    <centre>
      <utm zone="14U">
        <x>630480</x>
        <y>5534535</y>
      </utm>
      <geographic>
        <latitude>49.9489</latitude>
        <longitude>-97.18123</longitude>
      </geographic>
    </centre>
  </stop>
  <stop xlink:href="stops/30841">
    <key>30841</key>
    <name>Eastbound Mapleglen at Maberley</name>
    <number>30841</number>
    <direction abbr="EB">Eastbound</direction>
    <side abbr="FS">Farside</side>
    <street xlink:href="streets/2306">
      <key>2306</key>
      <name>Mapleglen Drive</name>
      <type abbr="Dr">Drive</type>
    </street>
    <cross-street xlink:href="streets/2296">
      <key>2296</key>
      <name>Manor House Court</name>
      <type abbr="Crt">Court</type>
    </cross-street>
    <centre>
      <utm zone="14U">
        <x>631623</x>
        <y>5533986</y>
      </utm>
      <geographic>
        <latitude>49.94372</latitude>
        <longitude>-97.1655</longitude>
      </geographic>
    </centre>
  </stop>
  <stop xlink:href="stops/30842">
    <key>30842</key>
    <name>Eastbound Mapleglen at Bender</name>
    <number>30842</number>
    <direction abbr="EB">Eastbound</direction>
    <side abbr="NS">Nearside</side>
    <street xlink:href="streets/2306">
      <key>2306</key>
      <name>Mapleglen Drive</name>
      <type abbr="Dr">Drive</type>
    </street>
    <cross-street xlink:href="streets/326">
      <key>326</key>
      <name>Bender Bay</name>
      <type abbr="Bay">Bay</type>
    </cross-street>
    <centre>
      <utm zone="14U">
        <x>631919</x>
        <y>5533900</y>
      </utm>
      <geographic>
        <latitude>49.94288</latitude>
        <longitude>-97.1614</longitude>
      </geographic>
    </centre>
  </stop>
  <stop xlink:href="stops/30843">
    <key>30843</key>
    <name>Eastbound Mapleglen at McPhillips</name>
    <number>30843</number>
    <direction abbr="EB">Eastbound</direction>
    <side abbr="NS">Nearside</side>
    <street xlink:href="streets/2306">
      <key>2306</key>
      <name>Mapleglen Drive</name>
      <type abbr="Dr">Drive</type>
    </street>
    <cross-street xlink:href="streets/2443">
      <key>2443</key>
      <name>McPhillips Street</name>
      <type abbr="St">Street</type>
    </cross-street>
    <centre>
      <utm zone="14U">
        <x>632109</x>
        <y>5533766</y>
      </utm>
      <geographic>
        <latitude>49.94163</latitude>
        <longitude>-97.1588</longitude>
      </geographic>
    </centre>
  </stop>
  <stop xlink:href="stops/30942">
    <key>30942</key>
    <name>Westbound Templeton at Innsbruck</name>
    <number>30942</number>
    <direction abbr="WB">Westbound</direction>
    <side abbr="FS">Farside</side>
    <street xlink:href="streets/3584">
      <key>3584</key>
      <name>Templeton Avenue</name>
      <type abbr="Ave">Avenue</type>
    </street>
    <cross-street xlink:href="streets/4491">
      <key>4491</key>
      <name>Innsbruck Way</name>
      <type abbr="Way">Way</type>
    </cross-street>
    <centre>
      <utm zone="14U">
        <x>631642</x>
        <y>5536409</y>
      </utm>
      <geographic>
        <latitude>49.96549</latitude>
        <longitude>-97.1644</longitude>
      </geographic>
    </centre>
  </stop>
  <stop xlink:href="stops/30944">
    <key>30944</key>
    <name>Westbound Templeton at Novara</name>
    <number>30944</number>
    <direction abbr="WB">Westbound</direction>
    <side abbr="FSO">Farside Opposite</side>
    <street xlink:href="streets/3584">
      <key>3584</key>
      <name>Templeton Avenue</name>
      <type abbr="Ave">Avenue</type>
    </street>
    <cross-street xlink:href="streets/4073">
      <key>4073</key>
      <name>Novara Drive</name>
      <type abbr="Dr">Drive</type>
    </cross-street>
    <centre>
      <utm zone="14U">
        <x>631385</x>
        <y>5536530</y>
      </utm>
      <geographic>
        <latitude>49.96664</latitude>
        <longitude>-97.16795</longitude>
      </geographic>
    </centre>
  </stop>
  <stop xlink:href="stops/30946">
    <key>30946</key>
    <name>Westbound Templeton at Barneveld</name>
    <number>30946</number>
    <direction abbr="WB">Westbound</direction>
    <side abbr="NS">Nearside</side>
    <street xlink:href="streets/3584">
      <key>3584</key>
      <name>Templeton Avenue</name>
      <type abbr="Ave">Avenue</type>
    </street>
    <cross-street xlink:href="streets/4603">
      <key>4603</key>
      <name>Barneveld Road</name>
      <type abbr="Rd">Road</type>
    </cross-street>
    <centre>
      <utm zone="14U">
        <x>631108</x>
        <y>5536657</y>
      </utm>
      <geographic>
        <latitude>49.96784</latitude>
        <longitude>-97.17176</longitude>
      </geographic>
    </centre>
  </stop>
  <stop xlink:href="stops/30948">
    <key>30948</key>
    <name>Westbound Templeton at Bitterfield</name>
    <number>30948</number>
    <direction abbr="WB">Westbound</direction>
    <side abbr="FS">Farside</side>
    <street xlink:href="streets/3584">
      <key>3584</key>
      <name>Templeton Avenue</name>
      <type abbr="Ave">Avenue</type>
    </street>
    <cross-street xlink:href="streets/4644">
      <key>4644</key>
      <name>Bitterfield Drive</name>
      <type abbr="Dr">Drive</type>
    </cross-street>
    <centre>
      <utm zone="14U">
        <x>630741</x>
        <y>5536829</y>
      </utm>
      <geographic>
        <latitude>49.96947</latitude>
        <longitude>-97.17682</longitude>
      </geographic>
    </centre>
  </stop>
  <stop xlink:href="stops/30950">
    <key>30950</key>
    <name>Southbound Strasbourg at Thorn</name>
    <number>30950</number>
    <direction abbr="SB">Southbound</direction>
    <side abbr="FS">Farside</side>
    <street xlink:href="streets/4230">
      <key>4230</key>
      <name>Strasbourg Drive</name>
      <type abbr="Dr">Drive</type>
    </street>
    <cross-street xlink:href="streets/4212">
      <key>4212</key>
      <name>Thorn Drive</name>
      <type abbr="Dr">Drive</type>
    </cross-street>
    <centre>
      <utm zone="14U">
        <x>630593</x>
        <y>5536603</y>
      </utm>
      <geographic>
        <latitude>49.96747</latitude>
        <longitude>-97.17896</longitude>
      </geographic>
    </centre>
  </stop>
  <stop xlink:href="stops/30952">
    <key>30952</key>
    <name>Southbound Strasbourg at Morava</name>
    <number>30952</number>
    <direction abbr="SB">Southbound</direction>
    <side abbr="FS">Farside</side>
    <street xlink:href="streets/4230">
      <key>4230</key>
      <name>Strasbourg Drive</name>
      <type abbr="Dr">Drive</type>
    </street>
    <cross-street xlink:href="streets/4334">
      <key>4334</key>
      <name>Morava Way</name>
      <type abbr="Way">Way</type>
    </cross-street>
    <centre>
      <utm zone="14U">
        <x>630596</x>
        <y>5536408</y>
      </utm>
      <geographic>
        <latitude>49.96571</latitude>
        <longitude>-97.17898</longitude>
      </geographic>
    </centre>
  </stop>
  <stop xlink:href="stops/30955">
    <key>30955</key>
    <name>Southbound Strasbourg at Leila</name>
    <number>30955</number>
    <direction abbr="SB">Southbound</direction>
    <side abbr="NS">Nearside</side>
    <street xlink:href="streets/4230">
      <key>4230</key>
      <name>Strasbourg Drive</name>
      <type abbr="Dr">Drive</type>
    </street>
    <cross-street xlink:href="streets/2132">
      <key>2132</key>
      <name>Leila Avenue</name>
      <type abbr="Ave">Avenue</type>
    </cross-street>
    <centre>
      <utm zone="14U">
        <x>630518</x>
        <y>5536235</y>
      </utm>
      <geographic>
        <latitude>49.96418</latitude>
        <longitude>-97.18013</longitude>
      </geographic>
    </centre>
  </stop>
  <stop xlink:href="stops/30968">
    <key>30968</key>
    <name>Southbound Mandalay at Olford</name>
    <number>30968</number>
    <direction abbr="SB">Southbound</direction>
    <side abbr="NS">Nearside</side>
    <street xlink:href="streets/2283">
      <key>2283</key>
      <name>Mandalay Drive</name>
      <type abbr="Dr">Drive</type>
    </street>
    <cross-street xlink:href="streets/2696">
      <key>2696</key>
      <name>Olford Crescent</name>
      <type abbr="Cres">Crescent</type>
    </cross-street>
    <centre>
      <utm zone="14U">
        <x>630418</x>
        <y>5536064</y>
      </utm>
      <geographic>
        <latitude>49.96266</latitude>
        <longitude>-97.18158</longitude>
      </geographic>
    </centre>
  </stop>
</stops>
