<?xml version="1.0" encoding="UTF-8"?>
<stops xmlns:utm="http://winnipegtransit.com/coordinates/utm" xmlns:ang="http://winnipegtransit.com/coordinates/angular" xmlns:xlink="http://www.w3.org/1999/xlink" xlink:base="" query-time="2024-07-11T09:33:58">
  <stop xlink:href="stops/50096">
    <key>50096</key>
    <name>Eastbound St.Amant Access at St.Amant East</name>
    <number>50096</number>
    <direction abbr="EB">Eastbound</direction>
    <side abbr="NS">Nearside</side>
    <street xlink:href="streets/50000271">
      <key>50000271</key>
      <name>St.Amant Access</name>
      <type abbr="Rd">Road</type>
    </street>
    <cross-street xlink:href="streets/3059">
      <key>3059</key>
      <name>River Road</name>
      <type abbr="Rd">Road</type>
    </cross-street>
    <centre>
      <utm zone="14U">
        <x>634410</x>
        <y>5519913</y>
      </utm>
      <geographic>
        <latitude>49.81659</latitude>
        <longitude>-97.13157</longitude>
      </geographic>
    </centre>
  </stop>
  <stop xlink:href="stops/50443">
    <key>50443</key>
    <name>Eastbound Riel at St. Mary's</name>
    <number>50443</number>
    <direction abbr="EB">Eastbound</direction>
    <side abbr="NS">Nearside</side>
    <street xlink:href="streets/3047">
      <key>3047</key>
      <name>Riel Avenue</name>
      <type abbr="Ave">Avenue</type>
    </street>
    <cross-street xlink:href="streets/3453">
      <key>3453</key>
      <name>St Mary's Road</name>
      <type abbr="Rd">Road</type>
    </cross-street>
    <centre>
      <utm zone="14U">
        <x>635587</x>
        <y>5521034</y>
      </utm>
      <geographic>
        <latitude>49.8264</latitude>
        <longitude>-97.11482</longitude>
      </geographic>
    </centre>
  </stop>
  <stop xlink:href="stops/50445">
    <key>50445</key>
    <name>Eastbound Riel at Robertson</name>
    <number>50445</number>
    <direction abbr="EB">Eastbound</direction>
    <side abbr="NS">Nearside</side>
    <street xlink:href="streets/3047">
      <key>3047</key>
      <name>Riel Avenue</name>
      <type abbr="Ave">Avenue</type>
    </street>
    <cross-street xlink:href="streets/3086">
      <key>3086</key>
      <name>Robertson Crescent</name>
      <type abbr="Cres">Crescent</type>
    </cross-street>
    <centre>
      <utm zone="14U">
        <x>635477</x>
        <y>5520973</y>
      </utm>
      <geographic>
        <latitude>49.82588</latitude>
        <longitude>-97.11637</longitude>
      </geographic>
    </centre>
  </stop>
  <stop xlink:href="stops/50447">
    <key>50447</key>
    <name>Eastbound Riel at Darwin</name>
    <number>50447</number>
    <direction abbr="EB">Eastbound</direction>
    <side abbr="NS">Nearside</side>
    <street xlink:href="streets/3047">
      <key>3047</key>
      <name>Riel Avenue</name>
      <type abbr="Ave">Avenue</type>
    </street>
    <cross-street xlink:href="streets/976">
      <key>976</key>
      <name>Darwin Street</name>
      <type abbr="St">Street</type>
    </cross-street>
    <centre>
      <utm zone="14U">
        <x>635228</x>
        <y>5520832</y>
      </utm>
      <geographic>
        <latitude>49.82467</latitude>
        <longitude>-97.11988</longitude>
      </geographic>
    </centre>
  </stop>
  <stop xlink:href="stops/50448">
    <key>50448</key>
    <name>Eastbound Riel at Metz</name>
    <number>50448</number>
    <direction abbr="EB">Eastbound</direction>
    <side abbr="FS">Farside</side>
    <street xlink:href="streets/3047">
      <key>3047</key>
      <name>Riel Avenue</name>
      <type abbr="Ave">Avenue</type>
    </street>
    <cross-street xlink:href="streets/2485">
      <key>2485</key>
      <name>Metz Street</name>
      <type abbr="St">Street</type>
    </cross-street>
    <centre>
      <utm zone="14U">
        <x>635047</x>
        <y>5520729</y>
      </utm>
      <geographic>
        <latitude>49.82378</latitude>
        <longitude>-97.12243</longitude>
      </geographic>
    </centre>
  </stop>
  <stop xlink:href="stops/50451">
    <key>50451</key>
    <name>Eastbound Riel at Minnetonka</name>
    <number>50451</number>
    <direction abbr="EB">Eastbound</direction>
    <side abbr="FS">Farside</side>
    <street xlink:href="streets/3047">
      <key>3047</key>
      <name>Riel Avenue</name>
      <type abbr="Ave">Avenue</type>
    </street>
    <cross-street xlink:href="streets/2510">
      <key>2510</key>
      <name>Minnetonka Street</name>
      <type abbr="St">Street</type>
    </cross-street>
    <centre>
      <utm zone="14U">
        <x>634852</x>
        <y>5520619</y>
      </utm>
      <geographic>
        <latitude>49.82284</latitude>
        <longitude>-97.12518</longitude>
      </geographic>
    </centre>
  </stop>
  <stop xlink:href="stops/50465">
    <key>50465</key>
    <name>Northbound Dunkirk at Kingston Row</name>
    <number>50465</number>
    <direction abbr="NB">Northbound</direction>
    <side abbr="NS">Nearside</side>
    <street xlink:href="streets/1144">
      <key>1144</key>
      <name>Dunkirk Drive</name>
      <type abbr="Dr">Drive</type>
    </street>
    <cross-street xlink:href="streets/1985">
      <key>1985</key>
      <name>Kingston Row</name>
      <type abbr="Row">Row</type>
    </cross-street>
    <centre>
      <utm zone="14U">
        <x>634816</x>
        <y>5524037</y>
      </utm>
      <geographic>
        <latitude>49.85357</latitude>
        <longitude>-97.12449</longitude>
      </geographic>
    </centre>
  </stop>
  <stop xlink:href="stops/50469">
    <key>50469</key>
    <name>Northbound Dunkirk at West Fernwood</name>
    <number>50469</number>
    <direction abbr="NB">Northbound</direction>
    <side abbr="NS">Nearside</side>
    <street xlink:href="streets/1144">
      <key>1144</key>
      <name>Dunkirk Drive</name>
      <type abbr="Dr">Drive</type>
    </street>
    <cross-street xlink:href="streets/3834">
      <key>3834</key>
      <name>West Fernwood Avenue</name>
      <type abbr="Ave">Avenue</type>
    </cross-street>
    <centre>
      <utm zone="14U">
        <x>635379</x>
        <y>5523210</y>
      </utm>
      <geographic>
        <latitude>49.84601</latitude>
        <longitude>-97.11695</longitude>
      </geographic>
    </centre>
  </stop>
  <stop xlink:href="stops/50474">
    <key>50474</key>
    <name>Northbound Dunkirk at St. Vital</name>
    <number>50474</number>
    <direction abbr="NB">Northbound</direction>
    <side abbr="NS">Nearside</side>
    <street xlink:href="streets/1144">
      <key>1144</key>
      <name>Dunkirk Drive</name>
      <type abbr="Dr">Drive</type>
    </street>
    <cross-street xlink:href="streets/3461">
      <key>3461</key>
      <name>St Vital Road</name>
      <type abbr="Rd">Road</type>
    </cross-street>
    <centre>
      <utm zone="14U">
        <x>635354</x>
        <y>5522607</y>
      </utm>
      <geographic>
        <latitude>49.84059</latitude>
        <longitude>-97.11751</longitude>
      </geographic>
    </centre>
  </stop>
  <stop xlink:href="stops/50476">
    <key>50476</key>
    <name>Northbound Dunkirk at Moore</name>
    <number>50476</number>
    <direction abbr="NB">Northbound</direction>
    <side abbr="NS">Nearside</side>
    <street xlink:href="streets/1144">
      <key>1144</key>
      <name>Dunkirk Drive</name>
      <type abbr="Dr">Drive</type>
    </street>
    <cross-street xlink:href="streets/2544">
      <key>2544</key>
      <name>Moore Avenue</name>
      <type abbr="Ave">Avenue</type>
    </cross-street>
    <centre>
      <utm zone="14U">
        <x>635458</x>
        <y>5522420</y>
      </utm>
      <geographic>
        <latitude>49.83889</latitude>
        <longitude>-97.11613</longitude>
      </geographic>
    </centre>
  </stop>
  <stop xlink:href="stops/50480">
    <key>50480</key>
    <name>Northbound Dunkirk at Parkville</name>
    <number>50480</number>
    <direction abbr="NB">Northbound</direction>
    <side abbr="FS">Farside</side>
    <street xlink:href="streets/1144">
      <key>1144</key>
      <name>Dunkirk Drive</name>
      <type abbr="Dr">Drive</type>
    </street>
    <cross-street xlink:href="streets/2780">
      <key>2780</key>
      <name>Parkville Drive</name>
      <type abbr="Dr">Drive</type>
    </cross-street>
    <centre>
      <utm zone="14U">
        <x>635591</x>
        <y>5522191</y>
      </utm>
      <geographic>
        <latitude>49.8368</latitude>
        <longitude>-97.11436</longitude>
      </geographic>
    </centre>
  </stop>
  <stop xlink:href="stops/50481">
    <key>50481</key>
    <name>Northbound Dakota at St. Mary's</name>
    <number>50481</number>
    <direction abbr="NB">Northbound</direction>
    <side abbr="NS">Nearside</side>
    <street xlink:href="streets/954">
      <key>954</key>
      <name>Dakota Street</name>
      <type abbr="St">Street</type>
    </street>
    <cross-street xlink:href="streets/3453">
      <key>3453</key>
      <name>St Mary's Road</name>
      <type abbr="Rd">Road</type>
    </cross-street>
    <centre>
      <utm zone="14U">
        <x>635757</x>
        <y>5522081</y>
      </utm>
      <geographic>
        <latitude>49.83577</latitude>
        <longitude>-97.11209</longitude>
      </geographic>
    </centre>
  </stop>
  <stop xlink:href="stops/50483">
    <key>50483</key>
    <name>Northbound Dakota at Beliveau</name>
    <number>50483</number>
    <direction abbr="NB">Northbound</direction>
    <side abbr="NS">Nearside</side>
    <street xlink:href="streets/954">
      <key>954</key>
      <name>Dakota Street</name>
      <type abbr="St">Street</type>
    </street>
    <cross-street xlink:href="streets/314">
      <key>314</key>
      <name>Beliveau Road</name>
      <type abbr="Rd">Road</type>
    </cross-street>
    <centre>
      <utm zone="14U">
        <x>635857</x>
        <y>5522013</y>
      </utm>
      <geographic>
        <latitude>49.83514</latitude>
        <longitude>-97.11073</longitude>
      </geographic>
    </centre>
  </stop>
  <stop xlink:href="stops/50486">
    <key>50486</key>
    <name>Northbound Dakota at Abinojii Mikanah</name>
    <number>50486</number>
    <direction abbr="NB">Northbound</direction>
    <side abbr="NS">Nearside</side>
    <street xlink:href="streets/954">
      <key>954</key>
      <name>Dakota Street</name>
      <type abbr="St">Street</type>
    </street>
    <cross-street xlink:href="streets/378">
      <key>378</key>
      <name>Abinojii Mikanah</name>
      <type abbr="Blvd">Boulevard</type>
    </cross-street>
    <centre>
      <utm zone="14U">
        <x>636017</x>
        <y>5521736</y>
      </utm>
      <geographic>
        <latitude>49.83261</latitude>
        <longitude>-97.1086</longitude>
      </geographic>
    </centre>
  </stop>
  <stop xlink:href="stops/50488">
    <key>50488</key>
    <name>Northbound Dakota at Abinojii Mikanah South</name>
    <number>50488</number>
    <direction abbr="NB">Northbound</direction>
    <side abbr="NS">Nearside</side>
    <street xlink:href="streets/954">
      <key>954</key>
      <name>Dakota Street</name>
      <type abbr="St">Street</type>
    </street>
    <cross-street xlink:href="streets/378">
      <key>378</key>
      <name>Abinojii Mikanah</name>
      <type abbr="Blvd">Boulevard</type>
    </cross-street>
    <centre>
      <utm zone="14U">
        <x>636084</x>
        <y>5521620</y>
      </utm>
      <geographic>
        <latitude>49.83156</latitude>
        <longitude>-97.10771</longitude>
      </geographic>
    </centre>
  </stop>
  <stop xlink:href="stops/50598">
    <key>50598</key>
    <name>Northbound Dakota at St. Vital Centre</name>
    <number>50598</number>
    <direction abbr="NB">Northbound</direction>
    <side abbr="FS">Farside</side>
    <street xlink:href="streets/954">
      <key>954</key>
      <name>Dakota Street</name>
      <type abbr="St">Street</type>
    </street>
    <cross-street xlink:href="streets/2456">
      <key>2456</key>
      <name>Meadowood Drive</name>
      <type abbr="Dr">Drive</type>
    </cross-street>
    <centre>
      <utm zone="14U">
        <x>636186</x>
        <y>5521443</y>
      </utm>
      <geographic>
        <latitude>49.82994</latitude>
        <longitude>-97.10635</longitude>
      </geographic>
    </centre>
  </stop>
  <stop xlink:href="stops/50604">
    <key>50604</key>
    <name>Eastbound St.Amant Access at St.Amant</name>
    <number>50604</number>
    <direction abbr="EB">Eastbound</direction>
    <side abbr="FS">Farside</side>
    <street xlink:href="streets/50000271">
      <key>50000271</key>
      <name>St.Amant Access</name>
      <type abbr="Rd">Road</type>
    </street>
    <cross-street xlink:href="streets/3059">
      <key>3059</key>
      <name>River Road</name>
      <type abbr="Rd">Road</type>
    </cross-street>
    <centre>
      <utm zone="14U">
        <x>634332</x>
        <y>5519838</y>
      </utm>
      <geographic>
        <latitude>49.81593</latitude>
        <longitude>-97.13268</longitude>
      </geographic>
    </centre>
  </stop>
  <stop xlink:href="stops/50617">
    <key>50617</key>
    <name>Eastbound Meadowood at Dakota</name>
    <number>50617</number>
    <direction abbr="EB">Eastbound</direction>
    <side abbr="NS">Nearside</side>
    <street xlink:href="streets/2456">
      <key>2456</key>
      <name>Meadowood Drive</name>
      <type abbr="Dr">Drive</type>
    </street>
    <cross-street xlink:href="streets/954">
      <key>954</key>
      <name>Dakota Street</name>
      <type abbr="St">Street</type>
    </cross-street>
    <centre>
      <utm zone="14U">
        <x>636222</x>
        <y>5521201</y>
      </utm>
      <geographic>
        <latitude>49.82776</latitude>
        <longitude>-97.10594</longitude>
      </geographic>
    </centre>
  </stop>
  <stop xlink:href="stops/50655">
    <key>50655</key>
    <name>Southbound River at River Pointe</name>
    <number>50655</number>
    <direction abbr="SB">Southbound</direction>
    <side abbr="NS">Nearside</side>
    <street xlink:href="streets/3059">
      <key>3059</key>
      <name>River Road</name>
      <type abbr="Rd">Road</type>
    </street>
    <cross-street xlink:href="streets/3061">
      <key>3061</key>
      <name>River Pointe Drive</name>
      <type abbr="Dr">Drive</type>
    </cross-street>
    <centre>
      <utm zone="14U">
        <x>634033</x>
        <y>5520323</y>
      </utm>
      <geographic>
        <latitude>49.82036</latitude>
        <longitude>-97.13666</longitude>
      </geographic>
    </centre>
  </stop>
  <stop xlink:href="stops/50659">
    <key>50659</key>
    <name>Eastbound Meadowood at St. Mary's</name>
    <number>50659</number>
    <direction abbr="EB">Eastbound</direction>
    <side abbr="FS">Farside</side>
    <street xlink:href="streets/2456">
      <key>2456</key>
      <name>Meadowood Drive</name>
      <type abbr="Dr">Drive</type>
    </street>
    <cross-street xlink:href="streets/3453">
      <key>3453</key>
      <name>St Mary's Road</name>
      <type abbr="Rd">Road</type>
    </cross-street>
    <centre>
      <utm zone="14U">
        <x>635691</x>
        <y>5520859</y>
      </utm>
      <geographic>
        <latitude>49.8248</latitude>
        <longitude>-97.11344</longitude>
      </geographic>
    </centre>
  </stop>
  <stop xlink:href="stops/50691">
    <key>50691</key>
    <name>Southbound River at Harry Collins</name>
    <number>50691</number>
    <direction abbr="SB">Southbound</direction>
    <side abbr="NSO">Nearside Opposite</side>
    <street xlink:href="streets/3059">
      <key>3059</key>
      <name>River Road</name>
      <type abbr="Rd">Road</type>
    </street>
    <cross-street xlink:href="streets/1660">
      <key>1660</key>
      <name>Harry Collins Avenue</name>
      <type abbr="Ave">Avenue</type>
    </cross-street>
    <centre>
      <utm zone="14U">
        <x>634189</x>
        <y>5520130</y>
      </utm>
      <geographic>
        <latitude>49.81859</latitude>
        <longitude>-97.13456</longitude>
      </geographic>
    </centre>
  </stop>
  <stop xlink:href="stops/50692">
    <key>50692</key>
    <name>Southbound River at Woodlawn</name>
    <number>50692</number>
    <direction abbr="SB">Southbound</direction>
    <side abbr="FSO">Farside Opposite</side>
    <street xlink:href="streets/3059">
      <key>3059</key>
      <name>River Road</name>
      <type abbr="Rd">Road</type>
    </street>
    <cross-street xlink:href="streets/3978">
      <key>3978</key>
      <name>Woodlawn Avenue</name>
      <type abbr="Ave">Avenue</type>
    </cross-street>
    <centre>
      <utm zone="14U">
        <x>634381</x>
        <y>5519988</y>
      </utm>
      <geographic>
        <latitude>49.81727</latitude>
        <longitude>-97.13194</longitude>
      </geographic>
    </centre>
  </stop>
  <stop xlink:href="stops/50693">
    <key>50693</key>
    <name>Southbound River at McNulty</name>
    <number>50693</number>
    <direction abbr="SB">Southbound</direction>
    <side abbr="NS">Nearside</side>
    <street xlink:href="streets/3059">
      <key>3059</key>
      <name>River Road</name>
      <type abbr="Rd">Road</type>
    </street>
    <cross-street xlink:href="streets/2439">
      <key>2439</key>
      <name>McNulty Crescent</name>
      <type abbr="Cres">Crescent</type>
    </cross-street>
    <centre>
      <utm zone="14U">
        <x>634497</x>
        <y>5519963</y>
      </utm>
      <geographic>
        <latitude>49.81702</latitude>
        <longitude>-97.13034</longitude>
      </geographic>
    </centre>
  </stop>
  <stop xlink:href="stops/50694">
    <key>50694</key>
    <name>Southbound River at McNulty East</name>
    <number>50694</number>
    <direction abbr="SB">Southbound</direction>
    <side abbr="FS">Farside</side>
    <street xlink:href="streets/3059">
      <key>3059</key>
      <name>River Road</name>
      <type abbr="Rd">Road</type>
    </street>
    <cross-street xlink:href="streets/2439">
      <key>2439</key>
      <name>McNulty Crescent</name>
      <type abbr="Cres">Crescent</type>
    </cross-street>
    <centre>
      <utm zone="14U">
        <x>634781</x>
        <y>5520067</y>
      </utm>
      <geographic>
        <latitude>49.81789</latitude>
        <longitude>-97.12636</longitude>
      </geographic>
    </centre>
  </stop>
  <stop xlink:href="stops/50695">
    <key>50695</key>
    <name>Southbound River at Minnetonka</name>
    <number>50695</number>
    <direction abbr="SB">Southbound</direction>
    <side abbr="NSO">Nearside Opposite</side>
    <street xlink:href="streets/3059">
      <key>3059</key>
      <name>River Road</name>
      <type abbr="Rd">Road</type>
    </street>
    <cross-street xlink:href="streets/2510">
      <key>2510</key>
      <name>Minnetonka Street</name>
      <type abbr="St">Street</type>
    </cross-street>
    <centre>
      <utm zone="14U">
        <x>635075</x>
        <y>5520093</y>
      </utm>
      <geographic>
        <latitude>49.81806</latitude>
        <longitude>-97.12226</longitude>
      </geographic>
    </centre>
  </stop>
  <stop xlink:href="stops/50702">
    <key>50702</key>
    <name>Northbound Minnetonka at Riverbend</name>
    <number>50702</number>
    <direction abbr="NB">Northbound</direction>
    <side abbr="FS">Farside</side>
    <street xlink:href="streets/2510">
      <key>2510</key>
      <name>Minnetonka Street</name>
      <type abbr="St">Street</type>
    </street>
    <cross-street xlink:href="streets/3062">
      <key>3062</key>
      <name>Riverbend Avenue</name>
      <type abbr="Ave">Avenue</type>
    </cross-street>
    <centre>
      <utm zone="14U">
        <x>634960</x>
        <y>5520403</y>
      </utm>
      <geographic>
        <latitude>49.82087</latitude>
        <longitude>-97.12375</longitude>
      </geographic>
    </centre>
  </stop>
  <stop xlink:href="stops/50709">
    <key>50709</key>
    <name>Southbound River at Avalon</name>
    <number>50709</number>
    <direction abbr="SB">Southbound</direction>
    <side abbr="DO">Direct Opposite</side>
    <street xlink:href="streets/3059">
      <key>3059</key>
      <name>River Road</name>
      <type abbr="Rd">Road</type>
    </street>
    <cross-street xlink:href="streets/202">
      <key>202</key>
      <name>Avalon Road</name>
      <type abbr="Rd">Road</type>
    </cross-street>
    <centre>
      <utm zone="14U">
        <x>633982</x>
        <y>5520456</y>
      </utm>
      <geographic>
        <latitude>49.82156</latitude>
        <longitude>-97.13732</longitude>
      </geographic>
    </centre>
  </stop>
  <stop xlink:href="stops/50882">
    <key>50882</key>
    <name>Eastbound St Vital Centre Terminal at St. Vital Centre (16 Selkirk)</name>
    <number>50882</number>
    <direction abbr="EB">Eastbound</direction>
    <side abbr="FS">Farside</side>
    <street xlink:href="streets/50000270">
      <key>50000270</key>
      <name>St Vital Centre Terminal</name>
      <type abbr="Term">Terminal</type>
    </street>
    <cross-street xlink:href="streets/2456">
      <key>2456</key>
      <name>Meadowood Drive</name>
      <type abbr="Dr">Drive</type>
    </cross-street>
    <centre>
      <utm zone="14U">
        <x>635865</x>
        <y>5521054</y>
      </utm>
      <geographic>
        <latitude>49.82652</latitude>
        <longitude>-97.11095</longitude>
      </geographic>
    </centre>
  </stop>
  <stop xlink:href="stops/50900">
    <key>50900</key>
    <name>Northbound Dunkirk at Fermor</name>
    <number>50900</number>
    <direction abbr="NB">Northbound</direction>
    <side abbr="NS">Nearside</side>
    <street xlink:href="streets/1144">
      <key>1144</key>
      <name>Dunkirk Drive</name>
      <type abbr="Dr">Drive</type>
    </street>
    <cross-street xlink:href="streets/1306">
      <key>1306</key>
      <name>Fermor Avenue</name>
      <type abbr="Ave">Avenue</type>
    </cross-street>
    <centre>
      <utm zone="14U">
        <x>635131</x>
        <y>5523648</y>
      </utm>
      <geographic>
        <latitude>49.85</latitude>
        <longitude>-97.12025</longitude>
      </geographic>
    </centre>
  </stop>
  <stop xlink:href="stops/60144">
    <key>60144</key>
    <name>Southbound Pembina at Plaza</name>
    <number>60144</number>
    <direction abbr="SB">Southbound</direction>
    <side abbr="FSO">Farside Opposite</side>
    <street xlink:href="streets/2818">
      <key>2818</key>
      <name>Pembina Highway</name>
      <type abbr="Hwy">Highway</type>
    </street>
    <cross-street xlink:href="streets/2882">
      <key>2882</key>
      <name>Plaza Drive</name>
      <type abbr="Dr">Drive</type>
    </cross-street>
    <centre>
      <utm zone="14U">
        <x>632854</x>
        <y>5520491</y>
      </utm>
      <geographic>
        <latitude>49.82213</latitude>
        <longitude>-97.15299</longitude>
      </geographic>
    </centre>
  </stop>
  <stop xlink:href="stops/60916">
    <key>60916</key>
    <name>Northbound Plaza at Plaza Terminal</name>
    <number>60916</number>
    <direction abbr="NB">Northbound</direction>
    <side abbr="FS">Farside</side>
    <street xlink:href="streets/2882">
      <key>2882</key>
      <name>Plaza Drive</name>
      <type abbr="Dr">Drive</type>
    </street>
    <cross-street xlink:href="streets/50002001">
      <key>50002001</key>
      <name>Plaza Drive Loop</name>
      <type abbr="Loop">Loop</type>
    </cross-street>
    <centre>
      <utm zone="14U">
        <x>633242</x>
        <y>5520484</y>
      </utm>
      <geographic>
        <latitude>49.82198</latitude>
        <longitude>-97.1476</longitude>
      </geographic>
    </centre>
  </stop>
  <stop xlink:href="stops/60917">
    <key>60917</key>
    <name>Northbound Plaza at Plaza East</name>
    <number>60917</number>
    <direction abbr="NB">Northbound</direction>
    <side abbr="FS">Farside</side>
    <street xlink:href="streets/2882">
      <key>2882</key>
      <name>Plaza Drive</name>
      <type abbr="Dr">Drive</type>
    </street>
    <cross-street xlink:href="streets/50002001">
      <key>50002001</key>
      <name>Plaza Drive Loop</name>
      <type abbr="Loop">Loop</type>
    </cross-street>
    <centre>
      <utm zone="14U">
        <x>633200</x>
        <y>5520648</y>
      </utm>
      <geographic>
        <latitude>49.82346</latitude>
        <longitude>-97.14812</longitude>
      </geographic>
    </centre>
  </stop>
  <stop xlink:href="stops/60918">
    <key>60918</key>
    <name>Westbound Plaza at Plaza West</name>
    <number>60918</number>
    <direction abbr="WB">Westbound</direction>
    <side abbr="NS">Nearside</side>
    <street xlink:href="streets/2882">
      <key>2882</key>
      <name>Plaza Drive</name>
      <type abbr="Dr">Drive</type>
    </street>
    <cross-street xlink:href="streets/2818">
      <key>2818</key>
      <name>Pembina Highway</name>
      <type abbr="Hwy">Highway</type>
    </cross-street>
    <centre>
      <utm zone="14U">
        <x>633081</x>
        <y>5520688</y>
      </utm>
      <geographic>
        <latitude>49.82385</latitude>
        <longitude>-97.14976</longitude>
      </geographic>
    </centre>
  </stop>
  <stop xlink:href="stops/60919">
    <key>60919</key>
    <name>Westbound Plaza at Pembina</name>
    <number>60919</number>
    <direction abbr="WB">Westbound</direction>
    <side abbr="NS">Nearside</side>
    <street xlink:href="streets/2882">
      <key>2882</key>
      <name>Plaza Drive</name>
      <type abbr="Dr">Drive</type>
    </street>
    <cross-street xlink:href="streets/2818">
      <key>2818</key>
      <name>Pembina Highway</name>
      <type abbr="Hwy">Highway</type>
    </cross-street>
    <centre>
      <utm zone="14U">
        <x>632926</x>
        <y>5520614</y>
      </utm>
      <geographic>
        <latitude>49.82322</latitude>
        <longitude>-97.15194</longitude>
      </geographic>
    </centre>
  </stop>
</stops>
