<?xml version="1.0" encoding="UTF-8"?>
<stops xmlns:utm="http://winnipegtransit.com/coordinates/utm" xmlns:ang="http://winnipegtransit.com/coordinates/angular" xmlns:xlink="http://www.w3.org/1999/xlink" xlink:base="" query-time="2024-07-11T14:48:10">
  <stop xlink:href="stops/10066">
    <key>10066</key>
    <name>Northbound Osborne at Osborne Junction</name>
    <number>10066</number>
    <direction abbr="NB">Northbound</direction>
    <side abbr="NS">Nearside</side>
    <street xlink:href="streets/2715">
      <key>2715</key>
      <name>Osborne Street</name>
      <type abbr="St">Street</type>
    </street>
    <cross-street xlink:href="streets/2434">
      <key>2434</key>
      <name>McMillan Avenue</name>
      <type abbr="Ave">Avenue</type>
    </cross-street>
    <centre>
      <utm zone="14U">
        <x>633477</x>
        <y>5526403</y>
      </utm>
      <geographic>
        <latitude>49.87514</latitude>
        <longitude>-97.14229</longitude>
      </geographic>
    </centre>
  </stop>
  <stop xlink:href="stops/10071">
    <key>10071</key>
    <name>Northbound Pembina at Nassau</name>
    <number>10071</number>
    <direction abbr="NB">Northbound</direction>
    <side abbr="NS">Nearside</side>
    <street xlink:href="streets/2818">
      <key>2818</key>
      <name>Pembina Highway</name>
      <type abbr="Hwy">Highway</type>
    </street>
    <cross-street xlink:href="streets/2593">
      <key>2593</key>
      <name>Nassau Street</name>
      <type abbr="St">Street</type>
      <leg abbr="N">North</leg>
    </cross-street>
    <centre>
      <utm zone="14U">
        <x>633374</x>
        <y>5525943</y>
      </utm>
      <geographic>
        <latitude>49.87103</latitude>
        <longitude>-97.14388</longitude>
      </geographic>
    </centre>
  </stop>
  <stop xlink:href="stops/10073">
    <key>10073</key>
    <name>Northbound Pembina at Daly</name>
    <number>10073</number>
    <direction abbr="NB">Northbound</direction>
    <side abbr="NS">Nearside</side>
    <street xlink:href="streets/2818">
      <key>2818</key>
      <name>Pembina Highway</name>
      <type abbr="Hwy">Highway</type>
    </street>
    <cross-street xlink:href="streets/963">
      <key>963</key>
      <name>Daly Street</name>
      <type abbr="St">Street</type>
      <leg abbr="N">North</leg>
    </cross-street>
    <centre>
      <utm zone="14U">
        <x>633263</x>
        <y>5525653</y>
      </utm>
      <geographic>
        <latitude>49.86844</latitude>
        <longitude>-97.14553</longitude>
      </geographic>
    </centre>
  </stop>
  <stop xlink:href="stops/10076">
    <key>10076</key>
    <name>Northbound Pembina at Hugo</name>
    <number>10076</number>
    <direction abbr="NB">Northbound</direction>
    <side abbr="NS">Nearside</side>
    <street xlink:href="streets/2818">
      <key>2818</key>
      <name>Pembina Highway</name>
      <type abbr="Hwy">Highway</type>
    </street>
    <cross-street xlink:href="streets/3241">
      <key>3241</key>
      <name>Scotland Avenue</name>
      <type abbr="Ave">Avenue</type>
    </cross-street>
    <centre>
      <utm zone="14U">
        <x>633189</x>
        <y>5525373</y>
      </utm>
      <geographic>
        <latitude>49.86594</latitude>
        <longitude>-97.14665</longitude>
      </geographic>
    </centre>
  </stop>
  <stop xlink:href="stops/10077">
    <key>10077</key>
    <name>Northbound Pembina at Grant</name>
    <number>10077</number>
    <direction abbr="NB">Northbound</direction>
    <side abbr="NSO">Nearside Opposite</side>
    <street xlink:href="streets/2818">
      <key>2818</key>
      <name>Pembina Highway</name>
      <type abbr="Hwy">Highway</type>
    </street>
    <cross-street xlink:href="streets/1542">
      <key>1542</key>
      <name>Grant Avenue</name>
      <type abbr="Ave">Avenue</type>
    </cross-street>
    <centre>
      <utm zone="14U">
        <x>633147</x>
        <y>5525198</y>
      </utm>
      <geographic>
        <latitude>49.86438</latitude>
        <longitude>-97.1473</longitude>
      </geographic>
    </centre>
  </stop>
  <stop xlink:href="stops/10080">
    <key>10080</key>
    <name>Northbound Pembina at Arbuthnot</name>
    <number>10080</number>
    <direction abbr="NB">Northbound</direction>
    <side abbr="FSO">Farside Opposite</side>
    <street xlink:href="streets/2818">
      <key>2818</key>
      <name>Pembina Highway</name>
      <type abbr="Hwy">Highway</type>
    </street>
    <cross-street xlink:href="streets/126">
      <key>126</key>
      <name>Arbuthnot Street</name>
      <type abbr="St">Street</type>
    </cross-street>
    <centre>
      <utm zone="14U">
        <x>633079</x>
        <y>5525004</y>
      </utm>
      <geographic>
        <latitude>49.86265</latitude>
        <longitude>-97.14831</longitude>
      </geographic>
    </centre>
  </stop>
  <stop xlink:href="stops/10082">
    <key>10082</key>
    <name>Northbound Pembina at Jackson</name>
    <number>10082</number>
    <direction abbr="NB">Northbound</direction>
    <side abbr="NS">Nearside</side>
    <street xlink:href="streets/2818">
      <key>2818</key>
      <name>Pembina Highway</name>
      <type abbr="Hwy">Highway</type>
    </street>
    <cross-street xlink:href="streets/1859">
      <key>1859</key>
      <name>Jackson Avenue</name>
      <type abbr="Ave">Avenue</type>
    </cross-street>
    <centre>
      <utm zone="14U">
        <x>632956</x>
        <y>5524669</y>
      </utm>
      <geographic>
        <latitude>49.85967</latitude>
        <longitude>-97.15014</longitude>
      </geographic>
    </centre>
  </stop>
  <stop xlink:href="stops/10083">
    <key>10083</key>
    <name>Northbound Pembina at Taylor</name>
    <number>10083</number>
    <direction abbr="NB">Northbound</direction>
    <side abbr="DO">Direct Opposite</side>
    <street xlink:href="streets/2818">
      <key>2818</key>
      <name>Pembina Highway</name>
      <type abbr="Hwy">Highway</type>
    </street>
    <cross-street xlink:href="streets/3827">
      <key>3827</key>
      <name>Wentworth Street</name>
      <type abbr="St">Street</type>
    </cross-street>
    <centre>
      <utm zone="14U">
        <x>632905</x>
        <y>5524526</y>
      </utm>
      <geographic>
        <latitude>49.85839</latitude>
        <longitude>-97.15089</longitude>
      </geographic>
    </centre>
  </stop>
  <stop xlink:href="stops/10085">
    <key>10085</key>
    <name>Northbound Pembina at Stafford</name>
    <number>10085</number>
    <direction abbr="NB">Northbound</direction>
    <side abbr="DO">Direct Opposite</side>
    <street xlink:href="streets/2818">
      <key>2818</key>
      <name>Pembina Highway</name>
      <type abbr="Hwy">Highway</type>
    </street>
    <cross-street xlink:href="streets/3465">
      <key>3465</key>
      <name>Stafford Street</name>
      <type abbr="St">Street</type>
    </cross-street>
    <centre>
      <utm zone="14U">
        <x>632832</x>
        <y>5524318</y>
      </utm>
      <geographic>
        <latitude>49.85654</latitude>
        <longitude>-97.15198</longitude>
      </geographic>
    </centre>
  </stop>
  <stop xlink:href="stops/10171">
    <key>10171</key>
    <name>Northbound Osborne at River</name>
    <number>10171</number>
    <direction abbr="NB">Northbound</direction>
    <side abbr="FS">Farside</side>
    <street xlink:href="streets/2715">
      <key>2715</key>
      <name>Osborne Street</name>
      <type abbr="St">Street</type>
    </street>
    <cross-street xlink:href="streets/3057">
      <key>3057</key>
      <name>River Avenue</name>
      <type abbr="Ave">Avenue</type>
    </cross-street>
    <centre>
      <utm zone="14U">
        <x>633163</x>
        <y>5526878</y>
      </utm>
      <geographic>
        <latitude>49.87948</latitude>
        <longitude>-97.1465</longitude>
      </geographic>
    </centre>
  </stop>
  <stop xlink:href="stops/10186">
    <key>10186</key>
    <name>Northbound Osborne at Stradbrook</name>
    <number>10186</number>
    <direction abbr="NB">Northbound</direction>
    <side abbr="NS">Nearside</side>
    <street xlink:href="streets/2715">
      <key>2715</key>
      <name>Osborne Street</name>
      <type abbr="St">Street</type>
    </street>
    <cross-street xlink:href="streets/3503">
      <key>3503</key>
      <name>Stradbrook Avenue</name>
      <type abbr="Ave">Avenue</type>
    </cross-street>
    <centre>
      <utm zone="14U">
        <x>633305</x>
        <y>5526681</y>
      </utm>
      <geographic>
        <latitude>49.87768</latitude>
        <longitude>-97.14459</longitude>
      </geographic>
    </centre>
  </stop>
  <stop xlink:href="stops/10595">
    <key>10595</key>
    <name>Northbound Osborne at Assiniboine</name>
    <number>10595</number>
    <direction abbr="NB">Northbound</direction>
    <side abbr="FSO">Farside Opposite</side>
    <street xlink:href="streets/2716">
      <key>2716</key>
      <name>Osborne Street</name>
      <type abbr="St">Street</type>
      <leg abbr="N">North</leg>
    </street>
    <cross-street xlink:href="streets/4653">
      <key>4653</key>
      <name>Granite Way</name>
      <type abbr="Way">Way</type>
    </cross-street>
    <centre>
      <utm zone="14U">
        <x>633012</x>
        <y>5527290</y>
      </utm>
      <geographic>
        <latitude>49.88322</latitude>
        <longitude>-97.14846</longitude>
      </geographic>
    </centre>
  </stop>
  <stop xlink:href="stops/10596">
    <key>10596</key>
    <name>Northbound Osborne at Broadway (Legislature)</name>
    <number>10596</number>
    <direction abbr="NB">Northbound</direction>
    <side abbr="NS">Nearside</side>
    <street xlink:href="streets/2716">
      <key>2716</key>
      <name>Osborne Street</name>
      <type abbr="St">Street</type>
      <leg abbr="N">North</leg>
    </street>
    <cross-street xlink:href="streets/519">
      <key>519</key>
      <name>Broadway</name>
    </cross-street>
    <centre>
      <utm zone="14U">
        <x>632933</x>
        <y>5527509</y>
      </utm>
      <geographic>
        <latitude>49.8852</latitude>
        <longitude>-97.14948</longitude>
      </geographic>
    </centre>
  </stop>
  <stop xlink:href="stops/10607">
    <key>10607</key>
    <name>Northbound Osborne at York</name>
    <number>10607</number>
    <direction abbr="NB">Northbound</direction>
    <side abbr="NS">Nearside</side>
    <street xlink:href="streets/2716">
      <key>2716</key>
      <name>Osborne Street</name>
      <type abbr="St">Street</type>
      <leg abbr="N">North</leg>
    </street>
    <cross-street xlink:href="streets/4014">
      <key>4014</key>
      <name>York Avenue</name>
      <type abbr="Ave">Avenue</type>
    </cross-street>
    <centre>
      <utm zone="14U">
        <x>632907</x>
        <y>5527740</y>
      </utm>
      <geographic>
        <latitude>49.88728</latitude>
        <longitude>-97.14976</longitude>
      </geographic>
    </centre>
  </stop>
  <stop xlink:href="stops/10611">
    <key>10611</key>
    <name>Eastbound Graham at Fort (Wpg Square)</name>
    <number>10611</number>
    <direction abbr="EB">Eastbound</direction>
    <side abbr="NS">Nearside</side>
    <street xlink:href="streets/1533">
      <key>1533</key>
      <name>Graham Avenue</name>
      <type abbr="Ave">Avenue</type>
    </street>
    <cross-street xlink:href="streets/1365">
      <key>1365</key>
      <name>Fort Street</name>
      <type abbr="St">Street</type>
    </cross-street>
    <centre>
      <utm zone="14U">
        <x>633667</x>
        <y>5528384</y>
      </utm>
      <geographic>
        <latitude>49.8929</latitude>
        <longitude>-97.13897</longitude>
      </geographic>
    </centre>
  </stop>
  <stop xlink:href="stops/10615">
    <key>10615</key>
    <name>Eastbound Graham at Smith</name>
    <number>10615</number>
    <direction abbr="EB">Eastbound</direction>
    <side abbr="NS">Nearside</side>
    <street xlink:href="streets/1533">
      <key>1533</key>
      <name>Graham Avenue</name>
      <type abbr="Ave">Avenue</type>
    </street>
    <cross-street xlink:href="streets/3371">
      <key>3371</key>
      <name>Smith Street</name>
      <type abbr="St">Street</type>
    </cross-street>
    <centre>
      <utm zone="14U">
        <x>633485</x>
        <y>5528315</y>
      </utm>
      <geographic>
        <latitude>49.89232</latitude>
        <longitude>-97.14152</longitude>
      </geographic>
    </centre>
  </stop>
  <stop xlink:href="stops/10616">
    <key>10616</key>
    <name>Eastbound Graham at Hargrave</name>
    <number>10616</number>
    <direction abbr="EB">Eastbound</direction>
    <side abbr="NS">Nearside</side>
    <street xlink:href="streets/1533">
      <key>1533</key>
      <name>Graham Avenue</name>
      <type abbr="Ave">Avenue</type>
    </street>
    <cross-street xlink:href="streets/1644">
      <key>1644</key>
      <name>Hargrave Street</name>
      <type abbr="St">Street</type>
    </cross-street>
    <centre>
      <utm zone="14U">
        <x>633299</x>
        <y>5528243</y>
      </utm>
      <geographic>
        <latitude>49.89172</latitude>
        <longitude>-97.14413</longitude>
      </geographic>
    </centre>
  </stop>
  <stop xlink:href="stops/10618">
    <key>10618</key>
    <name>Eastbound Graham at Edmonton (RWB)</name>
    <number>10618</number>
    <direction abbr="EB">Eastbound</direction>
    <side abbr="NS">Nearside</side>
    <street xlink:href="streets/1533">
      <key>1533</key>
      <name>Graham Avenue</name>
      <type abbr="Ave">Avenue</type>
    </street>
    <cross-street xlink:href="streets/1201">
      <key>1201</key>
      <name>Edmonton Street</name>
      <type abbr="St">Street</type>
    </cross-street>
    <centre>
      <utm zone="14U">
        <x>633114</x>
        <y>5528174</y>
      </utm>
      <geographic>
        <latitude>49.89114</latitude>
        <longitude>-97.14673</longitude>
      </geographic>
    </centre>
  </stop>
  <stop xlink:href="stops/10644">
    <key>10644</key>
    <name>Northbound Fort at Graham North</name>
    <number>10644</number>
    <direction abbr="NB">Northbound</direction>
    <side abbr="FS">Farside</side>
    <street xlink:href="streets/1365">
      <key>1365</key>
      <name>Fort Street</name>
      <type abbr="St">Street</type>
    </street>
    <cross-street xlink:href="streets/1533">
      <key>1533</key>
      <name>Graham Avenue</name>
      <type abbr="Ave">Avenue</type>
    </cross-street>
    <centre>
      <utm zone="14U">
        <x>633649</x>
        <y>5528524</y>
      </utm>
      <geographic>
        <latitude>49.89417</latitude>
        <longitude>-97.13917</longitude>
      </geographic>
    </centre>
  </stop>
  <stop xlink:href="stops/10646">
    <key>10646</key>
    <name>Northbound Fort at Portage</name>
    <number>10646</number>
    <direction abbr="NB">Northbound</direction>
    <side abbr="NS">Nearside</side>
    <street xlink:href="streets/1365">
      <key>1365</key>
      <name>Fort Street</name>
      <type abbr="St">Street</type>
    </street>
    <cross-street xlink:href="streets/2903">
      <key>2903</key>
      <name>Portage Avenue</name>
      <type abbr="Ave">Avenue</type>
    </cross-street>
    <centre>
      <utm zone="14U">
        <x>633625</x>
        <y>5528592</y>
      </utm>
      <geographic>
        <latitude>49.89478</latitude>
        <longitude>-97.13948</longitude>
      </geographic>
    </centre>
  </stop>
  <stop xlink:href="stops/10648">
    <key>10648</key>
    <name>Southbound Garry at Portage North</name>
    <number>10648</number>
    <direction abbr="SB">Southbound</direction>
    <side abbr="NS">Nearside</side>
    <street xlink:href="streets/1437">
      <key>1437</key>
      <name>Garry Street</name>
      <type abbr="St">Street</type>
    </street>
    <cross-street xlink:href="streets/2903">
      <key>2903</key>
      <name>Portage Avenue</name>
      <type abbr="Ave">Avenue</type>
    </cross-street>
    <centre>
      <utm zone="14U">
        <x>633494</x>
        <y>5528589</y>
      </utm>
      <geographic>
        <latitude>49.89479</latitude>
        <longitude>-97.1413</longitude>
      </geographic>
    </centre>
  </stop>
  <stop xlink:href="stops/10703">
    <key>10703</key>
    <name>Northbound Vaughan at St. Mary</name>
    <number>10703</number>
    <direction abbr="NB">Northbound</direction>
    <side abbr="NS">Nearside</side>
    <street xlink:href="streets/3716">
      <key>3716</key>
      <name>Vaughan Street</name>
      <type abbr="St">Street</type>
    </street>
    <cross-street xlink:href="streets/3452">
      <key>3452</key>
      <name>St Mary Avenue</name>
      <type abbr="Ave">Avenue</type>
    </cross-street>
    <centre>
      <utm zone="14U">
        <x>633014</x>
        <y>5527932</y>
      </utm>
      <geographic>
        <latitude>49.88899</latitude>
        <longitude>-97.14821</longitude>
      </geographic>
    </centre>
  </stop>
  <stop xlink:href="stops/10704">
    <key>10704</key>
    <name>Northbound Vaughan at Graham (The Bay)</name>
    <number>10704</number>
    <direction abbr="NB">Northbound</direction>
    <side abbr="NS">Nearside</side>
    <street xlink:href="streets/3716">
      <key>3716</key>
      <name>Vaughan Street</name>
      <type abbr="St">Street</type>
    </street>
    <cross-street xlink:href="streets/1533">
      <key>1533</key>
      <name>Graham Avenue</name>
      <type abbr="Ave">Avenue</type>
    </cross-street>
    <centre>
      <utm zone="14U">
        <x>632954</x>
        <y>5528091</y>
      </utm>
      <geographic>
        <latitude>49.89043</latitude>
        <longitude>-97.14899</longitude>
      </geographic>
    </centre>
  </stop>
  <stop xlink:href="stops/60097">
    <key>60097</key>
    <name>Westbound Chancellor Matheson at Pembina</name>
    <number>60097</number>
    <direction abbr="WB">Westbound</direction>
    <side abbr="NS">Nearside</side>
    <street xlink:href="streets/715">
      <key>715</key>
      <name>Chancellor Matheson Road</name>
      <type abbr="Rd">Road</type>
    </street>
    <cross-street xlink:href="streets/2818">
      <key>2818</key>
      <name>Pembina Highway</name>
      <type abbr="Hwy">Highway</type>
    </cross-street>
    <centre>
      <utm zone="14U">
        <x>632698</x>
        <y>5518246</y>
      </utm>
      <geographic>
        <latitude>49.80198</latitude>
        <longitude>-97.15592</longitude>
      </geographic>
    </centre>
  </stop>
  <stop xlink:href="stops/60105">
    <key>60105</key>
    <name>Westbound Dafoe at Agriculture</name>
    <number>60105</number>
    <direction abbr="WB">Westbound</direction>
    <side abbr="NS">Nearside</side>
    <street xlink:href="streets/950">
      <key>950</key>
      <name>Dafoe Road</name>
      <type abbr="Rd">Road</type>
    </street>
    <cross-street xlink:href="streets/3689">
      <key>3689</key>
      <name>University Crescent</name>
      <type abbr="Cres">Crescent</type>
    </cross-street>
    <centre>
      <utm zone="14U">
        <x>634080</x>
        <y>5518814</y>
      </utm>
      <geographic>
        <latitude>49.80678</latitude>
        <longitude>-97.13653</longitude>
      </geographic>
    </centre>
  </stop>
  <stop xlink:href="stops/60116">
    <key>60116</key>
    <name>Northbound Pembina at Chancellor Matheson North</name>
    <number>60116</number>
    <direction abbr="NB">Northbound</direction>
    <side abbr="FS">Farside</side>
    <street xlink:href="streets/2818">
      <key>2818</key>
      <name>Pembina Highway</name>
      <type abbr="Hwy">Highway</type>
    </street>
    <cross-street xlink:href="streets/715">
      <key>715</key>
      <name>Chancellor Matheson Road</name>
      <type abbr="Rd">Road</type>
    </cross-street>
    <centre>
      <utm zone="14U">
        <x>632646</x>
        <y>5518373</y>
      </utm>
      <geographic>
        <latitude>49.80314</latitude>
        <longitude>-97.1566</longitude>
      </geographic>
    </centre>
  </stop>
  <stop xlink:href="stops/60119">
    <key>60119</key>
    <name>Eastbound Victoria Hospital at Victoria Hospital</name>
    <number>60119</number>
    <direction abbr="EB">Eastbound</direction>
    <side abbr="FS">Farside</side>
    <street xlink:href="streets/50000272">
      <key>50000272</key>
      <name>Victoria Hospital</name>
      <type abbr="Rd">Road</type>
    </street>
    <cross-street xlink:href="streets/2818">
      <key>2818</key>
      <name>Pembina Highway</name>
      <type abbr="Hwy">Highway</type>
    </cross-street>
    <centre>
      <utm zone="14U">
        <x>632857</x>
        <y>5518763</y>
      </utm>
      <geographic>
        <latitude>49.8066</latitude>
        <longitude>-97.15354</longitude>
      </geographic>
    </centre>
  </stop>
  <stop xlink:href="stops/60120">
    <key>60120</key>
    <name>Northbound Pembina at Dartmouth</name>
    <number>60120</number>
    <direction abbr="NB">Northbound</direction>
    <side abbr="NS">Nearside</side>
    <street xlink:href="streets/2818">
      <key>2818</key>
      <name>Pembina Highway</name>
      <type abbr="Hwy">Highway</type>
    </street>
    <cross-street xlink:href="streets/974">
      <key>974</key>
      <name>Dartmouth Drive</name>
      <type abbr="Dr">Drive</type>
    </cross-street>
    <centre>
      <utm zone="14U">
        <x>632747</x>
        <y>5518698</y>
      </utm>
      <geographic>
        <latitude>49.80604</latitude>
        <longitude>-97.15509</longitude>
      </geographic>
    </centre>
  </stop>
  <stop xlink:href="stops/60121">
    <key>60121</key>
    <name>Northbound Pembina at Markham</name>
    <number>60121</number>
    <direction abbr="NB">Northbound</direction>
    <side abbr="NS">Nearside</side>
    <street xlink:href="streets/2818">
      <key>2818</key>
      <name>Pembina Highway</name>
      <type abbr="Hwy">Highway</type>
    </street>
    <cross-street xlink:href="streets/2335">
      <key>2335</key>
      <name>Markham Road</name>
      <type abbr="Rd">Road</type>
    </cross-street>
    <centre>
      <utm zone="14U">
        <x>632823</x>
        <y>5518948</y>
      </utm>
      <geographic>
        <latitude>49.80827</latitude>
        <longitude>-97.15394</longitude>
      </geographic>
    </centre>
  </stop>
  <stop xlink:href="stops/60126">
    <key>60126</key>
    <name>Northbound Pembina at Southpark</name>
    <number>60126</number>
    <direction abbr="NB">Northbound</direction>
    <side abbr="NSO">Nearside Opposite</side>
    <street xlink:href="streets/2818">
      <key>2818</key>
      <name>Pembina Highway</name>
      <type abbr="Hwy">Highway</type>
    </street>
    <cross-street xlink:href="streets/3402">
      <key>3402</key>
      <name>Southpark Drive</name>
      <type abbr="Dr">Drive</type>
    </cross-street>
    <centre>
      <utm zone="14U">
        <x>632909</x>
        <y>5519225</y>
      </utm>
      <geographic>
        <latitude>49.81074</latitude>
        <longitude>-97.15266</longitude>
      </geographic>
    </centre>
  </stop>
  <stop xlink:href="stops/60127">
    <key>60127</key>
    <name>Northbound Pembina at Chancellor</name>
    <number>60127</number>
    <direction abbr="NB">Northbound</direction>
    <side abbr="NSO">Nearside Opposite</side>
    <street xlink:href="streets/2818">
      <key>2818</key>
      <name>Pembina Highway</name>
      <type abbr="Hwy">Highway</type>
    </street>
    <cross-street xlink:href="streets/714">
      <key>714</key>
      <name>Chancellor Drive</name>
      <type abbr="Dr">Drive</type>
    </cross-street>
    <centre>
      <utm zone="14U">
        <x>632985</x>
        <y>5519865</y>
      </utm>
      <geographic>
        <latitude>49.81647</latitude>
        <longitude>-97.15138</longitude>
      </geographic>
    </centre>
  </stop>
  <stop xlink:href="stops/60129">
    <key>60129</key>
    <name>Northbound Pembina at Thatcher</name>
    <number>60129</number>
    <direction abbr="NB">Northbound</direction>
    <side abbr="NS">Nearside</side>
    <street xlink:href="streets/2818">
      <key>2818</key>
      <name>Pembina Highway</name>
      <type abbr="Hwy">Highway</type>
    </street>
    <cross-street xlink:href="streets/3589">
      <key>3589</key>
      <name>Thatcher Drive</name>
      <type abbr="Dr">Drive</type>
    </cross-street>
    <centre>
      <utm zone="14U">
        <x>632953</x>
        <y>5519504</y>
      </utm>
      <geographic>
        <latitude>49.81324</latitude>
        <longitude>-97.15195</longitude>
      </geographic>
    </centre>
  </stop>
  <stop xlink:href="stops/60132">
    <key>60132</key>
    <name>Northbound Pembina at Thatcher North</name>
    <number>60132</number>
    <direction abbr="NB">Northbound</direction>
    <side abbr="FS">Farside</side>
    <street xlink:href="streets/2818">
      <key>2818</key>
      <name>Pembina Highway</name>
      <type abbr="Hwy">Highway</type>
    </street>
    <cross-street xlink:href="streets/3589">
      <key>3589</key>
      <name>Thatcher Drive</name>
      <type abbr="Dr">Drive</type>
    </cross-street>
    <centre>
      <utm zone="14U">
        <x>632973</x>
        <y>5519678</y>
      </utm>
      <geographic>
        <latitude>49.8148</latitude>
        <longitude>-97.15161</longitude>
      </geographic>
    </centre>
  </stop>
  <stop xlink:href="stops/60140">
    <key>60140</key>
    <name>Northbound Pembina at University Crescent</name>
    <number>60140</number>
    <direction abbr="NB">Northbound</direction>
    <side abbr="NS">Nearside</side>
    <street xlink:href="streets/2818">
      <key>2818</key>
      <name>Pembina Highway</name>
      <type abbr="Hwy">Highway</type>
    </street>
    <cross-street xlink:href="streets/3689">
      <key>3689</key>
      <name>University Crescent</name>
      <type abbr="Cres">Crescent</type>
    </cross-street>
    <centre>
      <utm zone="14U">
        <x>632960</x>
        <y>5519992</y>
      </utm>
      <geographic>
        <latitude>49.81762</latitude>
        <longitude>-97.15168</longitude>
      </geographic>
    </centre>
  </stop>
  <stop xlink:href="stops/60146">
    <key>60146</key>
    <name>Northbound Pembina at Plaza</name>
    <number>60146</number>
    <direction abbr="NB">Northbound</direction>
    <side abbr="NS">Nearside</side>
    <street xlink:href="streets/2818">
      <key>2818</key>
      <name>Pembina Highway</name>
      <type abbr="Hwy">Highway</type>
    </street>
    <cross-street xlink:href="streets/2882">
      <key>2882</key>
      <name>Plaza Drive</name>
      <type abbr="Dr">Drive</type>
    </cross-street>
    <centre>
      <utm zone="14U">
        <x>632882</x>
        <y>5520559</y>
      </utm>
      <geographic>
        <latitude>49.82274</latitude>
        <longitude>-97.15257</longitude>
      </geographic>
    </centre>
  </stop>
  <stop xlink:href="stops/60147">
    <key>60147</key>
    <name>Northbound Pembina at Adamar</name>
    <number>60147</number>
    <direction abbr="NB">Northbound</direction>
    <side abbr="NS">Nearside</side>
    <street xlink:href="streets/2818">
      <key>2818</key>
      <name>Pembina Highway</name>
      <type abbr="Hwy">Highway</type>
    </street>
    <cross-street xlink:href="streets/13">
      <key>13</key>
      <name>Adamar Road</name>
      <type abbr="Rd">Road</type>
    </cross-street>
    <centre>
      <utm zone="14U">
        <x>632873</x>
        <y>5520703</y>
      </utm>
      <geographic>
        <latitude>49.82403</latitude>
        <longitude>-97.15265</longitude>
      </geographic>
    </centre>
  </stop>
  <stop xlink:href="stops/60149">
    <key>60149</key>
    <name>Northbound Pembina at Adamar North</name>
    <number>60149</number>
    <direction abbr="NB">Northbound</direction>
    <side abbr="FS">Farside</side>
    <street xlink:href="streets/2818">
      <key>2818</key>
      <name>Pembina Highway</name>
      <type abbr="Hwy">Highway</type>
    </street>
    <cross-street xlink:href="streets/13">
      <key>13</key>
      <name>Adamar Road</name>
      <type abbr="Rd">Road</type>
    </cross-street>
    <centre>
      <utm zone="14U">
        <x>632893</x>
        <y>5520896</y>
      </utm>
      <geographic>
        <latitude>49.82576</latitude>
        <longitude>-97.15231</longitude>
      </geographic>
    </centre>
  </stop>
  <stop xlink:href="stops/60152">
    <key>60152</key>
    <name>Northbound Pembina at Manahan South</name>
    <number>60152</number>
    <direction abbr="NB">Northbound</direction>
    <side abbr="NSO">Nearside Opposite</side>
    <street xlink:href="streets/2818">
      <key>2818</key>
      <name>Pembina Highway</name>
      <type abbr="Hwy">Highway</type>
    </street>
    <cross-street xlink:href="streets/2278">
      <key>2278</key>
      <name>Manahan Avenue</name>
      <type abbr="Ave">Avenue</type>
    </cross-street>
    <centre>
      <utm zone="14U">
        <x>632922</x>
        <y>5521171</y>
      </utm>
      <geographic>
        <latitude>49.82823</latitude>
        <longitude>-97.15181</longitude>
      </geographic>
    </centre>
  </stop>
  <stop xlink:href="stops/60153">
    <key>60153</key>
    <name>Northbound Pembina at Manahan</name>
    <number>60153</number>
    <direction abbr="NB">Northbound</direction>
    <side abbr="NSO">Nearside Opposite</side>
    <street xlink:href="streets/2818">
      <key>2818</key>
      <name>Pembina Highway</name>
      <type abbr="Hwy">Highway</type>
    </street>
    <cross-street xlink:href="streets/2278">
      <key>2278</key>
      <name>Manahan Avenue</name>
      <type abbr="Ave">Avenue</type>
    </cross-street>
    <centre>
      <utm zone="14U">
        <x>632939</x>
        <y>5521299</y>
      </utm>
      <geographic>
        <latitude>49.82938</latitude>
        <longitude>-97.15153</longitude>
      </geographic>
    </centre>
  </stop>
  <stop xlink:href="stops/60156">
    <key>60156</key>
    <name>Northbound Pembina at Crescent</name>
    <number>60156</number>
    <direction abbr="NB">Northbound</direction>
    <side abbr="NS">Nearside</side>
    <street xlink:href="streets/2818">
      <key>2818</key>
      <name>Pembina Highway</name>
      <type abbr="Hwy">Highway</type>
    </street>
    <cross-street xlink:href="streets/912">
      <key>912</key>
      <name>Crescent Drive</name>
      <type abbr="Dr">Drive</type>
    </cross-street>
    <centre>
      <utm zone="14U">
        <x>632988</x>
        <y>5521575</y>
      </utm>
      <geographic>
        <latitude>49.83185</latitude>
        <longitude>-97.15075</longitude>
      </geographic>
    </centre>
  </stop>
  <stop xlink:href="stops/60237">
    <key>60237</key>
    <name>Northbound Pembina at Finch</name>
    <number>60237</number>
    <direction abbr="NB">Northbound</direction>
    <side abbr="FS">Farside</side>
    <street xlink:href="streets/2818">
      <key>2818</key>
      <name>Pembina Highway</name>
      <type abbr="Hwy">Highway</type>
    </street>
    <cross-street xlink:href="streets/1324">
      <key>1324</key>
      <name>Finch Bay</name>
      <type abbr="Bay">Bay</type>
    </cross-street>
    <centre>
      <utm zone="14U">
        <x>633032</x>
        <y>5521861</y>
      </utm>
      <geographic>
        <latitude>49.83441</latitude>
        <longitude>-97.15004</longitude>
      </geographic>
    </centre>
  </stop>
  <stop xlink:href="stops/60240">
    <key>60240</key>
    <name>Northbound Pembina at Fletcher</name>
    <number>60240</number>
    <direction abbr="NB">Northbound</direction>
    <side abbr="NS">Nearside</side>
    <street xlink:href="streets/2818">
      <key>2818</key>
      <name>Pembina Highway</name>
      <type abbr="Hwy">Highway</type>
    </street>
    <cross-street xlink:href="streets/783">
      <key>783</key>
      <name>Clarence Avenue</name>
      <type abbr="Ave">Avenue</type>
    </cross-street>
    <centre>
      <utm zone="14U">
        <x>632994</x>
        <y>5522073</y>
      </utm>
      <geographic>
        <latitude>49.83632</latitude>
        <longitude>-97.1505</longitude>
      </geographic>
    </centre>
  </stop>
  <stop xlink:href="stops/60242">
    <key>60242</key>
    <name>Northbound Pembina at Waller</name>
    <number>60242</number>
    <direction abbr="NB">Northbound</direction>
    <side abbr="NSO">Nearside Opposite</side>
    <street xlink:href="streets/2818">
      <key>2818</key>
      <name>Pembina Highway</name>
      <type abbr="Hwy">Highway</type>
    </street>
    <cross-street xlink:href="streets/3772">
      <key>3772</key>
      <name>Waller Avenue</name>
      <type abbr="Ave">Avenue</type>
    </cross-street>
    <centre>
      <utm zone="14U">
        <x>632894</x>
        <y>5522429</y>
      </utm>
      <geographic>
        <latitude>49.83954</latitude>
        <longitude>-97.15177</longitude>
      </geographic>
    </centre>
  </stop>
  <stop xlink:href="stops/60245">
    <key>60245</key>
    <name>Northbound Pembina at Oakenwald</name>
    <number>60245</number>
    <direction abbr="NB">Northbound</direction>
    <side abbr="NS">Nearside</side>
    <street xlink:href="streets/2818">
      <key>2818</key>
      <name>Pembina Highway</name>
      <type abbr="Hwy">Highway</type>
    </street>
    <cross-street xlink:href="streets/2675">
      <key>2675</key>
      <name>Oakenwald Avenue</name>
      <type abbr="Ave">Avenue</type>
    </cross-street>
    <centre>
      <utm zone="14U">
        <x>632791</x>
        <y>5522626</y>
      </utm>
      <geographic>
        <latitude>49.84134</latitude>
        <longitude>-97.15313</longitude>
      </geographic>
    </centre>
  </stop>
  <stop xlink:href="stops/60247">
    <key>60247</key>
    <name>Northbound Pembina at Riverwood</name>
    <number>60247</number>
    <direction abbr="NB">Northbound</direction>
    <side abbr="FS">Farside</side>
    <street xlink:href="streets/2818">
      <key>2818</key>
      <name>Pembina Highway</name>
      <type abbr="Hwy">Highway</type>
    </street>
    <cross-street xlink:href="streets/3074">
      <key>3074</key>
      <name>Riverwood Avenue</name>
      <type abbr="Ave">Avenue</type>
    </cross-street>
    <centre>
      <utm zone="14U">
        <x>632786</x>
        <y>5522768</y>
      </utm>
      <geographic>
        <latitude>49.84261</latitude>
        <longitude>-97.15315</longitude>
      </geographic>
    </centre>
  </stop>
  <stop xlink:href="stops/60250">
    <key>60250</key>
    <name>Northbound Pembina at North Drive</name>
    <number>60250</number>
    <direction abbr="NB">Northbound</direction>
    <side abbr="NS">Nearside</side>
    <street xlink:href="streets/2818">
      <key>2818</key>
      <name>Pembina Highway</name>
      <type abbr="Hwy">Highway</type>
    </street>
    <cross-street xlink:href="streets/2650">
      <key>2650</key>
      <name>North Drive</name>
      <type abbr="Dr">Drive</type>
    </cross-street>
    <centre>
      <utm zone="14U">
        <x>632796</x>
        <y>5523059</y>
      </utm>
      <geographic>
        <latitude>49.84523</latitude>
        <longitude>-97.15291</longitude>
      </geographic>
    </centre>
  </stop>
  <stop xlink:href="stops/60253">
    <key>60253</key>
    <name>Northbound Pembina at Point Road</name>
    <number>60253</number>
    <direction abbr="NB">Northbound</direction>
    <side abbr="NS">Nearside</side>
    <street xlink:href="streets/2818">
      <key>2818</key>
      <name>Pembina Highway</name>
      <type abbr="Hwy">Highway</type>
    </street>
    <cross-street xlink:href="streets/2888">
      <key>2888</key>
      <name>Point Road</name>
      <type abbr="Rd">Road</type>
    </cross-street>
    <centre>
      <utm zone="14U">
        <x>632807</x>
        <y>5523371</y>
      </utm>
      <geographic>
        <latitude>49.84803</latitude>
        <longitude>-97.15265</longitude>
      </geographic>
    </centre>
  </stop>
  <stop xlink:href="stops/60257">
    <key>60257</key>
    <name>Northbound Pembina at Calrossie</name>
    <number>60257</number>
    <direction abbr="NB">Northbound</direction>
    <side abbr="NS">Nearside</side>
    <street xlink:href="streets/2818">
      <key>2818</key>
      <name>Pembina Highway</name>
      <type abbr="Hwy">Highway</type>
    </street>
    <cross-street xlink:href="streets/605">
      <key>605</key>
      <name>Calrossie Boulevard</name>
      <type abbr="Blvd">Boulevard</type>
    </cross-street>
    <centre>
      <utm zone="14U">
        <x>632813</x>
        <y>5523539</y>
      </utm>
      <geographic>
        <latitude>49.84954</latitude>
        <longitude>-97.15251</longitude>
      </geographic>
    </centre>
  </stop>
  <stop xlink:href="stops/60260">
    <key>60260</key>
    <name>Northbound Pembina at Merriam</name>
    <number>60260</number>
    <direction abbr="NB">Northbound</direction>
    <side abbr="NS">Nearside</side>
    <street xlink:href="streets/2818">
      <key>2818</key>
      <name>Pembina Highway</name>
      <type abbr="Hwy">Highway</type>
    </street>
    <cross-street xlink:href="streets/2478">
      <key>2478</key>
      <name>Merriam Boulevard</name>
      <type abbr="Blvd">Boulevard</type>
    </cross-street>
    <centre>
      <utm zone="14U">
        <x>632831</x>
        <y>5523673</y>
      </utm>
      <geographic>
        <latitude>49.85074</latitude>
        <longitude>-97.15222</longitude>
      </geographic>
    </centre>
  </stop>
  <stop xlink:href="stops/60674">
    <key>60674</key>
    <name>Westbound Dafoe at U of M Station (36, 47, 60)</name>
    <number>60674</number>
    <direction abbr="WB">Westbound</direction>
    <side abbr="NS">Nearside</side>
    <street xlink:href="streets/950">
      <key>950</key>
      <name>Dafoe Road</name>
      <type abbr="Rd">Road</type>
    </street>
    <cross-street xlink:href="streets/1476">
      <key>1476</key>
      <name>Gillson Street</name>
      <type abbr="St">Street</type>
    </cross-street>
    <centre>
      <utm zone="14U">
        <x>634517</x>
        <y>5519058</y>
      </utm>
      <geographic>
        <latitude>49.80888</latitude>
        <longitude>-97.13038</longitude>
      </geographic>
    </centre>
  </stop>
  <stop xlink:href="stops/61117">
    <key>61117</key>
    <name>Westbound Dafoe at University</name>
    <number>61117</number>
    <direction abbr="WB">Westbound</direction>
    <side abbr="FS">Farside</side>
    <street xlink:href="streets/951">
      <key>951</key>
      <name>Dafoe Road</name>
      <type abbr="Rd">Road</type>
      <leg abbr="W">West</leg>
    </street>
    <cross-street xlink:href="streets/3689">
      <key>3689</key>
      <name>University Crescent</name>
      <type abbr="Cres">Crescent</type>
    </cross-street>
    <centre>
      <utm zone="14U">
        <x>633859</x>
        <y>5518692</y>
      </utm>
      <geographic>
        <latitude>49.80573</latitude>
        <longitude>-97.13964</longitude>
      </geographic>
    </centre>
  </stop>
  <stop xlink:href="stops/61118">
    <key>61118</key>
    <name>Westbound Dafoe at RH Way</name>
    <number>61118</number>
    <direction abbr="WB">Westbound</direction>
    <side abbr="NS">Nearside</side>
    <street xlink:href="streets/951">
      <key>951</key>
      <name>Dafoe Road</name>
      <type abbr="Rd">Road</type>
      <leg abbr="W">West</leg>
    </street>
    <cross-street xlink:href="streets/3278">
      <key>3278</key>
      <name>Service 2 Street</name>
      <type abbr="St">Street</type>
      <leg abbr="SW">Southwest</leg>
    </cross-street>
    <centre>
      <utm zone="14U">
        <x>633631</x>
        <y>5518561</y>
      </utm>
      <geographic>
        <latitude>49.80461</latitude>
        <longitude>-97.14285</longitude>
      </geographic>
    </centre>
  </stop>
  <stop xlink:href="stops/61119">
    <key>61119</key>
    <name>Westbound Innovation at Research</name>
    <number>61119</number>
    <direction abbr="WB">Westbound</direction>
    <side abbr="NS">Nearside</side>
    <street xlink:href="streets/4144">
      <key>4144</key>
      <name>Innovation Drive</name>
      <type abbr="Dr">Drive</type>
    </street>
    <cross-street xlink:href="streets/4145">
      <key>4145</key>
      <name>Research Road</name>
      <type abbr="Rd">Road</type>
    </cross-street>
    <centre>
      <utm zone="14U">
        <x>633328</x>
        <y>5518374</y>
      </utm>
      <geographic>
        <latitude>49.80299</latitude>
        <longitude>-97.14713</longitude>
      </geographic>
    </centre>
  </stop>
  <stop xlink:href="stops/61120">
    <key>61120</key>
    <name>Northbound Research at Chancellor Matheson</name>
    <number>61120</number>
    <direction abbr="NB">Northbound</direction>
    <side abbr="NS">Nearside</side>
    <street xlink:href="streets/4145">
      <key>4145</key>
      <name>Research Road</name>
      <type abbr="Rd">Road</type>
    </street>
    <cross-street xlink:href="streets/715">
      <key>715</key>
      <name>Chancellor Matheson Road</name>
      <type abbr="Rd">Road</type>
    </cross-street>
    <centre>
      <utm zone="14U">
        <x>633177</x>
        <y>5518407</y>
      </utm>
      <geographic>
        <latitude>49.80332</latitude>
        <longitude>-97.14921</longitude>
      </geographic>
    </centre>
  </stop>
</stops>
