<?xml version="1.0" encoding="UTF-8"?>
<variants xmlns:xlink="http://www.w3.org/1999/xlink" xlink:base="" query-time="2024-07-11T07:29:03">
  <variant xlink:href="variants/60-1-D">
    <key>60-1-D</key>
    <name>Pembina to Downtown</name>
    <description/>
    <destinations xlink:href="variants/60-1-D/destinations"/>
  </variant>
  <variant xlink:href="variants/60-0-U">
    <key>60-0-U</key>
    <name>Pembina to University of Manitoba</name>
    <description/>
    <destinations xlink:href="variants/60-0-U/destinations"/>
  </variant>
</variants>
