<?xml version="1.0" encoding="UTF-8"?>
<variants xmlns:xlink="http://www.w3.org/1999/xlink" xlink:base="" query-time="2024-07-11T07:29:19">
  <variant xlink:href="variants/BLUE-0-S">
    <key>BLUE-0-S</key>
    <name>BLUE to St. Norbert</name>
    <description/>
    <destinations xlink:href="variants/BLUE-0-S/destinations"/>
  </variant>
  <variant xlink:href="variants/BLUE-1-D">
    <key>BLUE-1-D</key>
    <name>BLUE to Downtown</name>
    <description/>
    <destinations xlink:href="variants/BLUE-1-D/destinations"/>
  </variant>
  <variant xlink:href="variants/BLUE-0-U">
    <key>BLUE-0-U</key>
    <name>BLUE to University of Manitoba</name>
    <description/>
    <destinations xlink:href="variants/BLUE-0-U/destinations"/>
  </variant>
</variants>
