<?xml version="1.0" encoding="UTF-8"?>
<variants xmlns:xlink="http://www.w3.org/1999/xlink" xlink:base="" query-time="2024-07-11T07:28:49">
  <variant xlink:href="variants/33-0-M">
    <key>33-0-M</key>
    <name>Maples to Maples via Mapleglen</name>
    <description/>
    <destinations xlink:href="variants/33-0-M/destinations"/>
  </variant>
  <variant xlink:href="variants/33-1-D">
    <key>33-1-D</key>
    <name>Maples to Downtown</name>
    <description/>
    <destinations xlink:href="variants/33-1-D/destinations"/>
  </variant>
  <variant xlink:href="variants/33-0-J">
    <key>33-0-J</key>
    <name>Maples to Maples via Jefferson</name>
    <description/>
    <destinations xlink:href="variants/33-0-J/destinations"/>
  </variant>
  <variant xlink:href="variants/33-1-D2">
    <key>33-1-D2</key>
    <name>to Downtown</name>
    <description/>
    <destinations xlink:href="variants/33-1-D2/destinations"/>
  </variant>
  <variant xlink:href="variants/33-1-Mc">
    <key>33-1-Mc</key>
    <name>Maples to McPhillips &amp; Mapleglen</name>
    <description/>
    <destinations xlink:href="variants/33-1-Mc/destinations"/>
  </variant>
</variants>
