<?xml version="1.0" encoding="UTF-8"?>
<variants xmlns:xlink="http://www.w3.org/1999/xlink" xlink:base="" query-time="2024-07-11T07:28:32">
  <variant xlink:href="variants/18-0-J">
    <key>18-0-J</key>
    <name>North Main-Corydon to Garden City Centre via Jefferson</name>
    <description/>
    <destinations xlink:href="variants/18-0-J/destinations"/>
  </variant>
  <variant xlink:href="variants/18-1-E">
    <key>18-1-E</key>
    <name>North Main-Corydon to Tuxedo</name>
    <description/>
    <destinations xlink:href="variants/18-1-E/destinations"/>
  </variant>
  <variant xlink:href="variants/18-0-R">
    <key>18-0-R</key>
    <name>North Main-Corydon to Riverbend</name>
    <description/>
    <destinations xlink:href="variants/18-0-R/destinations"/>
  </variant>
  <variant xlink:href="variants/18-1-C">
    <key>18-1-C</key>
    <name>North Main-Corydon to Corydon &amp; Cambridge</name>
    <description/>
    <destinations xlink:href="variants/18-1-C/destinations"/>
  </variant>
  <variant xlink:href="variants/18-0-T">
    <key>18-0-T</key>
    <name>North Main-Corydon to Main &amp; Templeton</name>
    <description/>
    <destinations xlink:href="variants/18-0-T/destinations"/>
  </variant>
  <variant xlink:href="variants/18-1-A">
    <key>18-1-A</key>
    <name>North Main-Corydon to Assiniboine Park</name>
    <description/>
    <destinations xlink:href="variants/18-1-A/destinations"/>
  </variant>
</variants>
