<?xml version="1.0" encoding="UTF-8"?>
<variants xmlns:xlink="http://www.w3.org/1999/xlink" xlink:base="" query-time="2024-07-10T15:56:46">
  <variant xlink:href="variants/16-0-B">
    <key>16-0-B</key>
    <name>Selkirk-Osborne to Tyndall Park via Burrows</name>
    <description/>
    <destinations xlink:href="variants/16-0-B/destinations"/>
  </variant>
  <variant xlink:href="variants/16-1-P">
    <key>16-1-P</key>
    <name>Selkirk-Osborne to Plaza Dr via St. Vital Centre</name>
    <description/>
    <destinations xlink:href="variants/16-1-P/destinations"/>
  </variant>
  <variant xlink:href="variants/16-0-M">
    <key>16-0-M</key>
    <name>Selkirk-Osborne to Tyndall Park via Manitoba</name>
    <description/>
    <destinations xlink:href="variants/16-0-M/destinations"/>
  </variant>
  <variant xlink:href="variants/16-1-%23%23">
    <key>16-1-##</key>
    <name>Selkirk-Osborne to Southdale Centre</name>
    <description/>
    <destinations xlink:href="variants/16-1-%23%23/destinations"/>
  </variant>
  <variant xlink:href="variants/16-1-V">
    <key>16-1-V</key>
    <name>Selkirk-Osborne to St.Vital Centre</name>
    <description/>
    <destinations xlink:href="variants/16-1-V/destinations"/>
  </variant>
  <variant xlink:href="variants/16-1-L">
    <key>16-1-L</key>
    <name>Selkirk-Osborne to Island Lakes via Southdale Centre</name>
    <description/>
    <destinations xlink:href="variants/16-1-L/destinations"/>
  </variant>
  <variant xlink:href="variants/16-1-K">
    <key>16-1-K</key>
    <name>Selkirk-Osborne to Kingston Row</name>
    <description/>
    <destinations xlink:href="variants/16-1-K/destinations"/>
  </variant>
  <variant xlink:href="variants/16-1-*">
    <key>16-1-*</key>
    <name>Selkirk-Osborne to Selkirk &amp; McPhillips</name>
    <description/>
    <destinations xlink:href="variants/16-1-*/destinations"/>
  </variant>
  <variant xlink:href="variants/16-0-*">
    <key>16-0-*</key>
    <name>Selkirk-Osborne to Selkirk &amp; McPhillips</name>
    <description/>
    <destinations xlink:href="variants/16-0-*/destinations"/>
  </variant>
  <variant xlink:href="variants/16-0-K">
    <key>16-0-K</key>
    <name>Selkirk-Osborne to Kingston Row</name>
    <description/>
    <destinations xlink:href="variants/16-0-K/destinations"/>
  </variant>
</variants>
